ISO-10303-21;
HEADER;
/* Generated by software containing ST-Developer
 * from STEP Tools, Inc. (www.steptools.com) 
 */

FILE_DESCRIPTION(
/* description */ (''),
/* implementation_level */ '2;1');

FILE_NAME(
/* name */ 
'SG90_PIP_Cable_Carrier_W10_H6_L200_P20_chamfer1x1_printcomponent.step',

/* time_stamp */ '2026-08-13T13:01:27+09:00',
/* author */ (''),
/* organization */ (''),
/* preprocessor_version */ 'ST-DEVELOPER v20.1',
/* originating_system */ 'Autodesk Translation Framework v15.8.0.0',
/* authorisation */ '');

FILE_SCHEMA (('AUTOMOTIVE_DESIGN { 1 0 10303 214 3 1 1 }'));
ENDSEC;

DATA;
#10=MECHANICAL_DESIGN_GEOMETRIC_PRESENTATION_REPRESENTATION('',(#13,#14,
#15,#16,#17,#18,#19,#20,#21,#22,#23),#17346);
#11=SHAPE_REPRESENTATION_RELATIONSHIP('SRR','None',#17353,#12);
#12=ADVANCED_BREP_SHAPE_REPRESENTATION('',(#24,#25,#26,#27,#28,#29,#30,
#31,#32,#33,#34),#17345);
#13=STYLED_ITEM('',(#17362),#24);
#14=STYLED_ITEM('',(#17362),#25);
#15=STYLED_ITEM('',(#17362),#26);
#16=STYLED_ITEM('',(#17362),#27);
#17=STYLED_ITEM('',(#17362),#28);
#18=STYLED_ITEM('',(#17362),#29);
#19=STYLED_ITEM('',(#17362),#30);
#20=STYLED_ITEM('',(#17362),#31);
#21=STYLED_ITEM('',(#17362),#32);
#22=STYLED_ITEM('',(#17362),#33);
#23=STYLED_ITEM('',(#17362),#34);
#24=MANIFOLD_SOLID_BREP('Printable_Link_01',#10936);
#25=MANIFOLD_SOLID_BREP('Printable_Link_02',#10937);
#26=MANIFOLD_SOLID_BREP('Printable_Link_03',#10938);
#27=MANIFOLD_SOLID_BREP('Printable_Link_04',#10939);
#28=MANIFOLD_SOLID_BREP('Printable_Link_05',#10940);
#29=MANIFOLD_SOLID_BREP('Printable_Link_06',#10941);
#30=MANIFOLD_SOLID_BREP('Printable_Link_07',#10942);
#31=MANIFOLD_SOLID_BREP('Printable_Link_08',#10943);
#32=MANIFOLD_SOLID_BREP('Printable_Link_09',#10944);
#33=MANIFOLD_SOLID_BREP('Printable_Link_10',#10945);
#34=MANIFOLD_SOLID_BREP('Printable_Link_11',#10946);
#35=FACE_BOUND('',#1142,.T.);
#36=FACE_BOUND('',#1154,.T.);
#37=FACE_BOUND('',#1160,.T.);
#38=FACE_BOUND('',#1182,.T.);
#39=FACE_BOUND('',#1184,.T.);
#40=FACE_BOUND('',#1188,.T.);
#41=FACE_BOUND('',#1197,.T.);
#42=FACE_BOUND('',#1209,.T.);
#43=FACE_BOUND('',#1215,.T.);
#44=FACE_BOUND('',#1237,.T.);
#45=FACE_BOUND('',#1239,.T.);
#46=FACE_BOUND('',#1243,.T.);
#47=FACE_BOUND('',#1252,.T.);
#48=FACE_BOUND('',#1264,.T.);
#49=FACE_BOUND('',#1270,.T.);
#50=FACE_BOUND('',#1292,.T.);
#51=FACE_BOUND('',#1294,.T.);
#52=FACE_BOUND('',#1298,.T.);
#53=FACE_BOUND('',#1307,.T.);
#54=FACE_BOUND('',#1319,.T.);
#55=FACE_BOUND('',#1325,.T.);
#56=FACE_BOUND('',#1347,.T.);
#57=FACE_BOUND('',#1349,.T.);
#58=FACE_BOUND('',#1353,.T.);
#59=FACE_BOUND('',#1362,.T.);
#60=FACE_BOUND('',#1374,.T.);
#61=FACE_BOUND('',#1380,.T.);
#62=FACE_BOUND('',#1402,.T.);
#63=FACE_BOUND('',#1404,.T.);
#64=FACE_BOUND('',#1408,.T.);
#65=FACE_BOUND('',#1417,.T.);
#66=FACE_BOUND('',#1429,.T.);
#67=FACE_BOUND('',#1435,.T.);
#68=FACE_BOUND('',#1457,.T.);
#69=FACE_BOUND('',#1459,.T.);
#70=FACE_BOUND('',#1463,.T.);
#71=FACE_BOUND('',#1472,.T.);
#72=FACE_BOUND('',#1484,.T.);
#73=FACE_BOUND('',#1490,.T.);
#74=FACE_BOUND('',#1512,.T.);
#75=FACE_BOUND('',#1514,.T.);
#76=FACE_BOUND('',#1518,.T.);
#77=FACE_BOUND('',#1527,.T.);
#78=FACE_BOUND('',#1539,.T.);
#79=FACE_BOUND('',#1545,.T.);
#80=FACE_BOUND('',#1567,.T.);
#81=FACE_BOUND('',#1569,.T.);
#82=FACE_BOUND('',#1573,.T.);
#83=FACE_BOUND('',#1582,.T.);
#84=FACE_BOUND('',#1594,.T.);
#85=FACE_BOUND('',#1600,.T.);
#86=FACE_BOUND('',#1622,.T.);
#87=FACE_BOUND('',#1624,.T.);
#88=FACE_BOUND('',#1628,.T.);
#89=FACE_BOUND('',#1637,.T.);
#90=FACE_BOUND('',#1649,.T.);
#91=FACE_BOUND('',#1655,.T.);
#92=FACE_BOUND('',#1677,.T.);
#93=FACE_BOUND('',#1679,.T.);
#94=FACE_BOUND('',#1683,.T.);
#95=FACE_BOUND('',#1692,.T.);
#96=FACE_BOUND('',#1704,.T.);
#97=FACE_BOUND('',#1710,.T.);
#98=FACE_BOUND('',#1732,.T.);
#99=FACE_BOUND('',#1734,.T.);
#100=FACE_BOUND('',#1738,.T.);
#101=PLANE('',#10964);
#102=PLANE('',#10965);
#103=PLANE('',#10966);
#104=PLANE('',#10967);
#105=PLANE('',#10968);
#106=PLANE('',#10969);
#107=PLANE('',#10970);
#108=PLANE('',#10971);
#109=PLANE('',#10972);
#110=PLANE('',#10973);
#111=PLANE('',#10974);
#112=PLANE('',#10975);
#113=PLANE('',#10979);
#114=PLANE('',#10980);
#115=PLANE('',#10981);
#116=PLANE('',#10985);
#117=PLANE('',#10986);
#118=PLANE('',#10987);
#119=PLANE('',#10988);
#120=PLANE('',#10989);
#121=PLANE('',#10990);
#122=PLANE('',#10991);
#123=PLANE('',#10992);
#124=PLANE('',#10993);
#125=PLANE('',#10994);
#126=PLANE('',#10995);
#127=PLANE('',#10996);
#128=PLANE('',#10997);
#129=PLANE('',#10998);
#130=PLANE('',#10999);
#131=PLANE('',#11000);
#132=PLANE('',#11001);
#133=PLANE('',#11002);
#134=PLANE('',#11003);
#135=PLANE('',#11004);
#136=PLANE('',#11005);
#137=PLANE('',#11006);
#138=PLANE('',#11007);
#139=PLANE('',#11008);
#140=PLANE('',#11009);
#141=PLANE('',#11010);
#142=PLANE('',#11011);
#143=PLANE('',#11012);
#144=PLANE('',#11013);
#145=PLANE('',#11014);
#146=PLANE('',#11019);
#147=PLANE('',#11020);
#148=PLANE('',#11021);
#149=PLANE('',#11022);
#150=PLANE('',#11023);
#151=PLANE('',#11024);
#152=PLANE('',#11025);
#153=PLANE('',#11026);
#154=PLANE('',#11027);
#155=PLANE('',#11028);
#156=PLANE('',#11029);
#157=PLANE('',#11030);
#158=PLANE('',#11034);
#159=PLANE('',#11035);
#160=PLANE('',#11036);
#161=PLANE('',#11040);
#162=PLANE('',#11041);
#163=PLANE('',#11042);
#164=PLANE('',#11043);
#165=PLANE('',#11044);
#166=PLANE('',#11045);
#167=PLANE('',#11046);
#168=PLANE('',#11047);
#169=PLANE('',#11048);
#170=PLANE('',#11049);
#171=PLANE('',#11050);
#172=PLANE('',#11051);
#173=PLANE('',#11052);
#174=PLANE('',#11053);
#175=PLANE('',#11054);
#176=PLANE('',#11055);
#177=PLANE('',#11056);
#178=PLANE('',#11057);
#179=PLANE('',#11058);
#180=PLANE('',#11059);
#181=PLANE('',#11060);
#182=PLANE('',#11061);
#183=PLANE('',#11062);
#184=PLANE('',#11063);
#185=PLANE('',#11064);
#186=PLANE('',#11065);
#187=PLANE('',#11066);
#188=PLANE('',#11067);
#189=PLANE('',#11068);
#190=PLANE('',#11069);
#191=PLANE('',#11074);
#192=PLANE('',#11075);
#193=PLANE('',#11076);
#194=PLANE('',#11077);
#195=PLANE('',#11078);
#196=PLANE('',#11079);
#197=PLANE('',#11080);
#198=PLANE('',#11081);
#199=PLANE('',#11082);
#200=PLANE('',#11083);
#201=PLANE('',#11084);
#202=PLANE('',#11085);
#203=PLANE('',#11089);
#204=PLANE('',#11090);
#205=PLANE('',#11091);
#206=PLANE('',#11095);
#207=PLANE('',#11096);
#208=PLANE('',#11097);
#209=PLANE('',#11098);
#210=PLANE('',#11099);
#211=PLANE('',#11100);
#212=PLANE('',#11101);
#213=PLANE('',#11102);
#214=PLANE('',#11103);
#215=PLANE('',#11104);
#216=PLANE('',#11105);
#217=PLANE('',#11106);
#218=PLANE('',#11107);
#219=PLANE('',#11108);
#220=PLANE('',#11109);
#221=PLANE('',#11110);
#222=PLANE('',#11111);
#223=PLANE('',#11112);
#224=PLANE('',#11113);
#225=PLANE('',#11114);
#226=PLANE('',#11115);
#227=PLANE('',#11116);
#228=PLANE('',#11117);
#229=PLANE('',#11118);
#230=PLANE('',#11119);
#231=PLANE('',#11120);
#232=PLANE('',#11121);
#233=PLANE('',#11122);
#234=PLANE('',#11123);
#235=PLANE('',#11124);
#236=PLANE('',#11129);
#237=PLANE('',#11130);
#238=PLANE('',#11131);
#239=PLANE('',#11132);
#240=PLANE('',#11133);
#241=PLANE('',#11134);
#242=PLANE('',#11135);
#243=PLANE('',#11136);
#244=PLANE('',#11137);
#245=PLANE('',#11138);
#246=PLANE('',#11139);
#247=PLANE('',#11140);
#248=PLANE('',#11144);
#249=PLANE('',#11145);
#250=PLANE('',#11146);
#251=PLANE('',#11150);
#252=PLANE('',#11151);
#253=PLANE('',#11152);
#254=PLANE('',#11153);
#255=PLANE('',#11154);
#256=PLANE('',#11155);
#257=PLANE('',#11156);
#258=PLANE('',#11157);
#259=PLANE('',#11158);
#260=PLANE('',#11159);
#261=PLANE('',#11160);
#262=PLANE('',#11161);
#263=PLANE('',#11162);
#264=PLANE('',#11163);
#265=PLANE('',#11164);
#266=PLANE('',#11165);
#267=PLANE('',#11166);
#268=PLANE('',#11167);
#269=PLANE('',#11168);
#270=PLANE('',#11169);
#271=PLANE('',#11170);
#272=PLANE('',#11171);
#273=PLANE('',#11172);
#274=PLANE('',#11173);
#275=PLANE('',#11174);
#276=PLANE('',#11175);
#277=PLANE('',#11176);
#278=PLANE('',#11177);
#279=PLANE('',#11178);
#280=PLANE('',#11179);
#281=PLANE('',#11184);
#282=PLANE('',#11185);
#283=PLANE('',#11186);
#284=PLANE('',#11187);
#285=PLANE('',#11188);
#286=PLANE('',#11189);
#287=PLANE('',#11190);
#288=PLANE('',#11191);
#289=PLANE('',#11192);
#290=PLANE('',#11193);
#291=PLANE('',#11194);
#292=PLANE('',#11195);
#293=PLANE('',#11199);
#294=PLANE('',#11200);
#295=PLANE('',#11201);
#296=PLANE('',#11205);
#297=PLANE('',#11206);
#298=PLANE('',#11207);
#299=PLANE('',#11208);
#300=PLANE('',#11209);
#301=PLANE('',#11210);
#302=PLANE('',#11211);
#303=PLANE('',#11212);
#304=PLANE('',#11213);
#305=PLANE('',#11214);
#306=PLANE('',#11215);
#307=PLANE('',#11216);
#308=PLANE('',#11217);
#309=PLANE('',#11218);
#310=PLANE('',#11219);
#311=PLANE('',#11220);
#312=PLANE('',#11221);
#313=PLANE('',#11222);
#314=PLANE('',#11223);
#315=PLANE('',#11224);
#316=PLANE('',#11225);
#317=PLANE('',#11226);
#318=PLANE('',#11227);
#319=PLANE('',#11228);
#320=PLANE('',#11229);
#321=PLANE('',#11230);
#322=PLANE('',#11231);
#323=PLANE('',#11232);
#324=PLANE('',#11233);
#325=PLANE('',#11234);
#326=PLANE('',#11239);
#327=PLANE('',#11240);
#328=PLANE('',#11241);
#329=PLANE('',#11242);
#330=PLANE('',#11243);
#331=PLANE('',#11244);
#332=PLANE('',#11245);
#333=PLANE('',#11246);
#334=PLANE('',#11247);
#335=PLANE('',#11248);
#336=PLANE('',#11249);
#337=PLANE('',#11250);
#338=PLANE('',#11254);
#339=PLANE('',#11255);
#340=PLANE('',#11256);
#341=PLANE('',#11260);
#342=PLANE('',#11261);
#343=PLANE('',#11262);
#344=PLANE('',#11263);
#345=PLANE('',#11264);
#346=PLANE('',#11265);
#347=PLANE('',#11266);
#348=PLANE('',#11267);
#349=PLANE('',#11268);
#350=PLANE('',#11269);
#351=PLANE('',#11270);
#352=PLANE('',#11271);
#353=PLANE('',#11272);
#354=PLANE('',#11273);
#355=PLANE('',#11274);
#356=PLANE('',#11275);
#357=PLANE('',#11276);
#358=PLANE('',#11277);
#359=PLANE('',#11278);
#360=PLANE('',#11279);
#361=PLANE('',#11280);
#362=PLANE('',#11281);
#363=PLANE('',#11282);
#364=PLANE('',#11283);
#365=PLANE('',#11284);
#366=PLANE('',#11285);
#367=PLANE('',#11286);
#368=PLANE('',#11287);
#369=PLANE('',#11288);
#370=PLANE('',#11289);
#371=PLANE('',#11294);
#372=PLANE('',#11295);
#373=PLANE('',#11296);
#374=PLANE('',#11297);
#375=PLANE('',#11298);
#376=PLANE('',#11299);
#377=PLANE('',#11300);
#378=PLANE('',#11301);
#379=PLANE('',#11302);
#380=PLANE('',#11303);
#381=PLANE('',#11304);
#382=PLANE('',#11305);
#383=PLANE('',#11309);
#384=PLANE('',#11310);
#385=PLANE('',#11311);
#386=PLANE('',#11315);
#387=PLANE('',#11316);
#388=PLANE('',#11317);
#389=PLANE('',#11318);
#390=PLANE('',#11319);
#391=PLANE('',#11320);
#392=PLANE('',#11321);
#393=PLANE('',#11322);
#394=PLANE('',#11323);
#395=PLANE('',#11324);
#396=PLANE('',#11325);
#397=PLANE('',#11326);
#398=PLANE('',#11327);
#399=PLANE('',#11328);
#400=PLANE('',#11329);
#401=PLANE('',#11330);
#402=PLANE('',#11331);
#403=PLANE('',#11332);
#404=PLANE('',#11333);
#405=PLANE('',#11334);
#406=PLANE('',#11335);
#407=PLANE('',#11336);
#408=PLANE('',#11337);
#409=PLANE('',#11338);
#410=PLANE('',#11339);
#411=PLANE('',#11340);
#412=PLANE('',#11341);
#413=PLANE('',#11342);
#414=PLANE('',#11343);
#415=PLANE('',#11344);
#416=PLANE('',#11349);
#417=PLANE('',#11350);
#418=PLANE('',#11351);
#419=PLANE('',#11352);
#420=PLANE('',#11353);
#421=PLANE('',#11354);
#422=PLANE('',#11355);
#423=PLANE('',#11356);
#424=PLANE('',#11357);
#425=PLANE('',#11358);
#426=PLANE('',#11359);
#427=PLANE('',#11360);
#428=PLANE('',#11364);
#429=PLANE('',#11365);
#430=PLANE('',#11366);
#431=PLANE('',#11370);
#432=PLANE('',#11371);
#433=PLANE('',#11372);
#434=PLANE('',#11373);
#435=PLANE('',#11374);
#436=PLANE('',#11375);
#437=PLANE('',#11376);
#438=PLANE('',#11377);
#439=PLANE('',#11378);
#440=PLANE('',#11379);
#441=PLANE('',#11380);
#442=PLANE('',#11381);
#443=PLANE('',#11382);
#444=PLANE('',#11383);
#445=PLANE('',#11384);
#446=PLANE('',#11385);
#447=PLANE('',#11386);
#448=PLANE('',#11387);
#449=PLANE('',#11388);
#450=PLANE('',#11389);
#451=PLANE('',#11390);
#452=PLANE('',#11391);
#453=PLANE('',#11392);
#454=PLANE('',#11393);
#455=PLANE('',#11394);
#456=PLANE('',#11395);
#457=PLANE('',#11396);
#458=PLANE('',#11397);
#459=PLANE('',#11398);
#460=PLANE('',#11399);
#461=PLANE('',#11404);
#462=PLANE('',#11405);
#463=PLANE('',#11406);
#464=PLANE('',#11407);
#465=PLANE('',#11408);
#466=PLANE('',#11409);
#467=PLANE('',#11410);
#468=PLANE('',#11411);
#469=PLANE('',#11412);
#470=PLANE('',#11413);
#471=PLANE('',#11414);
#472=PLANE('',#11415);
#473=PLANE('',#11419);
#474=PLANE('',#11420);
#475=PLANE('',#11421);
#476=PLANE('',#11425);
#477=PLANE('',#11426);
#478=PLANE('',#11427);
#479=PLANE('',#11428);
#480=PLANE('',#11429);
#481=PLANE('',#11430);
#482=PLANE('',#11431);
#483=PLANE('',#11432);
#484=PLANE('',#11433);
#485=PLANE('',#11434);
#486=PLANE('',#11435);
#487=PLANE('',#11436);
#488=PLANE('',#11437);
#489=PLANE('',#11438);
#490=PLANE('',#11439);
#491=PLANE('',#11440);
#492=PLANE('',#11441);
#493=PLANE('',#11442);
#494=PLANE('',#11443);
#495=PLANE('',#11444);
#496=PLANE('',#11445);
#497=PLANE('',#11446);
#498=PLANE('',#11447);
#499=PLANE('',#11448);
#500=PLANE('',#11449);
#501=PLANE('',#11450);
#502=PLANE('',#11451);
#503=PLANE('',#11452);
#504=PLANE('',#11453);
#505=PLANE('',#11454);
#506=PLANE('',#11459);
#507=PLANE('',#11460);
#508=PLANE('',#11461);
#509=PLANE('',#11462);
#510=PLANE('',#11463);
#511=PLANE('',#11464);
#512=PLANE('',#11465);
#513=PLANE('',#11466);
#514=PLANE('',#11467);
#515=PLANE('',#11468);
#516=PLANE('',#11469);
#517=PLANE('',#11470);
#518=PLANE('',#11474);
#519=PLANE('',#11475);
#520=PLANE('',#11476);
#521=PLANE('',#11480);
#522=PLANE('',#11481);
#523=PLANE('',#11482);
#524=PLANE('',#11483);
#525=PLANE('',#11484);
#526=PLANE('',#11485);
#527=PLANE('',#11486);
#528=PLANE('',#11487);
#529=PLANE('',#11488);
#530=PLANE('',#11489);
#531=PLANE('',#11490);
#532=PLANE('',#11491);
#533=PLANE('',#11492);
#534=PLANE('',#11493);
#535=PLANE('',#11494);
#536=PLANE('',#11495);
#537=PLANE('',#11496);
#538=PLANE('',#11497);
#539=PLANE('',#11498);
#540=PLANE('',#11499);
#541=PLANE('',#11500);
#542=PLANE('',#11501);
#543=PLANE('',#11502);
#544=PLANE('',#11503);
#545=PLANE('',#11504);
#546=PLANE('',#11505);
#547=PLANE('',#11506);
#548=PLANE('',#11507);
#549=PLANE('',#11508);
#550=PLANE('',#11509);
#551=PLANE('',#11514);
#552=PLANE('',#11515);
#553=PLANE('',#11516);
#554=PLANE('',#11517);
#555=PLANE('',#11518);
#556=PLANE('',#11519);
#557=PLANE('',#11520);
#558=PLANE('',#11521);
#559=PLANE('',#11522);
#560=PLANE('',#11523);
#561=PLANE('',#11524);
#562=PLANE('',#11525);
#563=PLANE('',#11529);
#564=PLANE('',#11530);
#565=PLANE('',#11531);
#566=PLANE('',#11535);
#567=PLANE('',#11536);
#568=PLANE('',#11537);
#569=PLANE('',#11538);
#570=PLANE('',#11539);
#571=PLANE('',#11540);
#572=PLANE('',#11541);
#573=PLANE('',#11542);
#574=PLANE('',#11543);
#575=PLANE('',#11544);
#576=PLANE('',#11545);
#577=PLANE('',#11546);
#578=PLANE('',#11547);
#579=PLANE('',#11548);
#580=PLANE('',#11549);
#581=PLANE('',#11550);
#582=PLANE('',#11551);
#583=PLANE('',#11552);
#584=PLANE('',#11553);
#585=PLANE('',#11554);
#586=PLANE('',#11555);
#587=PLANE('',#11556);
#588=PLANE('',#11557);
#589=PLANE('',#11558);
#590=PLANE('',#11559);
#591=PLANE('',#11560);
#592=PLANE('',#11561);
#593=PLANE('',#11562);
#594=PLANE('',#11563);
#595=PLANE('',#11564);
#596=FACE_OUTER_BOUND('',#1135,.T.);
#597=FACE_OUTER_BOUND('',#1136,.T.);
#598=FACE_OUTER_BOUND('',#1137,.T.);
#599=FACE_OUTER_BOUND('',#1138,.T.);
#600=FACE_OUTER_BOUND('',#1139,.T.);
#601=FACE_OUTER_BOUND('',#1140,.T.);
#602=FACE_OUTER_BOUND('',#1141,.T.);
#603=FACE_OUTER_BOUND('',#1143,.T.);
#604=FACE_OUTER_BOUND('',#1144,.T.);
#605=FACE_OUTER_BOUND('',#1145,.T.);
#606=FACE_OUTER_BOUND('',#1146,.T.);
#607=FACE_OUTER_BOUND('',#1147,.T.);
#608=FACE_OUTER_BOUND('',#1148,.T.);
#609=FACE_OUTER_BOUND('',#1149,.T.);
#610=FACE_OUTER_BOUND('',#1150,.T.);
#611=FACE_OUTER_BOUND('',#1151,.T.);
#612=FACE_OUTER_BOUND('',#1152,.T.);
#613=FACE_OUTER_BOUND('',#1153,.T.);
#614=FACE_OUTER_BOUND('',#1155,.T.);
#615=FACE_OUTER_BOUND('',#1156,.T.);
#616=FACE_OUTER_BOUND('',#1157,.T.);
#617=FACE_OUTER_BOUND('',#1158,.T.);
#618=FACE_OUTER_BOUND('',#1159,.T.);
#619=FACE_OUTER_BOUND('',#1161,.T.);
#620=FACE_OUTER_BOUND('',#1162,.T.);
#621=FACE_OUTER_BOUND('',#1163,.T.);
#622=FACE_OUTER_BOUND('',#1164,.T.);
#623=FACE_OUTER_BOUND('',#1165,.T.);
#624=FACE_OUTER_BOUND('',#1166,.T.);
#625=FACE_OUTER_BOUND('',#1167,.T.);
#626=FACE_OUTER_BOUND('',#1168,.T.);
#627=FACE_OUTER_BOUND('',#1169,.T.);
#628=FACE_OUTER_BOUND('',#1170,.T.);
#629=FACE_OUTER_BOUND('',#1171,.T.);
#630=FACE_OUTER_BOUND('',#1172,.T.);
#631=FACE_OUTER_BOUND('',#1173,.T.);
#632=FACE_OUTER_BOUND('',#1174,.T.);
#633=FACE_OUTER_BOUND('',#1175,.T.);
#634=FACE_OUTER_BOUND('',#1176,.T.);
#635=FACE_OUTER_BOUND('',#1177,.T.);
#636=FACE_OUTER_BOUND('',#1178,.T.);
#637=FACE_OUTER_BOUND('',#1179,.T.);
#638=FACE_OUTER_BOUND('',#1180,.T.);
#639=FACE_OUTER_BOUND('',#1181,.T.);
#640=FACE_OUTER_BOUND('',#1183,.T.);
#641=FACE_OUTER_BOUND('',#1185,.T.);
#642=FACE_OUTER_BOUND('',#1186,.T.);
#643=FACE_OUTER_BOUND('',#1187,.T.);
#644=FACE_OUTER_BOUND('',#1189,.T.);
#645=FACE_OUTER_BOUND('',#1190,.T.);
#646=FACE_OUTER_BOUND('',#1191,.T.);
#647=FACE_OUTER_BOUND('',#1192,.T.);
#648=FACE_OUTER_BOUND('',#1193,.T.);
#649=FACE_OUTER_BOUND('',#1194,.T.);
#650=FACE_OUTER_BOUND('',#1195,.T.);
#651=FACE_OUTER_BOUND('',#1196,.T.);
#652=FACE_OUTER_BOUND('',#1198,.T.);
#653=FACE_OUTER_BOUND('',#1199,.T.);
#654=FACE_OUTER_BOUND('',#1200,.T.);
#655=FACE_OUTER_BOUND('',#1201,.T.);
#656=FACE_OUTER_BOUND('',#1202,.T.);
#657=FACE_OUTER_BOUND('',#1203,.T.);
#658=FACE_OUTER_BOUND('',#1204,.T.);
#659=FACE_OUTER_BOUND('',#1205,.T.);
#660=FACE_OUTER_BOUND('',#1206,.T.);
#661=FACE_OUTER_BOUND('',#1207,.T.);
#662=FACE_OUTER_BOUND('',#1208,.T.);
#663=FACE_OUTER_BOUND('',#1210,.T.);
#664=FACE_OUTER_BOUND('',#1211,.T.);
#665=FACE_OUTER_BOUND('',#1212,.T.);
#666=FACE_OUTER_BOUND('',#1213,.T.);
#667=FACE_OUTER_BOUND('',#1214,.T.);
#668=FACE_OUTER_BOUND('',#1216,.T.);
#669=FACE_OUTER_BOUND('',#1217,.T.);
#670=FACE_OUTER_BOUND('',#1218,.T.);
#671=FACE_OUTER_BOUND('',#1219,.T.);
#672=FACE_OUTER_BOUND('',#1220,.T.);
#673=FACE_OUTER_BOUND('',#1221,.T.);
#674=FACE_OUTER_BOUND('',#1222,.T.);
#675=FACE_OUTER_BOUND('',#1223,.T.);
#676=FACE_OUTER_BOUND('',#1224,.T.);
#677=FACE_OUTER_BOUND('',#1225,.T.);
#678=FACE_OUTER_BOUND('',#1226,.T.);
#679=FACE_OUTER_BOUND('',#1227,.T.);
#680=FACE_OUTER_BOUND('',#1228,.T.);
#681=FACE_OUTER_BOUND('',#1229,.T.);
#682=FACE_OUTER_BOUND('',#1230,.T.);
#683=FACE_OUTER_BOUND('',#1231,.T.);
#684=FACE_OUTER_BOUND('',#1232,.T.);
#685=FACE_OUTER_BOUND('',#1233,.T.);
#686=FACE_OUTER_BOUND('',#1234,.T.);
#687=FACE_OUTER_BOUND('',#1235,.T.);
#688=FACE_OUTER_BOUND('',#1236,.T.);
#689=FACE_OUTER_BOUND('',#1238,.T.);
#690=FACE_OUTER_BOUND('',#1240,.T.);
#691=FACE_OUTER_BOUND('',#1241,.T.);
#692=FACE_OUTER_BOUND('',#1242,.T.);
#693=FACE_OUTER_BOUND('',#1244,.T.);
#694=FACE_OUTER_BOUND('',#1245,.T.);
#695=FACE_OUTER_BOUND('',#1246,.T.);
#696=FACE_OUTER_BOUND('',#1247,.T.);
#697=FACE_OUTER_BOUND('',#1248,.T.);
#698=FACE_OUTER_BOUND('',#1249,.T.);
#699=FACE_OUTER_BOUND('',#1250,.T.);
#700=FACE_OUTER_BOUND('',#1251,.T.);
#701=FACE_OUTER_BOUND('',#1253,.T.);
#702=FACE_OUTER_BOUND('',#1254,.T.);
#703=FACE_OUTER_BOUND('',#1255,.T.);
#704=FACE_OUTER_BOUND('',#1256,.T.);
#705=FACE_OUTER_BOUND('',#1257,.T.);
#706=FACE_OUTER_BOUND('',#1258,.T.);
#707=FACE_OUTER_BOUND('',#1259,.T.);
#708=FACE_OUTER_BOUND('',#1260,.T.);
#709=FACE_OUTER_BOUND('',#1261,.T.);
#710=FACE_OUTER_BOUND('',#1262,.T.);
#711=FACE_OUTER_BOUND('',#1263,.T.);
#712=FACE_OUTER_BOUND('',#1265,.T.);
#713=FACE_OUTER_BOUND('',#1266,.T.);
#714=FACE_OUTER_BOUND('',#1267,.T.);
#715=FACE_OUTER_BOUND('',#1268,.T.);
#716=FACE_OUTER_BOUND('',#1269,.T.);
#717=FACE_OUTER_BOUND('',#1271,.T.);
#718=FACE_OUTER_BOUND('',#1272,.T.);
#719=FACE_OUTER_BOUND('',#1273,.T.);
#720=FACE_OUTER_BOUND('',#1274,.T.);
#721=FACE_OUTER_BOUND('',#1275,.T.);
#722=FACE_OUTER_BOUND('',#1276,.T.);
#723=FACE_OUTER_BOUND('',#1277,.T.);
#724=FACE_OUTER_BOUND('',#1278,.T.);
#725=FACE_OUTER_BOUND('',#1279,.T.);
#726=FACE_OUTER_BOUND('',#1280,.T.);
#727=FACE_OUTER_BOUND('',#1281,.T.);
#728=FACE_OUTER_BOUND('',#1282,.T.);
#729=FACE_OUTER_BOUND('',#1283,.T.);
#730=FACE_OUTER_BOUND('',#1284,.T.);
#731=FACE_OUTER_BOUND('',#1285,.T.);
#732=FACE_OUTER_BOUND('',#1286,.T.);
#733=FACE_OUTER_BOUND('',#1287,.T.);
#734=FACE_OUTER_BOUND('',#1288,.T.);
#735=FACE_OUTER_BOUND('',#1289,.T.);
#736=FACE_OUTER_BOUND('',#1290,.T.);
#737=FACE_OUTER_BOUND('',#1291,.T.);
#738=FACE_OUTER_BOUND('',#1293,.T.);
#739=FACE_OUTER_BOUND('',#1295,.T.);
#740=FACE_OUTER_BOUND('',#1296,.T.);
#741=FACE_OUTER_BOUND('',#1297,.T.);
#742=FACE_OUTER_BOUND('',#1299,.T.);
#743=FACE_OUTER_BOUND('',#1300,.T.);
#744=FACE_OUTER_BOUND('',#1301,.T.);
#745=FACE_OUTER_BOUND('',#1302,.T.);
#746=FACE_OUTER_BOUND('',#1303,.T.);
#747=FACE_OUTER_BOUND('',#1304,.T.);
#748=FACE_OUTER_BOUND('',#1305,.T.);
#749=FACE_OUTER_BOUND('',#1306,.T.);
#750=FACE_OUTER_BOUND('',#1308,.T.);
#751=FACE_OUTER_BOUND('',#1309,.T.);
#752=FACE_OUTER_BOUND('',#1310,.T.);
#753=FACE_OUTER_BOUND('',#1311,.T.);
#754=FACE_OUTER_BOUND('',#1312,.T.);
#755=FACE_OUTER_BOUND('',#1313,.T.);
#756=FACE_OUTER_BOUND('',#1314,.T.);
#757=FACE_OUTER_BOUND('',#1315,.T.);
#758=FACE_OUTER_BOUND('',#1316,.T.);
#759=FACE_OUTER_BOUND('',#1317,.T.);
#760=FACE_OUTER_BOUND('',#1318,.T.);
#761=FACE_OUTER_BOUND('',#1320,.T.);
#762=FACE_OUTER_BOUND('',#1321,.T.);
#763=FACE_OUTER_BOUND('',#1322,.T.);
#764=FACE_OUTER_BOUND('',#1323,.T.);
#765=FACE_OUTER_BOUND('',#1324,.T.);
#766=FACE_OUTER_BOUND('',#1326,.T.);
#767=FACE_OUTER_BOUND('',#1327,.T.);
#768=FACE_OUTER_BOUND('',#1328,.T.);
#769=FACE_OUTER_BOUND('',#1329,.T.);
#770=FACE_OUTER_BOUND('',#1330,.T.);
#771=FACE_OUTER_BOUND('',#1331,.T.);
#772=FACE_OUTER_BOUND('',#1332,.T.);
#773=FACE_OUTER_BOUND('',#1333,.T.);
#774=FACE_OUTER_BOUND('',#1334,.T.);
#775=FACE_OUTER_BOUND('',#1335,.T.);
#776=FACE_OUTER_BOUND('',#1336,.T.);
#777=FACE_OUTER_BOUND('',#1337,.T.);
#778=FACE_OUTER_BOUND('',#1338,.T.);
#779=FACE_OUTER_BOUND('',#1339,.T.);
#780=FACE_OUTER_BOUND('',#1340,.T.);
#781=FACE_OUTER_BOUND('',#1341,.T.);
#782=FACE_OUTER_BOUND('',#1342,.T.);
#783=FACE_OUTER_BOUND('',#1343,.T.);
#784=FACE_OUTER_BOUND('',#1344,.T.);
#785=FACE_OUTER_BOUND('',#1345,.T.);
#786=FACE_OUTER_BOUND('',#1346,.T.);
#787=FACE_OUTER_BOUND('',#1348,.T.);
#788=FACE_OUTER_BOUND('',#1350,.T.);
#789=FACE_OUTER_BOUND('',#1351,.T.);
#790=FACE_OUTER_BOUND('',#1352,.T.);
#791=FACE_OUTER_BOUND('',#1354,.T.);
#792=FACE_OUTER_BOUND('',#1355,.T.);
#793=FACE_OUTER_BOUND('',#1356,.T.);
#794=FACE_OUTER_BOUND('',#1357,.T.);
#795=FACE_OUTER_BOUND('',#1358,.T.);
#796=FACE_OUTER_BOUND('',#1359,.T.);
#797=FACE_OUTER_BOUND('',#1360,.T.);
#798=FACE_OUTER_BOUND('',#1361,.T.);
#799=FACE_OUTER_BOUND('',#1363,.T.);
#800=FACE_OUTER_BOUND('',#1364,.T.);
#801=FACE_OUTER_BOUND('',#1365,.T.);
#802=FACE_OUTER_BOUND('',#1366,.T.);
#803=FACE_OUTER_BOUND('',#1367,.T.);
#804=FACE_OUTER_BOUND('',#1368,.T.);
#805=FACE_OUTER_BOUND('',#1369,.T.);
#806=FACE_OUTER_BOUND('',#1370,.T.);
#807=FACE_OUTER_BOUND('',#1371,.T.);
#808=FACE_OUTER_BOUND('',#1372,.T.);
#809=FACE_OUTER_BOUND('',#1373,.T.);
#810=FACE_OUTER_BOUND('',#1375,.T.);
#811=FACE_OUTER_BOUND('',#1376,.T.);
#812=FACE_OUTER_BOUND('',#1377,.T.);
#813=FACE_OUTER_BOUND('',#1378,.T.);
#814=FACE_OUTER_BOUND('',#1379,.T.);
#815=FACE_OUTER_BOUND('',#1381,.T.);
#816=FACE_OUTER_BOUND('',#1382,.T.);
#817=FACE_OUTER_BOUND('',#1383,.T.);
#818=FACE_OUTER_BOUND('',#1384,.T.);
#819=FACE_OUTER_BOUND('',#1385,.T.);
#820=FACE_OUTER_BOUND('',#1386,.T.);
#821=FACE_OUTER_BOUND('',#1387,.T.);
#822=FACE_OUTER_BOUND('',#1388,.T.);
#823=FACE_OUTER_BOUND('',#1389,.T.);
#824=FACE_OUTER_BOUND('',#1390,.T.);
#825=FACE_OUTER_BOUND('',#1391,.T.);
#826=FACE_OUTER_BOUND('',#1392,.T.);
#827=FACE_OUTER_BOUND('',#1393,.T.);
#828=FACE_OUTER_BOUND('',#1394,.T.);
#829=FACE_OUTER_BOUND('',#1395,.T.);
#830=FACE_OUTER_BOUND('',#1396,.T.);
#831=FACE_OUTER_BOUND('',#1397,.T.);
#832=FACE_OUTER_BOUND('',#1398,.T.);
#833=FACE_OUTER_BOUND('',#1399,.T.);
#834=FACE_OUTER_BOUND('',#1400,.T.);
#835=FACE_OUTER_BOUND('',#1401,.T.);
#836=FACE_OUTER_BOUND('',#1403,.T.);
#837=FACE_OUTER_BOUND('',#1405,.T.);
#838=FACE_OUTER_BOUND('',#1406,.T.);
#839=FACE_OUTER_BOUND('',#1407,.T.);
#840=FACE_OUTER_BOUND('',#1409,.T.);
#841=FACE_OUTER_BOUND('',#1410,.T.);
#842=FACE_OUTER_BOUND('',#1411,.T.);
#843=FACE_OUTER_BOUND('',#1412,.T.);
#844=FACE_OUTER_BOUND('',#1413,.T.);
#845=FACE_OUTER_BOUND('',#1414,.T.);
#846=FACE_OUTER_BOUND('',#1415,.T.);
#847=FACE_OUTER_BOUND('',#1416,.T.);
#848=FACE_OUTER_BOUND('',#1418,.T.);
#849=FACE_OUTER_BOUND('',#1419,.T.);
#850=FACE_OUTER_BOUND('',#1420,.T.);
#851=FACE_OUTER_BOUND('',#1421,.T.);
#852=FACE_OUTER_BOUND('',#1422,.T.);
#853=FACE_OUTER_BOUND('',#1423,.T.);
#854=FACE_OUTER_BOUND('',#1424,.T.);
#855=FACE_OUTER_BOUND('',#1425,.T.);
#856=FACE_OUTER_BOUND('',#1426,.T.);
#857=FACE_OUTER_BOUND('',#1427,.T.);
#858=FACE_OUTER_BOUND('',#1428,.T.);
#859=FACE_OUTER_BOUND('',#1430,.T.);
#860=FACE_OUTER_BOUND('',#1431,.T.);
#861=FACE_OUTER_BOUND('',#1432,.T.);
#862=FACE_OUTER_BOUND('',#1433,.T.);
#863=FACE_OUTER_BOUND('',#1434,.T.);
#864=FACE_OUTER_BOUND('',#1436,.T.);
#865=FACE_OUTER_BOUND('',#1437,.T.);
#866=FACE_OUTER_BOUND('',#1438,.T.);
#867=FACE_OUTER_BOUND('',#1439,.T.);
#868=FACE_OUTER_BOUND('',#1440,.T.);
#869=FACE_OUTER_BOUND('',#1441,.T.);
#870=FACE_OUTER_BOUND('',#1442,.T.);
#871=FACE_OUTER_BOUND('',#1443,.T.);
#872=FACE_OUTER_BOUND('',#1444,.T.);
#873=FACE_OUTER_BOUND('',#1445,.T.);
#874=FACE_OUTER_BOUND('',#1446,.T.);
#875=FACE_OUTER_BOUND('',#1447,.T.);
#876=FACE_OUTER_BOUND('',#1448,.T.);
#877=FACE_OUTER_BOUND('',#1449,.T.);
#878=FACE_OUTER_BOUND('',#1450,.T.);
#879=FACE_OUTER_BOUND('',#1451,.T.);
#880=FACE_OUTER_BOUND('',#1452,.T.);
#881=FACE_OUTER_BOUND('',#1453,.T.);
#882=FACE_OUTER_BOUND('',#1454,.T.);
#883=FACE_OUTER_BOUND('',#1455,.T.);
#884=FACE_OUTER_BOUND('',#1456,.T.);
#885=FACE_OUTER_BOUND('',#1458,.T.);
#886=FACE_OUTER_BOUND('',#1460,.T.);
#887=FACE_OUTER_BOUND('',#1461,.T.);
#888=FACE_OUTER_BOUND('',#1462,.T.);
#889=FACE_OUTER_BOUND('',#1464,.T.);
#890=FACE_OUTER_BOUND('',#1465,.T.);
#891=FACE_OUTER_BOUND('',#1466,.T.);
#892=FACE_OUTER_BOUND('',#1467,.T.);
#893=FACE_OUTER_BOUND('',#1468,.T.);
#894=FACE_OUTER_BOUND('',#1469,.T.);
#895=FACE_OUTER_BOUND('',#1470,.T.);
#896=FACE_OUTER_BOUND('',#1471,.T.);
#897=FACE_OUTER_BOUND('',#1473,.T.);
#898=FACE_OUTER_BOUND('',#1474,.T.);
#899=FACE_OUTER_BOUND('',#1475,.T.);
#900=FACE_OUTER_BOUND('',#1476,.T.);
#901=FACE_OUTER_BOUND('',#1477,.T.);
#902=FACE_OUTER_BOUND('',#1478,.T.);
#903=FACE_OUTER_BOUND('',#1479,.T.);
#904=FACE_OUTER_BOUND('',#1480,.T.);
#905=FACE_OUTER_BOUND('',#1481,.T.);
#906=FACE_OUTER_BOUND('',#1482,.T.);
#907=FACE_OUTER_BOUND('',#1483,.T.);
#908=FACE_OUTER_BOUND('',#1485,.T.);
#909=FACE_OUTER_BOUND('',#1486,.T.);
#910=FACE_OUTER_BOUND('',#1487,.T.);
#911=FACE_OUTER_BOUND('',#1488,.T.);
#912=FACE_OUTER_BOUND('',#1489,.T.);
#913=FACE_OUTER_BOUND('',#1491,.T.);
#914=FACE_OUTER_BOUND('',#1492,.T.);
#915=FACE_OUTER_BOUND('',#1493,.T.);
#916=FACE_OUTER_BOUND('',#1494,.T.);
#917=FACE_OUTER_BOUND('',#1495,.T.);
#918=FACE_OUTER_BOUND('',#1496,.T.);
#919=FACE_OUTER_BOUND('',#1497,.T.);
#920=FACE_OUTER_BOUND('',#1498,.T.);
#921=FACE_OUTER_BOUND('',#1499,.T.);
#922=FACE_OUTER_BOUND('',#1500,.T.);
#923=FACE_OUTER_BOUND('',#1501,.T.);
#924=FACE_OUTER_BOUND('',#1502,.T.);
#925=FACE_OUTER_BOUND('',#1503,.T.);
#926=FACE_OUTER_BOUND('',#1504,.T.);
#927=FACE_OUTER_BOUND('',#1505,.T.);
#928=FACE_OUTER_BOUND('',#1506,.T.);
#929=FACE_OUTER_BOUND('',#1507,.T.);
#930=FACE_OUTER_BOUND('',#1508,.T.);
#931=FACE_OUTER_BOUND('',#1509,.T.);
#932=FACE_OUTER_BOUND('',#1510,.T.);
#933=FACE_OUTER_BOUND('',#1511,.T.);
#934=FACE_OUTER_BOUND('',#1513,.T.);
#935=FACE_OUTER_BOUND('',#1515,.T.);
#936=FACE_OUTER_BOUND('',#1516,.T.);
#937=FACE_OUTER_BOUND('',#1517,.T.);
#938=FACE_OUTER_BOUND('',#1519,.T.);
#939=FACE_OUTER_BOUND('',#1520,.T.);
#940=FACE_OUTER_BOUND('',#1521,.T.);
#941=FACE_OUTER_BOUND('',#1522,.T.);
#942=FACE_OUTER_BOUND('',#1523,.T.);
#943=FACE_OUTER_BOUND('',#1524,.T.);
#944=FACE_OUTER_BOUND('',#1525,.T.);
#945=FACE_OUTER_BOUND('',#1526,.T.);
#946=FACE_OUTER_BOUND('',#1528,.T.);
#947=FACE_OUTER_BOUND('',#1529,.T.);
#948=FACE_OUTER_BOUND('',#1530,.T.);
#949=FACE_OUTER_BOUND('',#1531,.T.);
#950=FACE_OUTER_BOUND('',#1532,.T.);
#951=FACE_OUTER_BOUND('',#1533,.T.);
#952=FACE_OUTER_BOUND('',#1534,.T.);
#953=FACE_OUTER_BOUND('',#1535,.T.);
#954=FACE_OUTER_BOUND('',#1536,.T.);
#955=FACE_OUTER_BOUND('',#1537,.T.);
#956=FACE_OUTER_BOUND('',#1538,.T.);
#957=FACE_OUTER_BOUND('',#1540,.T.);
#958=FACE_OUTER_BOUND('',#1541,.T.);
#959=FACE_OUTER_BOUND('',#1542,.T.);
#960=FACE_OUTER_BOUND('',#1543,.T.);
#961=FACE_OUTER_BOUND('',#1544,.T.);
#962=FACE_OUTER_BOUND('',#1546,.T.);
#963=FACE_OUTER_BOUND('',#1547,.T.);
#964=FACE_OUTER_BOUND('',#1548,.T.);
#965=FACE_OUTER_BOUND('',#1549,.T.);
#966=FACE_OUTER_BOUND('',#1550,.T.);
#967=FACE_OUTER_BOUND('',#1551,.T.);
#968=FACE_OUTER_BOUND('',#1552,.T.);
#969=FACE_OUTER_BOUND('',#1553,.T.);
#970=FACE_OUTER_BOUND('',#1554,.T.);
#971=FACE_OUTER_BOUND('',#1555,.T.);
#972=FACE_OUTER_BOUND('',#1556,.T.);
#973=FACE_OUTER_BOUND('',#1557,.T.);
#974=FACE_OUTER_BOUND('',#1558,.T.);
#975=FACE_OUTER_BOUND('',#1559,.T.);
#976=FACE_OUTER_BOUND('',#1560,.T.);
#977=FACE_OUTER_BOUND('',#1561,.T.);
#978=FACE_OUTER_BOUND('',#1562,.T.);
#979=FACE_OUTER_BOUND('',#1563,.T.);
#980=FACE_OUTER_BOUND('',#1564,.T.);
#981=FACE_OUTER_BOUND('',#1565,.T.);
#982=FACE_OUTER_BOUND('',#1566,.T.);
#983=FACE_OUTER_BOUND('',#1568,.T.);
#984=FACE_OUTER_BOUND('',#1570,.T.);
#985=FACE_OUTER_BOUND('',#1571,.T.);
#986=FACE_OUTER_BOUND('',#1572,.T.);
#987=FACE_OUTER_BOUND('',#1574,.T.);
#988=FACE_OUTER_BOUND('',#1575,.T.);
#989=FACE_OUTER_BOUND('',#1576,.T.);
#990=FACE_OUTER_BOUND('',#1577,.T.);
#991=FACE_OUTER_BOUND('',#1578,.T.);
#992=FACE_OUTER_BOUND('',#1579,.T.);
#993=FACE_OUTER_BOUND('',#1580,.T.);
#994=FACE_OUTER_BOUND('',#1581,.T.);
#995=FACE_OUTER_BOUND('',#1583,.T.);
#996=FACE_OUTER_BOUND('',#1584,.T.);
#997=FACE_OUTER_BOUND('',#1585,.T.);
#998=FACE_OUTER_BOUND('',#1586,.T.);
#999=FACE_OUTER_BOUND('',#1587,.T.);
#1000=FACE_OUTER_BOUND('',#1588,.T.);
#1001=FACE_OUTER_BOUND('',#1589,.T.);
#1002=FACE_OUTER_BOUND('',#1590,.T.);
#1003=FACE_OUTER_BOUND('',#1591,.T.);
#1004=FACE_OUTER_BOUND('',#1592,.T.);
#1005=FACE_OUTER_BOUND('',#1593,.T.);
#1006=FACE_OUTER_BOUND('',#1595,.T.);
#1007=FACE_OUTER_BOUND('',#1596,.T.);
#1008=FACE_OUTER_BOUND('',#1597,.T.);
#1009=FACE_OUTER_BOUND('',#1598,.T.);
#1010=FACE_OUTER_BOUND('',#1599,.T.);
#1011=FACE_OUTER_BOUND('',#1601,.T.);
#1012=FACE_OUTER_BOUND('',#1602,.T.);
#1013=FACE_OUTER_BOUND('',#1603,.T.);
#1014=FACE_OUTER_BOUND('',#1604,.T.);
#1015=FACE_OUTER_BOUND('',#1605,.T.);
#1016=FACE_OUTER_BOUND('',#1606,.T.);
#1017=FACE_OUTER_BOUND('',#1607,.T.);
#1018=FACE_OUTER_BOUND('',#1608,.T.);
#1019=FACE_OUTER_BOUND('',#1609,.T.);
#1020=FACE_OUTER_BOUND('',#1610,.T.);
#1021=FACE_OUTER_BOUND('',#1611,.T.);
#1022=FACE_OUTER_BOUND('',#1612,.T.);
#1023=FACE_OUTER_BOUND('',#1613,.T.);
#1024=FACE_OUTER_BOUND('',#1614,.T.);
#1025=FACE_OUTER_BOUND('',#1615,.T.);
#1026=FACE_OUTER_BOUND('',#1616,.T.);
#1027=FACE_OUTER_BOUND('',#1617,.T.);
#1028=FACE_OUTER_BOUND('',#1618,.T.);
#1029=FACE_OUTER_BOUND('',#1619,.T.);
#1030=FACE_OUTER_BOUND('',#1620,.T.);
#1031=FACE_OUTER_BOUND('',#1621,.T.);
#1032=FACE_OUTER_BOUND('',#1623,.T.);
#1033=FACE_OUTER_BOUND('',#1625,.T.);
#1034=FACE_OUTER_BOUND('',#1626,.T.);
#1035=FACE_OUTER_BOUND('',#1627,.T.);
#1036=FACE_OUTER_BOUND('',#1629,.T.);
#1037=FACE_OUTER_BOUND('',#1630,.T.);
#1038=FACE_OUTER_BOUND('',#1631,.T.);
#1039=FACE_OUTER_BOUND('',#1632,.T.);
#1040=FACE_OUTER_BOUND('',#1633,.T.);
#1041=FACE_OUTER_BOUND('',#1634,.T.);
#1042=FACE_OUTER_BOUND('',#1635,.T.);
#1043=FACE_OUTER_BOUND('',#1636,.T.);
#1044=FACE_OUTER_BOUND('',#1638,.T.);
#1045=FACE_OUTER_BOUND('',#1639,.T.);
#1046=FACE_OUTER_BOUND('',#1640,.T.);
#1047=FACE_OUTER_BOUND('',#1641,.T.);
#1048=FACE_OUTER_BOUND('',#1642,.T.);
#1049=FACE_OUTER_BOUND('',#1643,.T.);
#1050=FACE_OUTER_BOUND('',#1644,.T.);
#1051=FACE_OUTER_BOUND('',#1645,.T.);
#1052=FACE_OUTER_BOUND('',#1646,.T.);
#1053=FACE_OUTER_BOUND('',#1647,.T.);
#1054=FACE_OUTER_BOUND('',#1648,.T.);
#1055=FACE_OUTER_BOUND('',#1650,.T.);
#1056=FACE_OUTER_BOUND('',#1651,.T.);
#1057=FACE_OUTER_BOUND('',#1652,.T.);
#1058=FACE_OUTER_BOUND('',#1653,.T.);
#1059=FACE_OUTER_BOUND('',#1654,.T.);
#1060=FACE_OUTER_BOUND('',#1656,.T.);
#1061=FACE_OUTER_BOUND('',#1657,.T.);
#1062=FACE_OUTER_BOUND('',#1658,.T.);
#1063=FACE_OUTER_BOUND('',#1659,.T.);
#1064=FACE_OUTER_BOUND('',#1660,.T.);
#1065=FACE_OUTER_BOUND('',#1661,.T.);
#1066=FACE_OUTER_BOUND('',#1662,.T.);
#1067=FACE_OUTER_BOUND('',#1663,.T.);
#1068=FACE_OUTER_BOUND('',#1664,.T.);
#1069=FACE_OUTER_BOUND('',#1665,.T.);
#1070=FACE_OUTER_BOUND('',#1666,.T.);
#1071=FACE_OUTER_BOUND('',#1667,.T.);
#1072=FACE_OUTER_BOUND('',#1668,.T.);
#1073=FACE_OUTER_BOUND('',#1669,.T.);
#1074=FACE_OUTER_BOUND('',#1670,.T.);
#1075=FACE_OUTER_BOUND('',#1671,.T.);
#1076=FACE_OUTER_BOUND('',#1672,.T.);
#1077=FACE_OUTER_BOUND('',#1673,.T.);
#1078=FACE_OUTER_BOUND('',#1674,.T.);
#1079=FACE_OUTER_BOUND('',#1675,.T.);
#1080=FACE_OUTER_BOUND('',#1676,.T.);
#1081=FACE_OUTER_BOUND('',#1678,.T.);
#1082=FACE_OUTER_BOUND('',#1680,.T.);
#1083=FACE_OUTER_BOUND('',#1681,.T.);
#1084=FACE_OUTER_BOUND('',#1682,.T.);
#1085=FACE_OUTER_BOUND('',#1684,.T.);
#1086=FACE_OUTER_BOUND('',#1685,.T.);
#1087=FACE_OUTER_BOUND('',#1686,.T.);
#1088=FACE_OUTER_BOUND('',#1687,.T.);
#1089=FACE_OUTER_BOUND('',#1688,.T.);
#1090=FACE_OUTER_BOUND('',#1689,.T.);
#1091=FACE_OUTER_BOUND('',#1690,.T.);
#1092=FACE_OUTER_BOUND('',#1691,.T.);
#1093=FACE_OUTER_BOUND('',#1693,.T.);
#1094=FACE_OUTER_BOUND('',#1694,.T.);
#1095=FACE_OUTER_BOUND('',#1695,.T.);
#1096=FACE_OUTER_BOUND('',#1696,.T.);
#1097=FACE_OUTER_BOUND('',#1697,.T.);
#1098=FACE_OUTER_BOUND('',#1698,.T.);
#1099=FACE_OUTER_BOUND('',#1699,.T.);
#1100=FACE_OUTER_BOUND('',#1700,.T.);
#1101=FACE_OUTER_BOUND('',#1701,.T.);
#1102=FACE_OUTER_BOUND('',#1702,.T.);
#1103=FACE_OUTER_BOUND('',#1703,.T.);
#1104=FACE_OUTER_BOUND('',#1705,.T.);
#1105=FACE_OUTER_BOUND('',#1706,.T.);
#1106=FACE_OUTER_BOUND('',#1707,.T.);
#1107=FACE_OUTER_BOUND('',#1708,.T.);
#1108=FACE_OUTER_BOUND('',#1709,.T.);
#1109=FACE_OUTER_BOUND('',#1711,.T.);
#1110=FACE_OUTER_BOUND('',#1712,.T.);
#1111=FACE_OUTER_BOUND('',#1713,.T.);
#1112=FACE_OUTER_BOUND('',#1714,.T.);
#1113=FACE_OUTER_BOUND('',#1715,.T.);
#1114=FACE_OUTER_BOUND('',#1716,.T.);
#1115=FACE_OUTER_BOUND('',#1717,.T.);
#1116=FACE_OUTER_BOUND('',#1718,.T.);
#1117=FACE_OUTER_BOUND('',#1719,.T.);
#1118=FACE_OUTER_BOUND('',#1720,.T.);
#1119=FACE_OUTER_BOUND('',#1721,.T.);
#1120=FACE_OUTER_BOUND('',#1722,.T.);
#1121=FACE_OUTER_BOUND('',#1723,.T.);
#1122=FACE_OUTER_BOUND('',#1724,.T.);
#1123=FACE_OUTER_BOUND('',#1725,.T.);
#1124=FACE_OUTER_BOUND('',#1726,.T.);
#1125=FACE_OUTER_BOUND('',#1727,.T.);
#1126=FACE_OUTER_BOUND('',#1728,.T.);
#1127=FACE_OUTER_BOUND('',#1729,.T.);
#1128=FACE_OUTER_BOUND('',#1730,.T.);
#1129=FACE_OUTER_BOUND('',#1731,.T.);
#1130=FACE_OUTER_BOUND('',#1733,.T.);
#1131=FACE_OUTER_BOUND('',#1735,.T.);
#1132=FACE_OUTER_BOUND('',#1736,.T.);
#1133=FACE_OUTER_BOUND('',#1737,.T.);
#1134=FACE_OUTER_BOUND('',#1739,.T.);
#1135=EDGE_LOOP('',(#7295,#7296,#7297));
#1136=EDGE_LOOP('',(#7298,#7299,#7300));
#1137=EDGE_LOOP('',(#7301,#7302,#7303,#7304));
#1138=EDGE_LOOP('',(#7305,#7306,#7307,#7308));
#1139=EDGE_LOOP('',(#7309,#7310,#7311,#7312,#7313));
#1140=EDGE_LOOP('',(#7314,#7315,#7316,#7317));
#1141=EDGE_LOOP('',(#7318,#7319,#7320,#7321,#7322,#7323));
#1142=EDGE_LOOP('',(#7324));
#1143=EDGE_LOOP('',(#7325,#7326,#7327,#7328,#7329));
#1144=EDGE_LOOP('',(#7330,#7331,#7332));
#1145=EDGE_LOOP('',(#7333,#7334,#7335,#7336));
#1146=EDGE_LOOP('',(#7337,#7338,#7339,#7340,#7341));
#1147=EDGE_LOOP('',(#7342,#7343,#7344,#7345));
#1148=EDGE_LOOP('',(#7346,#7347,#7348));
#1149=EDGE_LOOP('',(#7349,#7350,#7351,#7352,#7353));
#1150=EDGE_LOOP('',(#7354,#7355,#7356,#7357));
#1151=EDGE_LOOP('',(#7358,#7359,#7360,#7361));
#1152=EDGE_LOOP('',(#7362,#7363,#7364,#7365));
#1153=EDGE_LOOP('',(#7366,#7367,#7368,#7369,#7370,#7371));
#1154=EDGE_LOOP('',(#7372));
#1155=EDGE_LOOP('',(#7373,#7374,#7375,#7376));
#1156=EDGE_LOOP('',(#7377,#7378,#7379,#7380));
#1157=EDGE_LOOP('',(#7381,#7382,#7383,#7384));
#1158=EDGE_LOOP('',(#7385,#7386,#7387,#7388));
#1159=EDGE_LOOP('',(#7389,#7390,#7391,#7392,#7393,#7394));
#1160=EDGE_LOOP('',(#7395));
#1161=EDGE_LOOP('',(#7396,#7397,#7398,#7399,#7400,#7401));
#1162=EDGE_LOOP('',(#7402,#7403,#7404,#7405));
#1163=EDGE_LOOP('',(#7406,#7407,#7408,#7409,#7410,#7411));
#1164=EDGE_LOOP('',(#7412,#7413,#7414,#7415));
#1165=EDGE_LOOP('',(#7416,#7417,#7418,#7419));
#1166=EDGE_LOOP('',(#7420,#7421,#7422,#7423,#7424,#7425,#7426,#7427,#7428,
#7429));
#1167=EDGE_LOOP('',(#7430,#7431,#7432,#7433,#7434,#7435));
#1168=EDGE_LOOP('',(#7436,#7437,#7438,#7439));
#1169=EDGE_LOOP('',(#7440,#7441,#7442,#7443));
#1170=EDGE_LOOP('',(#7444,#7445,#7446,#7447));
#1171=EDGE_LOOP('',(#7448,#7449,#7450,#7451));
#1172=EDGE_LOOP('',(#7452,#7453,#7454,#7455,#7456,#7457,#7458,#7459,#7460,
#7461,#7462,#7463));
#1173=EDGE_LOOP('',(#7464,#7465,#7466,#7467,#7468,#7469));
#1174=EDGE_LOOP('',(#7470,#7471,#7472,#7473,#7474,#7475,#7476,#7477));
#1175=EDGE_LOOP('',(#7478,#7479,#7480,#7481,#7482,#7483,#7484,#7485));
#1176=EDGE_LOOP('',(#7486,#7487,#7488,#7489,#7490,#7491,#7492,#7493,#7494,
#7495,#7496,#7497,#7498,#7499,#7500,#7501));
#1177=EDGE_LOOP('',(#7502,#7503,#7504,#7505,#7506,#7507));
#1178=EDGE_LOOP('',(#7508,#7509,#7510,#7511,#7512,#7513,#7514,#7515,#7516,
#7517,#7518,#7519));
#1179=EDGE_LOOP('',(#7520,#7521,#7522,#7523,#7524,#7525,#7526,#7527,#7528,
#7529,#7530));
#1180=EDGE_LOOP('',(#7531,#7532,#7533,#7534));
#1181=EDGE_LOOP('',(#7535,#7536,#7537,#7538,#7539,#7540));
#1182=EDGE_LOOP('',(#7541));
#1183=EDGE_LOOP('',(#7542,#7543,#7544,#7545,#7546,#7547));
#1184=EDGE_LOOP('',(#7548));
#1185=EDGE_LOOP('',(#7549,#7550,#7551,#7552));
#1186=EDGE_LOOP('',(#7553,#7554,#7555,#7556,#7557,#7558,#7559,#7560,#7561));
#1187=EDGE_LOOP('',(#7562,#7563,#7564,#7565,#7566,#7567));
#1188=EDGE_LOOP('',(#7568));
#1189=EDGE_LOOP('',(#7569,#7570,#7571,#7572));
#1190=EDGE_LOOP('',(#7573,#7574,#7575));
#1191=EDGE_LOOP('',(#7576,#7577,#7578));
#1192=EDGE_LOOP('',(#7579,#7580,#7581,#7582));
#1193=EDGE_LOOP('',(#7583,#7584,#7585,#7586));
#1194=EDGE_LOOP('',(#7587,#7588,#7589,#7590,#7591));
#1195=EDGE_LOOP('',(#7592,#7593,#7594,#7595));
#1196=EDGE_LOOP('',(#7596,#7597,#7598,#7599,#7600,#7601));
#1197=EDGE_LOOP('',(#7602));
#1198=EDGE_LOOP('',(#7603,#7604,#7605,#7606,#7607));
#1199=EDGE_LOOP('',(#7608,#7609,#7610));
#1200=EDGE_LOOP('',(#7611,#7612,#7613,#7614));
#1201=EDGE_LOOP('',(#7615,#7616,#7617,#7618,#7619));
#1202=EDGE_LOOP('',(#7620,#7621,#7622,#7623));
#1203=EDGE_LOOP('',(#7624,#7625,#7626));
#1204=EDGE_LOOP('',(#7627,#7628,#7629,#7630,#7631));
#1205=EDGE_LOOP('',(#7632,#7633,#7634,#7635));
#1206=EDGE_LOOP('',(#7636,#7637,#7638,#7639));
#1207=EDGE_LOOP('',(#7640,#7641,#7642,#7643));
#1208=EDGE_LOOP('',(#7644,#7645,#7646,#7647,#7648,#7649));
#1209=EDGE_LOOP('',(#7650));
#1210=EDGE_LOOP('',(#7651,#7652,#7653,#7654));
#1211=EDGE_LOOP('',(#7655,#7656,#7657,#7658));
#1212=EDGE_LOOP('',(#7659,#7660,#7661,#7662));
#1213=EDGE_LOOP('',(#7663,#7664,#7665,#7666));
#1214=EDGE_LOOP('',(#7667,#7668,#7669,#7670,#7671,#7672));
#1215=EDGE_LOOP('',(#7673));
#1216=EDGE_LOOP('',(#7674,#7675,#7676,#7677,#7678,#7679));
#1217=EDGE_LOOP('',(#7680,#7681,#7682,#7683));
#1218=EDGE_LOOP('',(#7684,#7685,#7686,#7687,#7688,#7689));
#1219=EDGE_LOOP('',(#7690,#7691,#7692,#7693));
#1220=EDGE_LOOP('',(#7694,#7695,#7696,#7697));
#1221=EDGE_LOOP('',(#7698,#7699,#7700,#7701,#7702,#7703,#7704,#7705,#7706,
#7707));
#1222=EDGE_LOOP('',(#7708,#7709,#7710,#7711,#7712,#7713));
#1223=EDGE_LOOP('',(#7714,#7715,#7716,#7717));
#1224=EDGE_LOOP('',(#7718,#7719,#7720,#7721));
#1225=EDGE_LOOP('',(#7722,#7723,#7724,#7725));
#1226=EDGE_LOOP('',(#7726,#7727,#7728,#7729));
#1227=EDGE_LOOP('',(#7730,#7731,#7732,#7733,#7734,#7735,#7736,#7737,#7738,
#7739,#7740,#7741));
#1228=EDGE_LOOP('',(#7742,#7743,#7744,#7745,#7746,#7747));
#1229=EDGE_LOOP('',(#7748,#7749,#7750,#7751,#7752,#7753,#7754,#7755));
#1230=EDGE_LOOP('',(#7756,#7757,#7758,#7759,#7760,#7761,#7762,#7763));
#1231=EDGE_LOOP('',(#7764,#7765,#7766,#7767,#7768,#7769,#7770,#7771,#7772,
#7773,#7774,#7775,#7776,#7777,#7778,#7779));
#1232=EDGE_LOOP('',(#7780,#7781,#7782,#7783,#7784,#7785));
#1233=EDGE_LOOP('',(#7786,#7787,#7788,#7789,#7790,#7791,#7792,#7793,#7794,
#7795,#7796,#7797));
#1234=EDGE_LOOP('',(#7798,#7799,#7800,#7801,#7802,#7803,#7804,#7805,#7806,
#7807,#7808));
#1235=EDGE_LOOP('',(#7809,#7810,#7811,#7812));
#1236=EDGE_LOOP('',(#7813,#7814,#7815,#7816,#7817,#7818));
#1237=EDGE_LOOP('',(#7819));
#1238=EDGE_LOOP('',(#7820,#7821,#7822,#7823,#7824,#7825));
#1239=EDGE_LOOP('',(#7826));
#1240=EDGE_LOOP('',(#7827,#7828,#7829,#7830));
#1241=EDGE_LOOP('',(#7831,#7832,#7833,#7834,#7835,#7836,#7837,#7838,#7839));
#1242=EDGE_LOOP('',(#7840,#7841,#7842,#7843,#7844,#7845));
#1243=EDGE_LOOP('',(#7846));
#1244=EDGE_LOOP('',(#7847,#7848,#7849,#7850));
#1245=EDGE_LOOP('',(#7851,#7852,#7853));
#1246=EDGE_LOOP('',(#7854,#7855,#7856));
#1247=EDGE_LOOP('',(#7857,#7858,#7859,#7860));
#1248=EDGE_LOOP('',(#7861,#7862,#7863,#7864));
#1249=EDGE_LOOP('',(#7865,#7866,#7867,#7868,#7869));
#1250=EDGE_LOOP('',(#7870,#7871,#7872,#7873));
#1251=EDGE_LOOP('',(#7874,#7875,#7876,#7877,#7878,#7879));
#1252=EDGE_LOOP('',(#7880));
#1253=EDGE_LOOP('',(#7881,#7882,#7883,#7884,#7885));
#1254=EDGE_LOOP('',(#7886,#7887,#7888));
#1255=EDGE_LOOP('',(#7889,#7890,#7891,#7892));
#1256=EDGE_LOOP('',(#7893,#7894,#7895,#7896,#7897));
#1257=EDGE_LOOP('',(#7898,#7899,#7900,#7901));
#1258=EDGE_LOOP('',(#7902,#7903,#7904));
#1259=EDGE_LOOP('',(#7905,#7906,#7907,#7908,#7909));
#1260=EDGE_LOOP('',(#7910,#7911,#7912,#7913));
#1261=EDGE_LOOP('',(#7914,#7915,#7916,#7917));
#1262=EDGE_LOOP('',(#7918,#7919,#7920,#7921));
#1263=EDGE_LOOP('',(#7922,#7923,#7924,#7925,#7926,#7927));
#1264=EDGE_LOOP('',(#7928));
#1265=EDGE_LOOP('',(#7929,#7930,#7931,#7932));
#1266=EDGE_LOOP('',(#7933,#7934,#7935,#7936));
#1267=EDGE_LOOP('',(#7937,#7938,#7939,#7940));
#1268=EDGE_LOOP('',(#7941,#7942,#7943,#7944));
#1269=EDGE_LOOP('',(#7945,#7946,#7947,#7948,#7949,#7950));
#1270=EDGE_LOOP('',(#7951));
#1271=EDGE_LOOP('',(#7952,#7953,#7954,#7955,#7956,#7957));
#1272=EDGE_LOOP('',(#7958,#7959,#7960,#7961));
#1273=EDGE_LOOP('',(#7962,#7963,#7964,#7965,#7966,#7967));
#1274=EDGE_LOOP('',(#7968,#7969,#7970,#7971));
#1275=EDGE_LOOP('',(#7972,#7973,#7974,#7975));
#1276=EDGE_LOOP('',(#7976,#7977,#7978,#7979,#7980,#7981,#7982,#7983,#7984,
#7985));
#1277=EDGE_LOOP('',(#7986,#7987,#7988,#7989,#7990,#7991));
#1278=EDGE_LOOP('',(#7992,#7993,#7994,#7995));
#1279=EDGE_LOOP('',(#7996,#7997,#7998,#7999));
#1280=EDGE_LOOP('',(#8000,#8001,#8002,#8003));
#1281=EDGE_LOOP('',(#8004,#8005,#8006,#8007));
#1282=EDGE_LOOP('',(#8008,#8009,#8010,#8011,#8012,#8013,#8014,#8015,#8016,
#8017,#8018,#8019));
#1283=EDGE_LOOP('',(#8020,#8021,#8022,#8023,#8024,#8025));
#1284=EDGE_LOOP('',(#8026,#8027,#8028,#8029,#8030,#8031,#8032,#8033));
#1285=EDGE_LOOP('',(#8034,#8035,#8036,#8037,#8038,#8039,#8040,#8041));
#1286=EDGE_LOOP('',(#8042,#8043,#8044,#8045,#8046,#8047,#8048,#8049,#8050,
#8051,#8052,#8053,#8054,#8055,#8056,#8057));
#1287=EDGE_LOOP('',(#8058,#8059,#8060,#8061,#8062,#8063));
#1288=EDGE_LOOP('',(#8064,#8065,#8066,#8067,#8068,#8069,#8070,#8071,#8072,
#8073,#8074,#8075));
#1289=EDGE_LOOP('',(#8076,#8077,#8078,#8079,#8080,#8081,#8082,#8083,#8084,
#8085,#8086));
#1290=EDGE_LOOP('',(#8087,#8088,#8089,#8090));
#1291=EDGE_LOOP('',(#8091,#8092,#8093,#8094,#8095,#8096));
#1292=EDGE_LOOP('',(#8097));
#1293=EDGE_LOOP('',(#8098,#8099,#8100,#8101,#8102,#8103));
#1294=EDGE_LOOP('',(#8104));
#1295=EDGE_LOOP('',(#8105,#8106,#8107,#8108));
#1296=EDGE_LOOP('',(#8109,#8110,#8111,#8112,#8113,#8114,#8115,#8116,#8117));
#1297=EDGE_LOOP('',(#8118,#8119,#8120,#8121,#8122,#8123));
#1298=EDGE_LOOP('',(#8124));
#1299=EDGE_LOOP('',(#8125,#8126,#8127,#8128));
#1300=EDGE_LOOP('',(#8129,#8130,#8131));
#1301=EDGE_LOOP('',(#8132,#8133,#8134));
#1302=EDGE_LOOP('',(#8135,#8136,#8137,#8138));
#1303=EDGE_LOOP('',(#8139,#8140,#8141,#8142));
#1304=EDGE_LOOP('',(#8143,#8144,#8145,#8146,#8147));
#1305=EDGE_LOOP('',(#8148,#8149,#8150,#8151));
#1306=EDGE_LOOP('',(#8152,#8153,#8154,#8155,#8156,#8157));
#1307=EDGE_LOOP('',(#8158));
#1308=EDGE_LOOP('',(#8159,#8160,#8161,#8162,#8163));
#1309=EDGE_LOOP('',(#8164,#8165,#8166));
#1310=EDGE_LOOP('',(#8167,#8168,#8169,#8170));
#1311=EDGE_LOOP('',(#8171,#8172,#8173,#8174,#8175));
#1312=EDGE_LOOP('',(#8176,#8177,#8178,#8179));
#1313=EDGE_LOOP('',(#8180,#8181,#8182));
#1314=EDGE_LOOP('',(#8183,#8184,#8185,#8186,#8187));
#1315=EDGE_LOOP('',(#8188,#8189,#8190,#8191));
#1316=EDGE_LOOP('',(#8192,#8193,#8194,#8195));
#1317=EDGE_LOOP('',(#8196,#8197,#8198,#8199));
#1318=EDGE_LOOP('',(#8200,#8201,#8202,#8203,#8204,#8205));
#1319=EDGE_LOOP('',(#8206));
#1320=EDGE_LOOP('',(#8207,#8208,#8209,#8210));
#1321=EDGE_LOOP('',(#8211,#8212,#8213,#8214));
#1322=EDGE_LOOP('',(#8215,#8216,#8217,#8218));
#1323=EDGE_LOOP('',(#8219,#8220,#8221,#8222));
#1324=EDGE_LOOP('',(#8223,#8224,#8225,#8226,#8227,#8228));
#1325=EDGE_LOOP('',(#8229));
#1326=EDGE_LOOP('',(#8230,#8231,#8232,#8233,#8234,#8235));
#1327=EDGE_LOOP('',(#8236,#8237,#8238,#8239));
#1328=EDGE_LOOP('',(#8240,#8241,#8242,#8243,#8244,#8245));
#1329=EDGE_LOOP('',(#8246,#8247,#8248,#8249));
#1330=EDGE_LOOP('',(#8250,#8251,#8252,#8253));
#1331=EDGE_LOOP('',(#8254,#8255,#8256,#8257,#8258,#8259,#8260,#8261,#8262,
#8263));
#1332=EDGE_LOOP('',(#8264,#8265,#8266,#8267,#8268,#8269));
#1333=EDGE_LOOP('',(#8270,#8271,#8272,#8273));
#1334=EDGE_LOOP('',(#8274,#8275,#8276,#8277));
#1335=EDGE_LOOP('',(#8278,#8279,#8280,#8281));
#1336=EDGE_LOOP('',(#8282,#8283,#8284,#8285));
#1337=EDGE_LOOP('',(#8286,#8287,#8288,#8289,#8290,#8291,#8292,#8293,#8294,
#8295,#8296,#8297));
#1338=EDGE_LOOP('',(#8298,#8299,#8300,#8301,#8302,#8303));
#1339=EDGE_LOOP('',(#8304,#8305,#8306,#8307,#8308,#8309,#8310,#8311));
#1340=EDGE_LOOP('',(#8312,#8313,#8314,#8315,#8316,#8317,#8318,#8319));
#1341=EDGE_LOOP('',(#8320,#8321,#8322,#8323,#8324,#8325,#8326,#8327,#8328,
#8329,#8330,#8331,#8332,#8333,#8334,#8335));
#1342=EDGE_LOOP('',(#8336,#8337,#8338,#8339,#8340,#8341));
#1343=EDGE_LOOP('',(#8342,#8343,#8344,#8345,#8346,#8347,#8348,#8349,#8350,
#8351,#8352,#8353));
#1344=EDGE_LOOP('',(#8354,#8355,#8356,#8357,#8358,#8359,#8360,#8361,#8362,
#8363,#8364));
#1345=EDGE_LOOP('',(#8365,#8366,#8367,#8368));
#1346=EDGE_LOOP('',(#8369,#8370,#8371,#8372,#8373,#8374));
#1347=EDGE_LOOP('',(#8375));
#1348=EDGE_LOOP('',(#8376,#8377,#8378,#8379,#8380,#8381));
#1349=EDGE_LOOP('',(#8382));
#1350=EDGE_LOOP('',(#8383,#8384,#8385,#8386));
#1351=EDGE_LOOP('',(#8387,#8388,#8389,#8390,#8391,#8392,#8393,#8394,#8395));
#1352=EDGE_LOOP('',(#8396,#8397,#8398,#8399,#8400,#8401));
#1353=EDGE_LOOP('',(#8402));
#1354=EDGE_LOOP('',(#8403,#8404,#8405,#8406));
#1355=EDGE_LOOP('',(#8407,#8408,#8409));
#1356=EDGE_LOOP('',(#8410,#8411,#8412));
#1357=EDGE_LOOP('',(#8413,#8414,#8415,#8416));
#1358=EDGE_LOOP('',(#8417,#8418,#8419,#8420));
#1359=EDGE_LOOP('',(#8421,#8422,#8423,#8424,#8425));
#1360=EDGE_LOOP('',(#8426,#8427,#8428,#8429));
#1361=EDGE_LOOP('',(#8430,#8431,#8432,#8433,#8434,#8435));
#1362=EDGE_LOOP('',(#8436));
#1363=EDGE_LOOP('',(#8437,#8438,#8439,#8440,#8441));
#1364=EDGE_LOOP('',(#8442,#8443,#8444));
#1365=EDGE_LOOP('',(#8445,#8446,#8447,#8448));
#1366=EDGE_LOOP('',(#8449,#8450,#8451,#8452,#8453));
#1367=EDGE_LOOP('',(#8454,#8455,#8456,#8457));
#1368=EDGE_LOOP('',(#8458,#8459,#8460));
#1369=EDGE_LOOP('',(#8461,#8462,#8463,#8464,#8465));
#1370=EDGE_LOOP('',(#8466,#8467,#8468,#8469));
#1371=EDGE_LOOP('',(#8470,#8471,#8472,#8473));
#1372=EDGE_LOOP('',(#8474,#8475,#8476,#8477));
#1373=EDGE_LOOP('',(#8478,#8479,#8480,#8481,#8482,#8483));
#1374=EDGE_LOOP('',(#8484));
#1375=EDGE_LOOP('',(#8485,#8486,#8487,#8488));
#1376=EDGE_LOOP('',(#8489,#8490,#8491,#8492));
#1377=EDGE_LOOP('',(#8493,#8494,#8495,#8496));
#1378=EDGE_LOOP('',(#8497,#8498,#8499,#8500));
#1379=EDGE_LOOP('',(#8501,#8502,#8503,#8504,#8505,#8506));
#1380=EDGE_LOOP('',(#8507));
#1381=EDGE_LOOP('',(#8508,#8509,#8510,#8511,#8512,#8513));
#1382=EDGE_LOOP('',(#8514,#8515,#8516,#8517));
#1383=EDGE_LOOP('',(#8518,#8519,#8520,#8521,#8522,#8523));
#1384=EDGE_LOOP('',(#8524,#8525,#8526,#8527));
#1385=EDGE_LOOP('',(#8528,#8529,#8530,#8531));
#1386=EDGE_LOOP('',(#8532,#8533,#8534,#8535,#8536,#8537,#8538,#8539,#8540,
#8541));
#1387=EDGE_LOOP('',(#8542,#8543,#8544,#8545,#8546,#8547));
#1388=EDGE_LOOP('',(#8548,#8549,#8550,#8551));
#1389=EDGE_LOOP('',(#8552,#8553,#8554,#8555));
#1390=EDGE_LOOP('',(#8556,#8557,#8558,#8559));
#1391=EDGE_LOOP('',(#8560,#8561,#8562,#8563));
#1392=EDGE_LOOP('',(#8564,#8565,#8566,#8567,#8568,#8569,#8570,#8571,#8572,
#8573,#8574,#8575));
#1393=EDGE_LOOP('',(#8576,#8577,#8578,#8579,#8580,#8581));
#1394=EDGE_LOOP('',(#8582,#8583,#8584,#8585,#8586,#8587,#8588,#8589));
#1395=EDGE_LOOP('',(#8590,#8591,#8592,#8593,#8594,#8595,#8596,#8597));
#1396=EDGE_LOOP('',(#8598,#8599,#8600,#8601,#8602,#8603,#8604,#8605,#8606,
#8607,#8608,#8609,#8610,#8611,#8612,#8613));
#1397=EDGE_LOOP('',(#8614,#8615,#8616,#8617,#8618,#8619));
#1398=EDGE_LOOP('',(#8620,#8621,#8622,#8623,#8624,#8625,#8626,#8627,#8628,
#8629,#8630,#8631));
#1399=EDGE_LOOP('',(#8632,#8633,#8634,#8635,#8636,#8637,#8638,#8639,#8640,
#8641,#8642));
#1400=EDGE_LOOP('',(#8643,#8644,#8645,#8646));
#1401=EDGE_LOOP('',(#8647,#8648,#8649,#8650,#8651,#8652));
#1402=EDGE_LOOP('',(#8653));
#1403=EDGE_LOOP('',(#8654,#8655,#8656,#8657,#8658,#8659));
#1404=EDGE_LOOP('',(#8660));
#1405=EDGE_LOOP('',(#8661,#8662,#8663,#8664));
#1406=EDGE_LOOP('',(#8665,#8666,#8667,#8668,#8669,#8670,#8671,#8672,#8673));
#1407=EDGE_LOOP('',(#8674,#8675,#8676,#8677,#8678,#8679));
#1408=EDGE_LOOP('',(#8680));
#1409=EDGE_LOOP('',(#8681,#8682,#8683,#8684));
#1410=EDGE_LOOP('',(#8685,#8686,#8687));
#1411=EDGE_LOOP('',(#8688,#8689,#8690));
#1412=EDGE_LOOP('',(#8691,#8692,#8693,#8694));
#1413=EDGE_LOOP('',(#8695,#8696,#8697,#8698));
#1414=EDGE_LOOP('',(#8699,#8700,#8701,#8702,#8703));
#1415=EDGE_LOOP('',(#8704,#8705,#8706,#8707));
#1416=EDGE_LOOP('',(#8708,#8709,#8710,#8711,#8712,#8713));
#1417=EDGE_LOOP('',(#8714));
#1418=EDGE_LOOP('',(#8715,#8716,#8717,#8718,#8719));
#1419=EDGE_LOOP('',(#8720,#8721,#8722));
#1420=EDGE_LOOP('',(#8723,#8724,#8725,#8726));
#1421=EDGE_LOOP('',(#8727,#8728,#8729,#8730,#8731));
#1422=EDGE_LOOP('',(#8732,#8733,#8734,#8735));
#1423=EDGE_LOOP('',(#8736,#8737,#8738));
#1424=EDGE_LOOP('',(#8739,#8740,#8741,#8742,#8743));
#1425=EDGE_LOOP('',(#8744,#8745,#8746,#8747));
#1426=EDGE_LOOP('',(#8748,#8749,#8750,#8751));
#1427=EDGE_LOOP('',(#8752,#8753,#8754,#8755));
#1428=EDGE_LOOP('',(#8756,#8757,#8758,#8759,#8760,#8761));
#1429=EDGE_LOOP('',(#8762));
#1430=EDGE_LOOP('',(#8763,#8764,#8765,#8766));
#1431=EDGE_LOOP('',(#8767,#8768,#8769,#8770));
#1432=EDGE_LOOP('',(#8771,#8772,#8773,#8774));
#1433=EDGE_LOOP('',(#8775,#8776,#8777,#8778));
#1434=EDGE_LOOP('',(#8779,#8780,#8781,#8782,#8783,#8784));
#1435=EDGE_LOOP('',(#8785));
#1436=EDGE_LOOP('',(#8786,#8787,#8788,#8789,#8790,#8791));
#1437=EDGE_LOOP('',(#8792,#8793,#8794,#8795));
#1438=EDGE_LOOP('',(#8796,#8797,#8798,#8799,#8800,#8801));
#1439=EDGE_LOOP('',(#8802,#8803,#8804,#8805));
#1440=EDGE_LOOP('',(#8806,#8807,#8808,#8809));
#1441=EDGE_LOOP('',(#8810,#8811,#8812,#8813,#8814,#8815,#8816,#8817,#8818,
#8819));
#1442=EDGE_LOOP('',(#8820,#8821,#8822,#8823,#8824,#8825));
#1443=EDGE_LOOP('',(#8826,#8827,#8828,#8829));
#1444=EDGE_LOOP('',(#8830,#8831,#8832,#8833));
#1445=EDGE_LOOP('',(#8834,#8835,#8836,#8837));
#1446=EDGE_LOOP('',(#8838,#8839,#8840,#8841));
#1447=EDGE_LOOP('',(#8842,#8843,#8844,#8845,#8846,#8847,#8848,#8849,#8850,
#8851,#8852,#8853));
#1448=EDGE_LOOP('',(#8854,#8855,#8856,#8857,#8858,#8859));
#1449=EDGE_LOOP('',(#8860,#8861,#8862,#8863,#8864,#8865,#8866,#8867));
#1450=EDGE_LOOP('',(#8868,#8869,#8870,#8871,#8872,#8873,#8874,#8875));
#1451=EDGE_LOOP('',(#8876,#8877,#8878,#8879,#8880,#8881,#8882,#8883,#8884,
#8885,#8886,#8887,#8888,#8889,#8890,#8891));
#1452=EDGE_LOOP('',(#8892,#8893,#8894,#8895,#8896,#8897));
#1453=EDGE_LOOP('',(#8898,#8899,#8900,#8901,#8902,#8903,#8904,#8905,#8906,
#8907,#8908,#8909));
#1454=EDGE_LOOP('',(#8910,#8911,#8912,#8913,#8914,#8915,#8916,#8917,#8918,
#8919,#8920));
#1455=EDGE_LOOP('',(#8921,#8922,#8923,#8924));
#1456=EDGE_LOOP('',(#8925,#8926,#8927,#8928,#8929,#8930));
#1457=EDGE_LOOP('',(#8931));
#1458=EDGE_LOOP('',(#8932,#8933,#8934,#8935,#8936,#8937));
#1459=EDGE_LOOP('',(#8938));
#1460=EDGE_LOOP('',(#8939,#8940,#8941,#8942));
#1461=EDGE_LOOP('',(#8943,#8944,#8945,#8946,#8947,#8948,#8949,#8950,#8951));
#1462=EDGE_LOOP('',(#8952,#8953,#8954,#8955,#8956,#8957));
#1463=EDGE_LOOP('',(#8958));
#1464=EDGE_LOOP('',(#8959,#8960,#8961,#8962));
#1465=EDGE_LOOP('',(#8963,#8964,#8965));
#1466=EDGE_LOOP('',(#8966,#8967,#8968));
#1467=EDGE_LOOP('',(#8969,#8970,#8971,#8972));
#1468=EDGE_LOOP('',(#8973,#8974,#8975,#8976));
#1469=EDGE_LOOP('',(#8977,#8978,#8979,#8980,#8981));
#1470=EDGE_LOOP('',(#8982,#8983,#8984,#8985));
#1471=EDGE_LOOP('',(#8986,#8987,#8988,#8989,#8990,#8991));
#1472=EDGE_LOOP('',(#8992));
#1473=EDGE_LOOP('',(#8993,#8994,#8995,#8996,#8997));
#1474=EDGE_LOOP('',(#8998,#8999,#9000));
#1475=EDGE_LOOP('',(#9001,#9002,#9003,#9004));
#1476=EDGE_LOOP('',(#9005,#9006,#9007,#9008,#9009));
#1477=EDGE_LOOP('',(#9010,#9011,#9012,#9013));
#1478=EDGE_LOOP('',(#9014,#9015,#9016));
#1479=EDGE_LOOP('',(#9017,#9018,#9019,#9020,#9021));
#1480=EDGE_LOOP('',(#9022,#9023,#9024,#9025));
#1481=EDGE_LOOP('',(#9026,#9027,#9028,#9029));
#1482=EDGE_LOOP('',(#9030,#9031,#9032,#9033));
#1483=EDGE_LOOP('',(#9034,#9035,#9036,#9037,#9038,#9039));
#1484=EDGE_LOOP('',(#9040));
#1485=EDGE_LOOP('',(#9041,#9042,#9043,#9044));
#1486=EDGE_LOOP('',(#9045,#9046,#9047,#9048));
#1487=EDGE_LOOP('',(#9049,#9050,#9051,#9052));
#1488=EDGE_LOOP('',(#9053,#9054,#9055,#9056));
#1489=EDGE_LOOP('',(#9057,#9058,#9059,#9060,#9061,#9062));
#1490=EDGE_LOOP('',(#9063));
#1491=EDGE_LOOP('',(#9064,#9065,#9066,#9067,#9068,#9069));
#1492=EDGE_LOOP('',(#9070,#9071,#9072,#9073));
#1493=EDGE_LOOP('',(#9074,#9075,#9076,#9077,#9078,#9079));
#1494=EDGE_LOOP('',(#9080,#9081,#9082,#9083));
#1495=EDGE_LOOP('',(#9084,#9085,#9086,#9087));
#1496=EDGE_LOOP('',(#9088,#9089,#9090,#9091,#9092,#9093,#9094,#9095,#9096,
#9097));
#1497=EDGE_LOOP('',(#9098,#9099,#9100,#9101,#9102,#9103));
#1498=EDGE_LOOP('',(#9104,#9105,#9106,#9107));
#1499=EDGE_LOOP('',(#9108,#9109,#9110,#9111));
#1500=EDGE_LOOP('',(#9112,#9113,#9114,#9115));
#1501=EDGE_LOOP('',(#9116,#9117,#9118,#9119));
#1502=EDGE_LOOP('',(#9120,#9121,#9122,#9123,#9124,#9125,#9126,#9127,#9128,
#9129,#9130,#9131));
#1503=EDGE_LOOP('',(#9132,#9133,#9134,#9135,#9136,#9137));
#1504=EDGE_LOOP('',(#9138,#9139,#9140,#9141,#9142,#9143,#9144,#9145));
#1505=EDGE_LOOP('',(#9146,#9147,#9148,#9149,#9150,#9151,#9152,#9153));
#1506=EDGE_LOOP('',(#9154,#9155,#9156,#9157,#9158,#9159,#9160,#9161,#9162,
#9163,#9164,#9165,#9166,#9167,#9168,#9169));
#1507=EDGE_LOOP('',(#9170,#9171,#9172,#9173,#9174,#9175));
#1508=EDGE_LOOP('',(#9176,#9177,#9178,#9179,#9180,#9181,#9182,#9183,#9184,
#9185,#9186,#9187));
#1509=EDGE_LOOP('',(#9188,#9189,#9190,#9191,#9192,#9193,#9194,#9195,#9196,
#9197,#9198));
#1510=EDGE_LOOP('',(#9199,#9200,#9201,#9202));
#1511=EDGE_LOOP('',(#9203,#9204,#9205,#9206,#9207,#9208));
#1512=EDGE_LOOP('',(#9209));
#1513=EDGE_LOOP('',(#9210,#9211,#9212,#9213,#9214,#9215));
#1514=EDGE_LOOP('',(#9216));
#1515=EDGE_LOOP('',(#9217,#9218,#9219,#9220));
#1516=EDGE_LOOP('',(#9221,#9222,#9223,#9224,#9225,#9226,#9227,#9228,#9229));
#1517=EDGE_LOOP('',(#9230,#9231,#9232,#9233,#9234,#9235));
#1518=EDGE_LOOP('',(#9236));
#1519=EDGE_LOOP('',(#9237,#9238,#9239,#9240));
#1520=EDGE_LOOP('',(#9241,#9242,#9243));
#1521=EDGE_LOOP('',(#9244,#9245,#9246));
#1522=EDGE_LOOP('',(#9247,#9248,#9249,#9250));
#1523=EDGE_LOOP('',(#9251,#9252,#9253,#9254));
#1524=EDGE_LOOP('',(#9255,#9256,#9257,#9258,#9259));
#1525=EDGE_LOOP('',(#9260,#9261,#9262,#9263));
#1526=EDGE_LOOP('',(#9264,#9265,#9266,#9267,#9268,#9269));
#1527=EDGE_LOOP('',(#9270));
#1528=EDGE_LOOP('',(#9271,#9272,#9273,#9274,#9275));
#1529=EDGE_LOOP('',(#9276,#9277,#9278));
#1530=EDGE_LOOP('',(#9279,#9280,#9281,#9282));
#1531=EDGE_LOOP('',(#9283,#9284,#9285,#9286,#9287));
#1532=EDGE_LOOP('',(#9288,#9289,#9290,#9291));
#1533=EDGE_LOOP('',(#9292,#9293,#9294));
#1534=EDGE_LOOP('',(#9295,#9296,#9297,#9298,#9299));
#1535=EDGE_LOOP('',(#9300,#9301,#9302,#9303));
#1536=EDGE_LOOP('',(#9304,#9305,#9306,#9307));
#1537=EDGE_LOOP('',(#9308,#9309,#9310,#9311));
#1538=EDGE_LOOP('',(#9312,#9313,#9314,#9315,#9316,#9317));
#1539=EDGE_LOOP('',(#9318));
#1540=EDGE_LOOP('',(#9319,#9320,#9321,#9322));
#1541=EDGE_LOOP('',(#9323,#9324,#9325,#9326));
#1542=EDGE_LOOP('',(#9327,#9328,#9329,#9330));
#1543=EDGE_LOOP('',(#9331,#9332,#9333,#9334));
#1544=EDGE_LOOP('',(#9335,#9336,#9337,#9338,#9339,#9340));
#1545=EDGE_LOOP('',(#9341));
#1546=EDGE_LOOP('',(#9342,#9343,#9344,#9345,#9346,#9347));
#1547=EDGE_LOOP('',(#9348,#9349,#9350,#9351));
#1548=EDGE_LOOP('',(#9352,#9353,#9354,#9355,#9356,#9357));
#1549=EDGE_LOOP('',(#9358,#9359,#9360,#9361));
#1550=EDGE_LOOP('',(#9362,#9363,#9364,#9365));
#1551=EDGE_LOOP('',(#9366,#9367,#9368,#9369,#9370,#9371,#9372,#9373,#9374,
#9375));
#1552=EDGE_LOOP('',(#9376,#9377,#9378,#9379,#9380,#9381));
#1553=EDGE_LOOP('',(#9382,#9383,#9384,#9385));
#1554=EDGE_LOOP('',(#9386,#9387,#9388,#9389));
#1555=EDGE_LOOP('',(#9390,#9391,#9392,#9393));
#1556=EDGE_LOOP('',(#9394,#9395,#9396,#9397));
#1557=EDGE_LOOP('',(#9398,#9399,#9400,#9401,#9402,#9403,#9404,#9405,#9406,
#9407,#9408,#9409));
#1558=EDGE_LOOP('',(#9410,#9411,#9412,#9413,#9414,#9415));
#1559=EDGE_LOOP('',(#9416,#9417,#9418,#9419,#9420,#9421,#9422,#9423));
#1560=EDGE_LOOP('',(#9424,#9425,#9426,#9427,#9428,#9429,#9430,#9431));
#1561=EDGE_LOOP('',(#9432,#9433,#9434,#9435,#9436,#9437,#9438,#9439,#9440,
#9441,#9442,#9443,#9444,#9445,#9446,#9447));
#1562=EDGE_LOOP('',(#9448,#9449,#9450,#9451,#9452,#9453));
#1563=EDGE_LOOP('',(#9454,#9455,#9456,#9457,#9458,#9459,#9460,#9461,#9462,
#9463,#9464,#9465));
#1564=EDGE_LOOP('',(#9466,#9467,#9468,#9469,#9470,#9471,#9472,#9473,#9474,
#9475,#9476));
#1565=EDGE_LOOP('',(#9477,#9478,#9479,#9480));
#1566=EDGE_LOOP('',(#9481,#9482,#9483,#9484,#9485,#9486));
#1567=EDGE_LOOP('',(#9487));
#1568=EDGE_LOOP('',(#9488,#9489,#9490,#9491,#9492,#9493));
#1569=EDGE_LOOP('',(#9494));
#1570=EDGE_LOOP('',(#9495,#9496,#9497,#9498));
#1571=EDGE_LOOP('',(#9499,#9500,#9501,#9502,#9503,#9504,#9505,#9506,#9507));
#1572=EDGE_LOOP('',(#9508,#9509,#9510,#9511,#9512,#9513));
#1573=EDGE_LOOP('',(#9514));
#1574=EDGE_LOOP('',(#9515,#9516,#9517,#9518));
#1575=EDGE_LOOP('',(#9519,#9520,#9521));
#1576=EDGE_LOOP('',(#9522,#9523,#9524));
#1577=EDGE_LOOP('',(#9525,#9526,#9527,#9528));
#1578=EDGE_LOOP('',(#9529,#9530,#9531,#9532));
#1579=EDGE_LOOP('',(#9533,#9534,#9535,#9536,#9537));
#1580=EDGE_LOOP('',(#9538,#9539,#9540,#9541));
#1581=EDGE_LOOP('',(#9542,#9543,#9544,#9545,#9546,#9547));
#1582=EDGE_LOOP('',(#9548));
#1583=EDGE_LOOP('',(#9549,#9550,#9551,#9552,#9553));
#1584=EDGE_LOOP('',(#9554,#9555,#9556));
#1585=EDGE_LOOP('',(#9557,#9558,#9559,#9560));
#1586=EDGE_LOOP('',(#9561,#9562,#9563,#9564,#9565));
#1587=EDGE_LOOP('',(#9566,#9567,#9568,#9569));
#1588=EDGE_LOOP('',(#9570,#9571,#9572));
#1589=EDGE_LOOP('',(#9573,#9574,#9575,#9576,#9577));
#1590=EDGE_LOOP('',(#9578,#9579,#9580,#9581));
#1591=EDGE_LOOP('',(#9582,#9583,#9584,#9585));
#1592=EDGE_LOOP('',(#9586,#9587,#9588,#9589));
#1593=EDGE_LOOP('',(#9590,#9591,#9592,#9593,#9594,#9595));
#1594=EDGE_LOOP('',(#9596));
#1595=EDGE_LOOP('',(#9597,#9598,#9599,#9600));
#1596=EDGE_LOOP('',(#9601,#9602,#9603,#9604));
#1597=EDGE_LOOP('',(#9605,#9606,#9607,#9608));
#1598=EDGE_LOOP('',(#9609,#9610,#9611,#9612));
#1599=EDGE_LOOP('',(#9613,#9614,#9615,#9616,#9617,#9618));
#1600=EDGE_LOOP('',(#9619));
#1601=EDGE_LOOP('',(#9620,#9621,#9622,#9623,#9624,#9625));
#1602=EDGE_LOOP('',(#9626,#9627,#9628,#9629));
#1603=EDGE_LOOP('',(#9630,#9631,#9632,#9633,#9634,#9635));
#1604=EDGE_LOOP('',(#9636,#9637,#9638,#9639));
#1605=EDGE_LOOP('',(#9640,#9641,#9642,#9643));
#1606=EDGE_LOOP('',(#9644,#9645,#9646,#9647,#9648,#9649,#9650,#9651,#9652,
#9653));
#1607=EDGE_LOOP('',(#9654,#9655,#9656,#9657,#9658,#9659));
#1608=EDGE_LOOP('',(#9660,#9661,#9662,#9663));
#1609=EDGE_LOOP('',(#9664,#9665,#9666,#9667));
#1610=EDGE_LOOP('',(#9668,#9669,#9670,#9671));
#1611=EDGE_LOOP('',(#9672,#9673,#9674,#9675));
#1612=EDGE_LOOP('',(#9676,#9677,#9678,#9679,#9680,#9681,#9682,#9683,#9684,
#9685,#9686,#9687));
#1613=EDGE_LOOP('',(#9688,#9689,#9690,#9691,#9692,#9693));
#1614=EDGE_LOOP('',(#9694,#9695,#9696,#9697,#9698,#9699,#9700,#9701));
#1615=EDGE_LOOP('',(#9702,#9703,#9704,#9705,#9706,#9707,#9708,#9709));
#1616=EDGE_LOOP('',(#9710,#9711,#9712,#9713,#9714,#9715,#9716,#9717,#9718,
#9719,#9720,#9721,#9722,#9723,#9724,#9725));
#1617=EDGE_LOOP('',(#9726,#9727,#9728,#9729,#9730,#9731));
#1618=EDGE_LOOP('',(#9732,#9733,#9734,#9735,#9736,#9737,#9738,#9739,#9740,
#9741,#9742,#9743));
#1619=EDGE_LOOP('',(#9744,#9745,#9746,#9747,#9748,#9749,#9750,#9751,#9752,
#9753,#9754));
#1620=EDGE_LOOP('',(#9755,#9756,#9757,#9758));
#1621=EDGE_LOOP('',(#9759,#9760,#9761,#9762,#9763,#9764));
#1622=EDGE_LOOP('',(#9765));
#1623=EDGE_LOOP('',(#9766,#9767,#9768,#9769,#9770,#9771));
#1624=EDGE_LOOP('',(#9772));
#1625=EDGE_LOOP('',(#9773,#9774,#9775,#9776));
#1626=EDGE_LOOP('',(#9777,#9778,#9779,#9780,#9781,#9782,#9783,#9784,#9785));
#1627=EDGE_LOOP('',(#9786,#9787,#9788,#9789,#9790,#9791));
#1628=EDGE_LOOP('',(#9792));
#1629=EDGE_LOOP('',(#9793,#9794,#9795,#9796));
#1630=EDGE_LOOP('',(#9797,#9798,#9799));
#1631=EDGE_LOOP('',(#9800,#9801,#9802));
#1632=EDGE_LOOP('',(#9803,#9804,#9805,#9806));
#1633=EDGE_LOOP('',(#9807,#9808,#9809,#9810));
#1634=EDGE_LOOP('',(#9811,#9812,#9813,#9814,#9815));
#1635=EDGE_LOOP('',(#9816,#9817,#9818,#9819));
#1636=EDGE_LOOP('',(#9820,#9821,#9822,#9823,#9824,#9825));
#1637=EDGE_LOOP('',(#9826));
#1638=EDGE_LOOP('',(#9827,#9828,#9829,#9830,#9831));
#1639=EDGE_LOOP('',(#9832,#9833,#9834));
#1640=EDGE_LOOP('',(#9835,#9836,#9837,#9838));
#1641=EDGE_LOOP('',(#9839,#9840,#9841,#9842,#9843));
#1642=EDGE_LOOP('',(#9844,#9845,#9846,#9847));
#1643=EDGE_LOOP('',(#9848,#9849,#9850));
#1644=EDGE_LOOP('',(#9851,#9852,#9853,#9854,#9855));
#1645=EDGE_LOOP('',(#9856,#9857,#9858,#9859));
#1646=EDGE_LOOP('',(#9860,#9861,#9862,#9863));
#1647=EDGE_LOOP('',(#9864,#9865,#9866,#9867));
#1648=EDGE_LOOP('',(#9868,#9869,#9870,#9871,#9872,#9873));
#1649=EDGE_LOOP('',(#9874));
#1650=EDGE_LOOP('',(#9875,#9876,#9877,#9878));
#1651=EDGE_LOOP('',(#9879,#9880,#9881,#9882));
#1652=EDGE_LOOP('',(#9883,#9884,#9885,#9886));
#1653=EDGE_LOOP('',(#9887,#9888,#9889,#9890));
#1654=EDGE_LOOP('',(#9891,#9892,#9893,#9894,#9895,#9896));
#1655=EDGE_LOOP('',(#9897));
#1656=EDGE_LOOP('',(#9898,#9899,#9900,#9901,#9902,#9903));
#1657=EDGE_LOOP('',(#9904,#9905,#9906,#9907));
#1658=EDGE_LOOP('',(#9908,#9909,#9910,#9911,#9912,#9913));
#1659=EDGE_LOOP('',(#9914,#9915,#9916,#9917));
#1660=EDGE_LOOP('',(#9918,#9919,#9920,#9921));
#1661=EDGE_LOOP('',(#9922,#9923,#9924,#9925,#9926,#9927,#9928,#9929,#9930,
#9931));
#1662=EDGE_LOOP('',(#9932,#9933,#9934,#9935,#9936,#9937));
#1663=EDGE_LOOP('',(#9938,#9939,#9940,#9941));
#1664=EDGE_LOOP('',(#9942,#9943,#9944,#9945));
#1665=EDGE_LOOP('',(#9946,#9947,#9948,#9949));
#1666=EDGE_LOOP('',(#9950,#9951,#9952,#9953));
#1667=EDGE_LOOP('',(#9954,#9955,#9956,#9957,#9958,#9959,#9960,#9961,#9962,
#9963,#9964,#9965));
#1668=EDGE_LOOP('',(#9966,#9967,#9968,#9969,#9970,#9971));
#1669=EDGE_LOOP('',(#9972,#9973,#9974,#9975,#9976,#9977,#9978,#9979));
#1670=EDGE_LOOP('',(#9980,#9981,#9982,#9983,#9984,#9985,#9986,#9987));
#1671=EDGE_LOOP('',(#9988,#9989,#9990,#9991,#9992,#9993,#9994,#9995,#9996,
#9997,#9998,#9999,#10000,#10001,#10002,#10003));
#1672=EDGE_LOOP('',(#10004,#10005,#10006,#10007,#10008,#10009));
#1673=EDGE_LOOP('',(#10010,#10011,#10012,#10013,#10014,#10015,#10016,#10017,
#10018,#10019,#10020,#10021));
#1674=EDGE_LOOP('',(#10022,#10023,#10024,#10025,#10026,#10027,#10028,#10029,
#10030,#10031,#10032));
#1675=EDGE_LOOP('',(#10033,#10034,#10035,#10036));
#1676=EDGE_LOOP('',(#10037,#10038,#10039,#10040,#10041,#10042));
#1677=EDGE_LOOP('',(#10043));
#1678=EDGE_LOOP('',(#10044,#10045,#10046,#10047,#10048,#10049));
#1679=EDGE_LOOP('',(#10050));
#1680=EDGE_LOOP('',(#10051,#10052,#10053,#10054));
#1681=EDGE_LOOP('',(#10055,#10056,#10057,#10058,#10059,#10060,#10061,#10062,
#10063));
#1682=EDGE_LOOP('',(#10064,#10065,#10066,#10067,#10068,#10069));
#1683=EDGE_LOOP('',(#10070));
#1684=EDGE_LOOP('',(#10071,#10072,#10073,#10074));
#1685=EDGE_LOOP('',(#10075,#10076,#10077));
#1686=EDGE_LOOP('',(#10078,#10079,#10080));
#1687=EDGE_LOOP('',(#10081,#10082,#10083,#10084));
#1688=EDGE_LOOP('',(#10085,#10086,#10087,#10088));
#1689=EDGE_LOOP('',(#10089,#10090,#10091,#10092,#10093));
#1690=EDGE_LOOP('',(#10094,#10095,#10096,#10097));
#1691=EDGE_LOOP('',(#10098,#10099,#10100,#10101,#10102,#10103));
#1692=EDGE_LOOP('',(#10104));
#1693=EDGE_LOOP('',(#10105,#10106,#10107,#10108,#10109));
#1694=EDGE_LOOP('',(#10110,#10111,#10112));
#1695=EDGE_LOOP('',(#10113,#10114,#10115,#10116));
#1696=EDGE_LOOP('',(#10117,#10118,#10119,#10120,#10121));
#1697=EDGE_LOOP('',(#10122,#10123,#10124,#10125));
#1698=EDGE_LOOP('',(#10126,#10127,#10128));
#1699=EDGE_LOOP('',(#10129,#10130,#10131,#10132,#10133));
#1700=EDGE_LOOP('',(#10134,#10135,#10136,#10137));
#1701=EDGE_LOOP('',(#10138,#10139,#10140,#10141));
#1702=EDGE_LOOP('',(#10142,#10143,#10144,#10145));
#1703=EDGE_LOOP('',(#10146,#10147,#10148,#10149,#10150,#10151));
#1704=EDGE_LOOP('',(#10152));
#1705=EDGE_LOOP('',(#10153,#10154,#10155,#10156));
#1706=EDGE_LOOP('',(#10157,#10158,#10159,#10160));
#1707=EDGE_LOOP('',(#10161,#10162,#10163,#10164));
#1708=EDGE_LOOP('',(#10165,#10166,#10167,#10168));
#1709=EDGE_LOOP('',(#10169,#10170,#10171,#10172,#10173,#10174));
#1710=EDGE_LOOP('',(#10175));
#1711=EDGE_LOOP('',(#10176,#10177,#10178,#10179,#10180,#10181));
#1712=EDGE_LOOP('',(#10182,#10183,#10184,#10185));
#1713=EDGE_LOOP('',(#10186,#10187,#10188,#10189,#10190,#10191));
#1714=EDGE_LOOP('',(#10192,#10193,#10194,#10195));
#1715=EDGE_LOOP('',(#10196,#10197,#10198,#10199));
#1716=EDGE_LOOP('',(#10200,#10201,#10202,#10203,#10204,#10205,#10206,#10207,
#10208,#10209));
#1717=EDGE_LOOP('',(#10210,#10211,#10212,#10213,#10214,#10215));
#1718=EDGE_LOOP('',(#10216,#10217,#10218,#10219));
#1719=EDGE_LOOP('',(#10220,#10221,#10222,#10223));
#1720=EDGE_LOOP('',(#10224,#10225,#10226,#10227));
#1721=EDGE_LOOP('',(#10228,#10229,#10230,#10231));
#1722=EDGE_LOOP('',(#10232,#10233,#10234,#10235,#10236,#10237,#10238,#10239,
#10240,#10241,#10242,#10243));
#1723=EDGE_LOOP('',(#10244,#10245,#10246,#10247,#10248,#10249));
#1724=EDGE_LOOP('',(#10250,#10251,#10252,#10253,#10254,#10255,#10256,#10257));
#1725=EDGE_LOOP('',(#10258,#10259,#10260,#10261,#10262,#10263,#10264,#10265));
#1726=EDGE_LOOP('',(#10266,#10267,#10268,#10269,#10270,#10271,#10272,#10273,
#10274,#10275,#10276,#10277,#10278,#10279,#10280,#10281));
#1727=EDGE_LOOP('',(#10282,#10283,#10284,#10285,#10286,#10287));
#1728=EDGE_LOOP('',(#10288,#10289,#10290,#10291,#10292,#10293,#10294,#10295,
#10296,#10297,#10298,#10299));
#1729=EDGE_LOOP('',(#10300,#10301,#10302,#10303,#10304,#10305,#10306,#10307,
#10308,#10309,#10310));
#1730=EDGE_LOOP('',(#10311,#10312,#10313,#10314));
#1731=EDGE_LOOP('',(#10315,#10316,#10317,#10318,#10319,#10320));
#1732=EDGE_LOOP('',(#10321));
#1733=EDGE_LOOP('',(#10322,#10323,#10324,#10325,#10326,#10327));
#1734=EDGE_LOOP('',(#10328));
#1735=EDGE_LOOP('',(#10329,#10330,#10331,#10332));
#1736=EDGE_LOOP('',(#10333,#10334,#10335,#10336,#10337,#10338,#10339,#10340,
#10341));
#1737=EDGE_LOOP('',(#10342,#10343,#10344,#10345,#10346,#10347));
#1738=EDGE_LOOP('',(#10348));
#1739=EDGE_LOOP('',(#10349,#10350,#10351,#10352));
#1740=CIRCLE('',#10961,2.1);
#1741=CIRCLE('',#10963,2.1);
#1742=CIRCLE('',#10977,2.3);
#1743=CIRCLE('',#10978,0.600000000000001);
#1744=CIRCLE('',#10983,2.3);
#1745=CIRCLE('',#10984,0.600000000000001);
#1746=CIRCLE('',#11016,2.1);
#1747=CIRCLE('',#11018,2.1);
#1748=CIRCLE('',#11032,2.3);
#1749=CIRCLE('',#11033,0.600000000000001);
#1750=CIRCLE('',#11038,2.3);
#1751=CIRCLE('',#11039,0.600000000000001);
#1752=CIRCLE('',#11071,2.1);
#1753=CIRCLE('',#11073,2.1);
#1754=CIRCLE('',#11087,2.3);
#1755=CIRCLE('',#11088,0.600000000000001);
#1756=CIRCLE('',#11093,2.3);
#1757=CIRCLE('',#11094,0.600000000000001);
#1758=CIRCLE('',#11126,2.1);
#1759=CIRCLE('',#11128,2.1);
#1760=CIRCLE('',#11142,2.3);
#1761=CIRCLE('',#11143,0.600000000000001);
#1762=CIRCLE('',#11148,2.3);
#1763=CIRCLE('',#11149,0.600000000000001);
#1764=CIRCLE('',#11181,2.1);
#1765=CIRCLE('',#11183,2.1);
#1766=CIRCLE('',#11197,2.3);
#1767=CIRCLE('',#11198,0.600000000000001);
#1768=CIRCLE('',#11203,2.3);
#1769=CIRCLE('',#11204,0.600000000000001);
#1770=CIRCLE('',#11236,2.1);
#1771=CIRCLE('',#11238,2.1);
#1772=CIRCLE('',#11252,2.3);
#1773=CIRCLE('',#11253,0.600000000000001);
#1774=CIRCLE('',#11258,2.3);
#1775=CIRCLE('',#11259,0.600000000000001);
#1776=CIRCLE('',#11291,2.1);
#1777=CIRCLE('',#11293,2.1);
#1778=CIRCLE('',#11307,2.3);
#1779=CIRCLE('',#11308,0.600000000000001);
#1780=CIRCLE('',#11313,2.3);
#1781=CIRCLE('',#11314,0.600000000000001);
#1782=CIRCLE('',#11346,2.1);
#1783=CIRCLE('',#11348,2.1);
#1784=CIRCLE('',#11362,2.3);
#1785=CIRCLE('',#11363,0.600000000000001);
#1786=CIRCLE('',#11368,2.3);
#1787=CIRCLE('',#11369,0.600000000000001);
#1788=CIRCLE('',#11401,2.1);
#1789=CIRCLE('',#11403,2.1);
#1790=CIRCLE('',#11417,2.3);
#1791=CIRCLE('',#11418,0.600000000000001);
#1792=CIRCLE('',#11423,2.3);
#1793=CIRCLE('',#11424,0.600000000000001);
#1794=CIRCLE('',#11456,2.1);
#1795=CIRCLE('',#11458,2.1);
#1796=CIRCLE('',#11472,2.3);
#1797=CIRCLE('',#11473,0.600000000000001);
#1798=CIRCLE('',#11478,2.3);
#1799=CIRCLE('',#11479,0.600000000000001);
#1800=CIRCLE('',#11511,2.1);
#1801=CIRCLE('',#11513,2.1);
#1802=CIRCLE('',#11527,2.3);
#1803=CIRCLE('',#11528,0.600000000000001);
#1804=CIRCLE('',#11533,2.3);
#1805=CIRCLE('',#11534,0.600000000000001);
#1806=LINE('',#14244,#3269);
#1807=LINE('',#14250,#3270);
#1808=LINE('',#14254,#3271);
#1809=LINE('',#14256,#3272);
#1810=LINE('',#14258,#3273);
#1811=LINE('',#14259,#3274);
#1812=LINE('',#14263,#3275);
#1813=LINE('',#14265,#3276);
#1814=LINE('',#14267,#3277);
#1815=LINE('',#14268,#3278);
#1816=LINE('',#14272,#3279);
#1817=LINE('',#14274,#3280);
#1818=LINE('',#14276,#3281);
#1819=LINE('',#14278,#3282);
#1820=LINE('',#14279,#3283);
#1821=LINE('',#14281,#3284);
#1822=LINE('',#14282,#3285);
#1823=LINE('',#14285,#3286);
#1824=LINE('',#14287,#3287);
#1825=LINE('',#14288,#3288);
#1826=LINE('',#14291,#3289);
#1827=LINE('',#14293,#3290);
#1828=LINE('',#14294,#3291);
#1829=LINE('',#14296,#3292);
#1830=LINE('',#14300,#3293);
#1831=LINE('',#14302,#3294);
#1832=LINE('',#14304,#3295);
#1833=LINE('',#14305,#3296);
#1834=LINE('',#14309,#3297);
#1835=LINE('',#14311,#3298);
#1836=LINE('',#14313,#3299);
#1837=LINE('',#14315,#3300);
#1838=LINE('',#14316,#3301);
#1839=LINE('',#14319,#3302);
#1840=LINE('',#14321,#3303);
#1841=LINE('',#14322,#3304);
#1842=LINE('',#14325,#3305);
#1843=LINE('',#14326,#3306);
#1844=LINE('',#14329,#3307);
#1845=LINE('',#14331,#3308);
#1846=LINE('',#14332,#3309);
#1847=LINE('',#14337,#3310);
#1848=LINE('',#14342,#3311);
#1849=LINE('',#14344,#3312);
#1850=LINE('',#14346,#3313);
#1851=LINE('',#14347,#3314);
#1852=LINE('',#14350,#3315);
#1853=LINE('',#14352,#3316);
#1854=LINE('',#14353,#3317);
#1855=LINE('',#14356,#3318);
#1856=LINE('',#14358,#3319);
#1857=LINE('',#14360,#3320);
#1858=LINE('',#14361,#3321);
#1859=LINE('',#14366,#3322);
#1860=LINE('',#14371,#3323);
#1861=LINE('',#14373,#3324);
#1862=LINE('',#14375,#3325);
#1863=LINE('',#14376,#3326);
#1864=LINE('',#14379,#3327);
#1865=LINE('',#14381,#3328);
#1866=LINE('',#14382,#3329);
#1867=LINE('',#14385,#3330);
#1868=LINE('',#14387,#3331);
#1869=LINE('',#14388,#3332);
#1870=LINE('',#14391,#3333);
#1871=LINE('',#14393,#3334);
#1872=LINE('',#14394,#3335);
#1873=LINE('',#14398,#3336);
#1874=LINE('',#14400,#3337);
#1875=LINE('',#14402,#3338);
#1876=LINE('',#14404,#3339);
#1877=LINE('',#14406,#3340);
#1878=LINE('',#14407,#3341);
#1879=LINE('',#14410,#3342);
#1880=LINE('',#14412,#3343);
#1881=LINE('',#14413,#3344);
#1882=LINE('',#14416,#3345);
#1883=LINE('',#14418,#3346);
#1884=LINE('',#14419,#3347);
#1885=LINE('',#14420,#3348);
#1886=LINE('',#14423,#3349);
#1887=LINE('',#14424,#3350);
#1888=LINE('',#14426,#3351);
#1889=LINE('',#14428,#3352);
#1890=LINE('',#14429,#3353);
#1891=LINE('',#14430,#3354);
#1892=LINE('',#14434,#3355);
#1893=LINE('',#14436,#3356);
#1894=LINE('',#14438,#3357);
#1895=LINE('',#14440,#3358);
#1896=LINE('',#14442,#3359);
#1897=LINE('',#14443,#3360);
#1898=LINE('',#14447,#3361);
#1899=LINE('',#14448,#3362);
#1900=LINE('',#14449,#3363);
#1901=LINE('',#14452,#3364);
#1902=LINE('',#14453,#3365);
#1903=LINE('',#14456,#3366);
#1904=LINE('',#14457,#3367);
#1905=LINE('',#14460,#3368);
#1906=LINE('',#14461,#3369);
#1907=LINE('',#14465,#3370);
#1908=LINE('',#14466,#3371);
#1909=LINE('',#14467,#3372);
#1910=LINE('',#14469,#3373);
#1911=LINE('',#14471,#3374);
#1912=LINE('',#14473,#3375);
#1913=LINE('',#14474,#3376);
#1914=LINE('',#14476,#3377);
#1915=LINE('',#14477,#3378);
#1916=LINE('',#14479,#3379);
#1917=LINE('',#14481,#3380);
#1918=LINE('',#14483,#3381);
#1919=LINE('',#14485,#3382);
#1920=LINE('',#14486,#3383);
#1921=LINE('',#14489,#3384);
#1922=LINE('',#14490,#3385);
#1923=LINE('',#14492,#3386);
#1924=LINE('',#14494,#3387);
#1925=LINE('',#14495,#3388);
#1926=LINE('',#14497,#3389);
#1927=LINE('',#14499,#3390);
#1928=LINE('',#14500,#3391);
#1929=LINE('',#14502,#3392);
#1930=LINE('',#14505,#3393);
#1931=LINE('',#14507,#3394);
#1932=LINE('',#14508,#3395);
#1933=LINE('',#14509,#3396);
#1934=LINE('',#14511,#3397);
#1935=LINE('',#14513,#3398);
#1936=LINE('',#14515,#3399);
#1937=LINE('',#14517,#3400);
#1938=LINE('',#14521,#3401);
#1939=LINE('',#14526,#3402);
#1940=LINE('',#14532,#3403);
#1941=LINE('',#14536,#3404);
#1942=LINE('',#14538,#3405);
#1943=LINE('',#14540,#3406);
#1944=LINE('',#14541,#3407);
#1945=LINE('',#14545,#3408);
#1946=LINE('',#14547,#3409);
#1947=LINE('',#14549,#3410);
#1948=LINE('',#14550,#3411);
#1949=LINE('',#14554,#3412);
#1950=LINE('',#14556,#3413);
#1951=LINE('',#14558,#3414);
#1952=LINE('',#14560,#3415);
#1953=LINE('',#14561,#3416);
#1954=LINE('',#14563,#3417);
#1955=LINE('',#14564,#3418);
#1956=LINE('',#14567,#3419);
#1957=LINE('',#14569,#3420);
#1958=LINE('',#14570,#3421);
#1959=LINE('',#14573,#3422);
#1960=LINE('',#14575,#3423);
#1961=LINE('',#14576,#3424);
#1962=LINE('',#14578,#3425);
#1963=LINE('',#14582,#3426);
#1964=LINE('',#14584,#3427);
#1965=LINE('',#14586,#3428);
#1966=LINE('',#14587,#3429);
#1967=LINE('',#14591,#3430);
#1968=LINE('',#14593,#3431);
#1969=LINE('',#14595,#3432);
#1970=LINE('',#14597,#3433);
#1971=LINE('',#14598,#3434);
#1972=LINE('',#14601,#3435);
#1973=LINE('',#14603,#3436);
#1974=LINE('',#14604,#3437);
#1975=LINE('',#14607,#3438);
#1976=LINE('',#14608,#3439);
#1977=LINE('',#14611,#3440);
#1978=LINE('',#14613,#3441);
#1979=LINE('',#14614,#3442);
#1980=LINE('',#14619,#3443);
#1981=LINE('',#14624,#3444);
#1982=LINE('',#14626,#3445);
#1983=LINE('',#14628,#3446);
#1984=LINE('',#14629,#3447);
#1985=LINE('',#14632,#3448);
#1986=LINE('',#14634,#3449);
#1987=LINE('',#14635,#3450);
#1988=LINE('',#14638,#3451);
#1989=LINE('',#14640,#3452);
#1990=LINE('',#14642,#3453);
#1991=LINE('',#14643,#3454);
#1992=LINE('',#14648,#3455);
#1993=LINE('',#14653,#3456);
#1994=LINE('',#14655,#3457);
#1995=LINE('',#14657,#3458);
#1996=LINE('',#14658,#3459);
#1997=LINE('',#14661,#3460);
#1998=LINE('',#14663,#3461);
#1999=LINE('',#14664,#3462);
#2000=LINE('',#14667,#3463);
#2001=LINE('',#14669,#3464);
#2002=LINE('',#14670,#3465);
#2003=LINE('',#14673,#3466);
#2004=LINE('',#14675,#3467);
#2005=LINE('',#14676,#3468);
#2006=LINE('',#14680,#3469);
#2007=LINE('',#14682,#3470);
#2008=LINE('',#14684,#3471);
#2009=LINE('',#14686,#3472);
#2010=LINE('',#14688,#3473);
#2011=LINE('',#14689,#3474);
#2012=LINE('',#14692,#3475);
#2013=LINE('',#14694,#3476);
#2014=LINE('',#14695,#3477);
#2015=LINE('',#14698,#3478);
#2016=LINE('',#14700,#3479);
#2017=LINE('',#14701,#3480);
#2018=LINE('',#14702,#3481);
#2019=LINE('',#14705,#3482);
#2020=LINE('',#14706,#3483);
#2021=LINE('',#14708,#3484);
#2022=LINE('',#14710,#3485);
#2023=LINE('',#14711,#3486);
#2024=LINE('',#14712,#3487);
#2025=LINE('',#14716,#3488);
#2026=LINE('',#14718,#3489);
#2027=LINE('',#14720,#3490);
#2028=LINE('',#14722,#3491);
#2029=LINE('',#14724,#3492);
#2030=LINE('',#14725,#3493);
#2031=LINE('',#14729,#3494);
#2032=LINE('',#14730,#3495);
#2033=LINE('',#14731,#3496);
#2034=LINE('',#14734,#3497);
#2035=LINE('',#14735,#3498);
#2036=LINE('',#14738,#3499);
#2037=LINE('',#14739,#3500);
#2038=LINE('',#14742,#3501);
#2039=LINE('',#14743,#3502);
#2040=LINE('',#14747,#3503);
#2041=LINE('',#14748,#3504);
#2042=LINE('',#14749,#3505);
#2043=LINE('',#14751,#3506);
#2044=LINE('',#14753,#3507);
#2045=LINE('',#14755,#3508);
#2046=LINE('',#14756,#3509);
#2047=LINE('',#14758,#3510);
#2048=LINE('',#14759,#3511);
#2049=LINE('',#14761,#3512);
#2050=LINE('',#14763,#3513);
#2051=LINE('',#14765,#3514);
#2052=LINE('',#14767,#3515);
#2053=LINE('',#14768,#3516);
#2054=LINE('',#14771,#3517);
#2055=LINE('',#14772,#3518);
#2056=LINE('',#14774,#3519);
#2057=LINE('',#14776,#3520);
#2058=LINE('',#14777,#3521);
#2059=LINE('',#14779,#3522);
#2060=LINE('',#14781,#3523);
#2061=LINE('',#14782,#3524);
#2062=LINE('',#14784,#3525);
#2063=LINE('',#14787,#3526);
#2064=LINE('',#14789,#3527);
#2065=LINE('',#14790,#3528);
#2066=LINE('',#14791,#3529);
#2067=LINE('',#14793,#3530);
#2068=LINE('',#14795,#3531);
#2069=LINE('',#14797,#3532);
#2070=LINE('',#14799,#3533);
#2071=LINE('',#14803,#3534);
#2072=LINE('',#14808,#3535);
#2073=LINE('',#14814,#3536);
#2074=LINE('',#14818,#3537);
#2075=LINE('',#14820,#3538);
#2076=LINE('',#14822,#3539);
#2077=LINE('',#14823,#3540);
#2078=LINE('',#14827,#3541);
#2079=LINE('',#14829,#3542);
#2080=LINE('',#14831,#3543);
#2081=LINE('',#14832,#3544);
#2082=LINE('',#14836,#3545);
#2083=LINE('',#14838,#3546);
#2084=LINE('',#14840,#3547);
#2085=LINE('',#14842,#3548);
#2086=LINE('',#14843,#3549);
#2087=LINE('',#14845,#3550);
#2088=LINE('',#14846,#3551);
#2089=LINE('',#14849,#3552);
#2090=LINE('',#14851,#3553);
#2091=LINE('',#14852,#3554);
#2092=LINE('',#14855,#3555);
#2093=LINE('',#14857,#3556);
#2094=LINE('',#14858,#3557);
#2095=LINE('',#14860,#3558);
#2096=LINE('',#14864,#3559);
#2097=LINE('',#14866,#3560);
#2098=LINE('',#14868,#3561);
#2099=LINE('',#14869,#3562);
#2100=LINE('',#14873,#3563);
#2101=LINE('',#14875,#3564);
#2102=LINE('',#14877,#3565);
#2103=LINE('',#14879,#3566);
#2104=LINE('',#14880,#3567);
#2105=LINE('',#14883,#3568);
#2106=LINE('',#14885,#3569);
#2107=LINE('',#14886,#3570);
#2108=LINE('',#14889,#3571);
#2109=LINE('',#14890,#3572);
#2110=LINE('',#14893,#3573);
#2111=LINE('',#14895,#3574);
#2112=LINE('',#14896,#3575);
#2113=LINE('',#14901,#3576);
#2114=LINE('',#14906,#3577);
#2115=LINE('',#14908,#3578);
#2116=LINE('',#14910,#3579);
#2117=LINE('',#14911,#3580);
#2118=LINE('',#14914,#3581);
#2119=LINE('',#14916,#3582);
#2120=LINE('',#14917,#3583);
#2121=LINE('',#14920,#3584);
#2122=LINE('',#14922,#3585);
#2123=LINE('',#14924,#3586);
#2124=LINE('',#14925,#3587);
#2125=LINE('',#14930,#3588);
#2126=LINE('',#14935,#3589);
#2127=LINE('',#14937,#3590);
#2128=LINE('',#14939,#3591);
#2129=LINE('',#14940,#3592);
#2130=LINE('',#14943,#3593);
#2131=LINE('',#14945,#3594);
#2132=LINE('',#14946,#3595);
#2133=LINE('',#14949,#3596);
#2134=LINE('',#14951,#3597);
#2135=LINE('',#14952,#3598);
#2136=LINE('',#14955,#3599);
#2137=LINE('',#14957,#3600);
#2138=LINE('',#14958,#3601);
#2139=LINE('',#14962,#3602);
#2140=LINE('',#14964,#3603);
#2141=LINE('',#14966,#3604);
#2142=LINE('',#14968,#3605);
#2143=LINE('',#14970,#3606);
#2144=LINE('',#14971,#3607);
#2145=LINE('',#14974,#3608);
#2146=LINE('',#14976,#3609);
#2147=LINE('',#14977,#3610);
#2148=LINE('',#14980,#3611);
#2149=LINE('',#14982,#3612);
#2150=LINE('',#14983,#3613);
#2151=LINE('',#14984,#3614);
#2152=LINE('',#14987,#3615);
#2153=LINE('',#14988,#3616);
#2154=LINE('',#14990,#3617);
#2155=LINE('',#14992,#3618);
#2156=LINE('',#14993,#3619);
#2157=LINE('',#14994,#3620);
#2158=LINE('',#14998,#3621);
#2159=LINE('',#15000,#3622);
#2160=LINE('',#15002,#3623);
#2161=LINE('',#15004,#3624);
#2162=LINE('',#15006,#3625);
#2163=LINE('',#15007,#3626);
#2164=LINE('',#15011,#3627);
#2165=LINE('',#15012,#3628);
#2166=LINE('',#15013,#3629);
#2167=LINE('',#15016,#3630);
#2168=LINE('',#15017,#3631);
#2169=LINE('',#15020,#3632);
#2170=LINE('',#15021,#3633);
#2171=LINE('',#15024,#3634);
#2172=LINE('',#15025,#3635);
#2173=LINE('',#15029,#3636);
#2174=LINE('',#15030,#3637);
#2175=LINE('',#15031,#3638);
#2176=LINE('',#15033,#3639);
#2177=LINE('',#15035,#3640);
#2178=LINE('',#15037,#3641);
#2179=LINE('',#15038,#3642);
#2180=LINE('',#15040,#3643);
#2181=LINE('',#15041,#3644);
#2182=LINE('',#15043,#3645);
#2183=LINE('',#15045,#3646);
#2184=LINE('',#15047,#3647);
#2185=LINE('',#15049,#3648);
#2186=LINE('',#15050,#3649);
#2187=LINE('',#15053,#3650);
#2188=LINE('',#15054,#3651);
#2189=LINE('',#15056,#3652);
#2190=LINE('',#15058,#3653);
#2191=LINE('',#15059,#3654);
#2192=LINE('',#15061,#3655);
#2193=LINE('',#15063,#3656);
#2194=LINE('',#15064,#3657);
#2195=LINE('',#15066,#3658);
#2196=LINE('',#15069,#3659);
#2197=LINE('',#15071,#3660);
#2198=LINE('',#15072,#3661);
#2199=LINE('',#15073,#3662);
#2200=LINE('',#15075,#3663);
#2201=LINE('',#15077,#3664);
#2202=LINE('',#15079,#3665);
#2203=LINE('',#15081,#3666);
#2204=LINE('',#15085,#3667);
#2205=LINE('',#15090,#3668);
#2206=LINE('',#15096,#3669);
#2207=LINE('',#15100,#3670);
#2208=LINE('',#15102,#3671);
#2209=LINE('',#15104,#3672);
#2210=LINE('',#15105,#3673);
#2211=LINE('',#15109,#3674);
#2212=LINE('',#15111,#3675);
#2213=LINE('',#15113,#3676);
#2214=LINE('',#15114,#3677);
#2215=LINE('',#15118,#3678);
#2216=LINE('',#15120,#3679);
#2217=LINE('',#15122,#3680);
#2218=LINE('',#15124,#3681);
#2219=LINE('',#15125,#3682);
#2220=LINE('',#15127,#3683);
#2221=LINE('',#15128,#3684);
#2222=LINE('',#15131,#3685);
#2223=LINE('',#15133,#3686);
#2224=LINE('',#15134,#3687);
#2225=LINE('',#15137,#3688);
#2226=LINE('',#15139,#3689);
#2227=LINE('',#15140,#3690);
#2228=LINE('',#15142,#3691);
#2229=LINE('',#15146,#3692);
#2230=LINE('',#15148,#3693);
#2231=LINE('',#15150,#3694);
#2232=LINE('',#15151,#3695);
#2233=LINE('',#15155,#3696);
#2234=LINE('',#15157,#3697);
#2235=LINE('',#15159,#3698);
#2236=LINE('',#15161,#3699);
#2237=LINE('',#15162,#3700);
#2238=LINE('',#15165,#3701);
#2239=LINE('',#15167,#3702);
#2240=LINE('',#15168,#3703);
#2241=LINE('',#15171,#3704);
#2242=LINE('',#15172,#3705);
#2243=LINE('',#15175,#3706);
#2244=LINE('',#15177,#3707);
#2245=LINE('',#15178,#3708);
#2246=LINE('',#15183,#3709);
#2247=LINE('',#15188,#3710);
#2248=LINE('',#15190,#3711);
#2249=LINE('',#15192,#3712);
#2250=LINE('',#15193,#3713);
#2251=LINE('',#15196,#3714);
#2252=LINE('',#15198,#3715);
#2253=LINE('',#15199,#3716);
#2254=LINE('',#15202,#3717);
#2255=LINE('',#15204,#3718);
#2256=LINE('',#15206,#3719);
#2257=LINE('',#15207,#3720);
#2258=LINE('',#15212,#3721);
#2259=LINE('',#15217,#3722);
#2260=LINE('',#15219,#3723);
#2261=LINE('',#15221,#3724);
#2262=LINE('',#15222,#3725);
#2263=LINE('',#15225,#3726);
#2264=LINE('',#15227,#3727);
#2265=LINE('',#15228,#3728);
#2266=LINE('',#15231,#3729);
#2267=LINE('',#15233,#3730);
#2268=LINE('',#15234,#3731);
#2269=LINE('',#15237,#3732);
#2270=LINE('',#15239,#3733);
#2271=LINE('',#15240,#3734);
#2272=LINE('',#15244,#3735);
#2273=LINE('',#15246,#3736);
#2274=LINE('',#15248,#3737);
#2275=LINE('',#15250,#3738);
#2276=LINE('',#15252,#3739);
#2277=LINE('',#15253,#3740);
#2278=LINE('',#15256,#3741);
#2279=LINE('',#15258,#3742);
#2280=LINE('',#15259,#3743);
#2281=LINE('',#15262,#3744);
#2282=LINE('',#15264,#3745);
#2283=LINE('',#15265,#3746);
#2284=LINE('',#15266,#3747);
#2285=LINE('',#15269,#3748);
#2286=LINE('',#15270,#3749);
#2287=LINE('',#15272,#3750);
#2288=LINE('',#15274,#3751);
#2289=LINE('',#15275,#3752);
#2290=LINE('',#15276,#3753);
#2291=LINE('',#15280,#3754);
#2292=LINE('',#15282,#3755);
#2293=LINE('',#15284,#3756);
#2294=LINE('',#15286,#3757);
#2295=LINE('',#15288,#3758);
#2296=LINE('',#15289,#3759);
#2297=LINE('',#15293,#3760);
#2298=LINE('',#15294,#3761);
#2299=LINE('',#15295,#3762);
#2300=LINE('',#15298,#3763);
#2301=LINE('',#15299,#3764);
#2302=LINE('',#15302,#3765);
#2303=LINE('',#15303,#3766);
#2304=LINE('',#15306,#3767);
#2305=LINE('',#15307,#3768);
#2306=LINE('',#15311,#3769);
#2307=LINE('',#15312,#3770);
#2308=LINE('',#15313,#3771);
#2309=LINE('',#15315,#3772);
#2310=LINE('',#15317,#3773);
#2311=LINE('',#15319,#3774);
#2312=LINE('',#15320,#3775);
#2313=LINE('',#15322,#3776);
#2314=LINE('',#15323,#3777);
#2315=LINE('',#15325,#3778);
#2316=LINE('',#15327,#3779);
#2317=LINE('',#15329,#3780);
#2318=LINE('',#15331,#3781);
#2319=LINE('',#15332,#3782);
#2320=LINE('',#15335,#3783);
#2321=LINE('',#15336,#3784);
#2322=LINE('',#15338,#3785);
#2323=LINE('',#15340,#3786);
#2324=LINE('',#15341,#3787);
#2325=LINE('',#15343,#3788);
#2326=LINE('',#15345,#3789);
#2327=LINE('',#15346,#3790);
#2328=LINE('',#15348,#3791);
#2329=LINE('',#15351,#3792);
#2330=LINE('',#15353,#3793);
#2331=LINE('',#15354,#3794);
#2332=LINE('',#15355,#3795);
#2333=LINE('',#15357,#3796);
#2334=LINE('',#15359,#3797);
#2335=LINE('',#15361,#3798);
#2336=LINE('',#15363,#3799);
#2337=LINE('',#15367,#3800);
#2338=LINE('',#15372,#3801);
#2339=LINE('',#15378,#3802);
#2340=LINE('',#15382,#3803);
#2341=LINE('',#15384,#3804);
#2342=LINE('',#15386,#3805);
#2343=LINE('',#15387,#3806);
#2344=LINE('',#15391,#3807);
#2345=LINE('',#15393,#3808);
#2346=LINE('',#15395,#3809);
#2347=LINE('',#15396,#3810);
#2348=LINE('',#15400,#3811);
#2349=LINE('',#15402,#3812);
#2350=LINE('',#15404,#3813);
#2351=LINE('',#15406,#3814);
#2352=LINE('',#15407,#3815);
#2353=LINE('',#15409,#3816);
#2354=LINE('',#15410,#3817);
#2355=LINE('',#15413,#3818);
#2356=LINE('',#15415,#3819);
#2357=LINE('',#15416,#3820);
#2358=LINE('',#15419,#3821);
#2359=LINE('',#15421,#3822);
#2360=LINE('',#15422,#3823);
#2361=LINE('',#15424,#3824);
#2362=LINE('',#15428,#3825);
#2363=LINE('',#15430,#3826);
#2364=LINE('',#15432,#3827);
#2365=LINE('',#15433,#3828);
#2366=LINE('',#15437,#3829);
#2367=LINE('',#15439,#3830);
#2368=LINE('',#15441,#3831);
#2369=LINE('',#15443,#3832);
#2370=LINE('',#15444,#3833);
#2371=LINE('',#15447,#3834);
#2372=LINE('',#15449,#3835);
#2373=LINE('',#15450,#3836);
#2374=LINE('',#15453,#3837);
#2375=LINE('',#15454,#3838);
#2376=LINE('',#15457,#3839);
#2377=LINE('',#15459,#3840);
#2378=LINE('',#15460,#3841);
#2379=LINE('',#15465,#3842);
#2380=LINE('',#15470,#3843);
#2381=LINE('',#15472,#3844);
#2382=LINE('',#15474,#3845);
#2383=LINE('',#15475,#3846);
#2384=LINE('',#15478,#3847);
#2385=LINE('',#15480,#3848);
#2386=LINE('',#15481,#3849);
#2387=LINE('',#15484,#3850);
#2388=LINE('',#15486,#3851);
#2389=LINE('',#15488,#3852);
#2390=LINE('',#15489,#3853);
#2391=LINE('',#15494,#3854);
#2392=LINE('',#15499,#3855);
#2393=LINE('',#15501,#3856);
#2394=LINE('',#15503,#3857);
#2395=LINE('',#15504,#3858);
#2396=LINE('',#15507,#3859);
#2397=LINE('',#15509,#3860);
#2398=LINE('',#15510,#3861);
#2399=LINE('',#15513,#3862);
#2400=LINE('',#15515,#3863);
#2401=LINE('',#15516,#3864);
#2402=LINE('',#15519,#3865);
#2403=LINE('',#15521,#3866);
#2404=LINE('',#15522,#3867);
#2405=LINE('',#15526,#3868);
#2406=LINE('',#15528,#3869);
#2407=LINE('',#15530,#3870);
#2408=LINE('',#15532,#3871);
#2409=LINE('',#15534,#3872);
#2410=LINE('',#15535,#3873);
#2411=LINE('',#15538,#3874);
#2412=LINE('',#15540,#3875);
#2413=LINE('',#15541,#3876);
#2414=LINE('',#15544,#3877);
#2415=LINE('',#15546,#3878);
#2416=LINE('',#15547,#3879);
#2417=LINE('',#15548,#3880);
#2418=LINE('',#15551,#3881);
#2419=LINE('',#15552,#3882);
#2420=LINE('',#15554,#3883);
#2421=LINE('',#15556,#3884);
#2422=LINE('',#15557,#3885);
#2423=LINE('',#15558,#3886);
#2424=LINE('',#15562,#3887);
#2425=LINE('',#15564,#3888);
#2426=LINE('',#15566,#3889);
#2427=LINE('',#15568,#3890);
#2428=LINE('',#15570,#3891);
#2429=LINE('',#15571,#3892);
#2430=LINE('',#15575,#3893);
#2431=LINE('',#15576,#3894);
#2432=LINE('',#15577,#3895);
#2433=LINE('',#15580,#3896);
#2434=LINE('',#15581,#3897);
#2435=LINE('',#15584,#3898);
#2436=LINE('',#15585,#3899);
#2437=LINE('',#15588,#3900);
#2438=LINE('',#15589,#3901);
#2439=LINE('',#15593,#3902);
#2440=LINE('',#15594,#3903);
#2441=LINE('',#15595,#3904);
#2442=LINE('',#15597,#3905);
#2443=LINE('',#15599,#3906);
#2444=LINE('',#15601,#3907);
#2445=LINE('',#15602,#3908);
#2446=LINE('',#15604,#3909);
#2447=LINE('',#15605,#3910);
#2448=LINE('',#15607,#3911);
#2449=LINE('',#15609,#3912);
#2450=LINE('',#15611,#3913);
#2451=LINE('',#15613,#3914);
#2452=LINE('',#15614,#3915);
#2453=LINE('',#15617,#3916);
#2454=LINE('',#15618,#3917);
#2455=LINE('',#15620,#3918);
#2456=LINE('',#15622,#3919);
#2457=LINE('',#15623,#3920);
#2458=LINE('',#15625,#3921);
#2459=LINE('',#15627,#3922);
#2460=LINE('',#15628,#3923);
#2461=LINE('',#15630,#3924);
#2462=LINE('',#15633,#3925);
#2463=LINE('',#15635,#3926);
#2464=LINE('',#15636,#3927);
#2465=LINE('',#15637,#3928);
#2466=LINE('',#15639,#3929);
#2467=LINE('',#15641,#3930);
#2468=LINE('',#15643,#3931);
#2469=LINE('',#15645,#3932);
#2470=LINE('',#15649,#3933);
#2471=LINE('',#15654,#3934);
#2472=LINE('',#15660,#3935);
#2473=LINE('',#15664,#3936);
#2474=LINE('',#15666,#3937);
#2475=LINE('',#15668,#3938);
#2476=LINE('',#15669,#3939);
#2477=LINE('',#15673,#3940);
#2478=LINE('',#15675,#3941);
#2479=LINE('',#15677,#3942);
#2480=LINE('',#15678,#3943);
#2481=LINE('',#15682,#3944);
#2482=LINE('',#15684,#3945);
#2483=LINE('',#15686,#3946);
#2484=LINE('',#15688,#3947);
#2485=LINE('',#15689,#3948);
#2486=LINE('',#15691,#3949);
#2487=LINE('',#15692,#3950);
#2488=LINE('',#15695,#3951);
#2489=LINE('',#15697,#3952);
#2490=LINE('',#15698,#3953);
#2491=LINE('',#15701,#3954);
#2492=LINE('',#15703,#3955);
#2493=LINE('',#15704,#3956);
#2494=LINE('',#15706,#3957);
#2495=LINE('',#15710,#3958);
#2496=LINE('',#15712,#3959);
#2497=LINE('',#15714,#3960);
#2498=LINE('',#15715,#3961);
#2499=LINE('',#15719,#3962);
#2500=LINE('',#15721,#3963);
#2501=LINE('',#15723,#3964);
#2502=LINE('',#15725,#3965);
#2503=LINE('',#15726,#3966);
#2504=LINE('',#15729,#3967);
#2505=LINE('',#15731,#3968);
#2506=LINE('',#15732,#3969);
#2507=LINE('',#15735,#3970);
#2508=LINE('',#15736,#3971);
#2509=LINE('',#15739,#3972);
#2510=LINE('',#15741,#3973);
#2511=LINE('',#15742,#3974);
#2512=LINE('',#15747,#3975);
#2513=LINE('',#15752,#3976);
#2514=LINE('',#15754,#3977);
#2515=LINE('',#15756,#3978);
#2516=LINE('',#15757,#3979);
#2517=LINE('',#15760,#3980);
#2518=LINE('',#15762,#3981);
#2519=LINE('',#15763,#3982);
#2520=LINE('',#15766,#3983);
#2521=LINE('',#15768,#3984);
#2522=LINE('',#15770,#3985);
#2523=LINE('',#15771,#3986);
#2524=LINE('',#15776,#3987);
#2525=LINE('',#15781,#3988);
#2526=LINE('',#15783,#3989);
#2527=LINE('',#15785,#3990);
#2528=LINE('',#15786,#3991);
#2529=LINE('',#15789,#3992);
#2530=LINE('',#15791,#3993);
#2531=LINE('',#15792,#3994);
#2532=LINE('',#15795,#3995);
#2533=LINE('',#15797,#3996);
#2534=LINE('',#15798,#3997);
#2535=LINE('',#15801,#3998);
#2536=LINE('',#15803,#3999);
#2537=LINE('',#15804,#4000);
#2538=LINE('',#15808,#4001);
#2539=LINE('',#15810,#4002);
#2540=LINE('',#15812,#4003);
#2541=LINE('',#15814,#4004);
#2542=LINE('',#15816,#4005);
#2543=LINE('',#15817,#4006);
#2544=LINE('',#15820,#4007);
#2545=LINE('',#15822,#4008);
#2546=LINE('',#15823,#4009);
#2547=LINE('',#15826,#4010);
#2548=LINE('',#15828,#4011);
#2549=LINE('',#15829,#4012);
#2550=LINE('',#15830,#4013);
#2551=LINE('',#15833,#4014);
#2552=LINE('',#15834,#4015);
#2553=LINE('',#15836,#4016);
#2554=LINE('',#15838,#4017);
#2555=LINE('',#15839,#4018);
#2556=LINE('',#15840,#4019);
#2557=LINE('',#15844,#4020);
#2558=LINE('',#15846,#4021);
#2559=LINE('',#15848,#4022);
#2560=LINE('',#15850,#4023);
#2561=LINE('',#15852,#4024);
#2562=LINE('',#15853,#4025);
#2563=LINE('',#15857,#4026);
#2564=LINE('',#15858,#4027);
#2565=LINE('',#15859,#4028);
#2566=LINE('',#15862,#4029);
#2567=LINE('',#15863,#4030);
#2568=LINE('',#15866,#4031);
#2569=LINE('',#15867,#4032);
#2570=LINE('',#15870,#4033);
#2571=LINE('',#15871,#4034);
#2572=LINE('',#15875,#4035);
#2573=LINE('',#15876,#4036);
#2574=LINE('',#15877,#4037);
#2575=LINE('',#15879,#4038);
#2576=LINE('',#15881,#4039);
#2577=LINE('',#15883,#4040);
#2578=LINE('',#15884,#4041);
#2579=LINE('',#15886,#4042);
#2580=LINE('',#15887,#4043);
#2581=LINE('',#15889,#4044);
#2582=LINE('',#15891,#4045);
#2583=LINE('',#15893,#4046);
#2584=LINE('',#15895,#4047);
#2585=LINE('',#15896,#4048);
#2586=LINE('',#15899,#4049);
#2587=LINE('',#15900,#4050);
#2588=LINE('',#15902,#4051);
#2589=LINE('',#15904,#4052);
#2590=LINE('',#15905,#4053);
#2591=LINE('',#15907,#4054);
#2592=LINE('',#15909,#4055);
#2593=LINE('',#15910,#4056);
#2594=LINE('',#15912,#4057);
#2595=LINE('',#15915,#4058);
#2596=LINE('',#15917,#4059);
#2597=LINE('',#15918,#4060);
#2598=LINE('',#15919,#4061);
#2599=LINE('',#15921,#4062);
#2600=LINE('',#15923,#4063);
#2601=LINE('',#15925,#4064);
#2602=LINE('',#15927,#4065);
#2603=LINE('',#15931,#4066);
#2604=LINE('',#15936,#4067);
#2605=LINE('',#15942,#4068);
#2606=LINE('',#15946,#4069);
#2607=LINE('',#15948,#4070);
#2608=LINE('',#15950,#4071);
#2609=LINE('',#15951,#4072);
#2610=LINE('',#15955,#4073);
#2611=LINE('',#15957,#4074);
#2612=LINE('',#15959,#4075);
#2613=LINE('',#15960,#4076);
#2614=LINE('',#15964,#4077);
#2615=LINE('',#15966,#4078);
#2616=LINE('',#15968,#4079);
#2617=LINE('',#15970,#4080);
#2618=LINE('',#15971,#4081);
#2619=LINE('',#15973,#4082);
#2620=LINE('',#15974,#4083);
#2621=LINE('',#15977,#4084);
#2622=LINE('',#15979,#4085);
#2623=LINE('',#15980,#4086);
#2624=LINE('',#15983,#4087);
#2625=LINE('',#15985,#4088);
#2626=LINE('',#15986,#4089);
#2627=LINE('',#15988,#4090);
#2628=LINE('',#15992,#4091);
#2629=LINE('',#15994,#4092);
#2630=LINE('',#15996,#4093);
#2631=LINE('',#15997,#4094);
#2632=LINE('',#16001,#4095);
#2633=LINE('',#16003,#4096);
#2634=LINE('',#16005,#4097);
#2635=LINE('',#16007,#4098);
#2636=LINE('',#16008,#4099);
#2637=LINE('',#16011,#4100);
#2638=LINE('',#16013,#4101);
#2639=LINE('',#16014,#4102);
#2640=LINE('',#16017,#4103);
#2641=LINE('',#16018,#4104);
#2642=LINE('',#16021,#4105);
#2643=LINE('',#16023,#4106);
#2644=LINE('',#16024,#4107);
#2645=LINE('',#16029,#4108);
#2646=LINE('',#16034,#4109);
#2647=LINE('',#16036,#4110);
#2648=LINE('',#16038,#4111);
#2649=LINE('',#16039,#4112);
#2650=LINE('',#16042,#4113);
#2651=LINE('',#16044,#4114);
#2652=LINE('',#16045,#4115);
#2653=LINE('',#16048,#4116);
#2654=LINE('',#16050,#4117);
#2655=LINE('',#16052,#4118);
#2656=LINE('',#16053,#4119);
#2657=LINE('',#16058,#4120);
#2658=LINE('',#16063,#4121);
#2659=LINE('',#16065,#4122);
#2660=LINE('',#16067,#4123);
#2661=LINE('',#16068,#4124);
#2662=LINE('',#16071,#4125);
#2663=LINE('',#16073,#4126);
#2664=LINE('',#16074,#4127);
#2665=LINE('',#16077,#4128);
#2666=LINE('',#16079,#4129);
#2667=LINE('',#16080,#4130);
#2668=LINE('',#16083,#4131);
#2669=LINE('',#16085,#4132);
#2670=LINE('',#16086,#4133);
#2671=LINE('',#16090,#4134);
#2672=LINE('',#16092,#4135);
#2673=LINE('',#16094,#4136);
#2674=LINE('',#16096,#4137);
#2675=LINE('',#16098,#4138);
#2676=LINE('',#16099,#4139);
#2677=LINE('',#16102,#4140);
#2678=LINE('',#16104,#4141);
#2679=LINE('',#16105,#4142);
#2680=LINE('',#16108,#4143);
#2681=LINE('',#16110,#4144);
#2682=LINE('',#16111,#4145);
#2683=LINE('',#16112,#4146);
#2684=LINE('',#16115,#4147);
#2685=LINE('',#16116,#4148);
#2686=LINE('',#16118,#4149);
#2687=LINE('',#16120,#4150);
#2688=LINE('',#16121,#4151);
#2689=LINE('',#16122,#4152);
#2690=LINE('',#16126,#4153);
#2691=LINE('',#16128,#4154);
#2692=LINE('',#16130,#4155);
#2693=LINE('',#16132,#4156);
#2694=LINE('',#16134,#4157);
#2695=LINE('',#16135,#4158);
#2696=LINE('',#16139,#4159);
#2697=LINE('',#16140,#4160);
#2698=LINE('',#16141,#4161);
#2699=LINE('',#16144,#4162);
#2700=LINE('',#16145,#4163);
#2701=LINE('',#16148,#4164);
#2702=LINE('',#16149,#4165);
#2703=LINE('',#16152,#4166);
#2704=LINE('',#16153,#4167);
#2705=LINE('',#16157,#4168);
#2706=LINE('',#16158,#4169);
#2707=LINE('',#16159,#4170);
#2708=LINE('',#16161,#4171);
#2709=LINE('',#16163,#4172);
#2710=LINE('',#16165,#4173);
#2711=LINE('',#16166,#4174);
#2712=LINE('',#16168,#4175);
#2713=LINE('',#16169,#4176);
#2714=LINE('',#16171,#4177);
#2715=LINE('',#16173,#4178);
#2716=LINE('',#16175,#4179);
#2717=LINE('',#16177,#4180);
#2718=LINE('',#16178,#4181);
#2719=LINE('',#16181,#4182);
#2720=LINE('',#16182,#4183);
#2721=LINE('',#16184,#4184);
#2722=LINE('',#16186,#4185);
#2723=LINE('',#16187,#4186);
#2724=LINE('',#16189,#4187);
#2725=LINE('',#16191,#4188);
#2726=LINE('',#16192,#4189);
#2727=LINE('',#16194,#4190);
#2728=LINE('',#16197,#4191);
#2729=LINE('',#16199,#4192);
#2730=LINE('',#16200,#4193);
#2731=LINE('',#16201,#4194);
#2732=LINE('',#16203,#4195);
#2733=LINE('',#16205,#4196);
#2734=LINE('',#16207,#4197);
#2735=LINE('',#16209,#4198);
#2736=LINE('',#16213,#4199);
#2737=LINE('',#16218,#4200);
#2738=LINE('',#16224,#4201);
#2739=LINE('',#16228,#4202);
#2740=LINE('',#16230,#4203);
#2741=LINE('',#16232,#4204);
#2742=LINE('',#16233,#4205);
#2743=LINE('',#16237,#4206);
#2744=LINE('',#16239,#4207);
#2745=LINE('',#16241,#4208);
#2746=LINE('',#16242,#4209);
#2747=LINE('',#16246,#4210);
#2748=LINE('',#16248,#4211);
#2749=LINE('',#16250,#4212);
#2750=LINE('',#16252,#4213);
#2751=LINE('',#16253,#4214);
#2752=LINE('',#16255,#4215);
#2753=LINE('',#16256,#4216);
#2754=LINE('',#16259,#4217);
#2755=LINE('',#16261,#4218);
#2756=LINE('',#16262,#4219);
#2757=LINE('',#16265,#4220);
#2758=LINE('',#16267,#4221);
#2759=LINE('',#16268,#4222);
#2760=LINE('',#16270,#4223);
#2761=LINE('',#16274,#4224);
#2762=LINE('',#16276,#4225);
#2763=LINE('',#16278,#4226);
#2764=LINE('',#16279,#4227);
#2765=LINE('',#16283,#4228);
#2766=LINE('',#16285,#4229);
#2767=LINE('',#16287,#4230);
#2768=LINE('',#16289,#4231);
#2769=LINE('',#16290,#4232);
#2770=LINE('',#16293,#4233);
#2771=LINE('',#16295,#4234);
#2772=LINE('',#16296,#4235);
#2773=LINE('',#16299,#4236);
#2774=LINE('',#16300,#4237);
#2775=LINE('',#16303,#4238);
#2776=LINE('',#16305,#4239);
#2777=LINE('',#16306,#4240);
#2778=LINE('',#16311,#4241);
#2779=LINE('',#16316,#4242);
#2780=LINE('',#16318,#4243);
#2781=LINE('',#16320,#4244);
#2782=LINE('',#16321,#4245);
#2783=LINE('',#16324,#4246);
#2784=LINE('',#16326,#4247);
#2785=LINE('',#16327,#4248);
#2786=LINE('',#16330,#4249);
#2787=LINE('',#16332,#4250);
#2788=LINE('',#16334,#4251);
#2789=LINE('',#16335,#4252);
#2790=LINE('',#16340,#4253);
#2791=LINE('',#16345,#4254);
#2792=LINE('',#16347,#4255);
#2793=LINE('',#16349,#4256);
#2794=LINE('',#16350,#4257);
#2795=LINE('',#16353,#4258);
#2796=LINE('',#16355,#4259);
#2797=LINE('',#16356,#4260);
#2798=LINE('',#16359,#4261);
#2799=LINE('',#16361,#4262);
#2800=LINE('',#16362,#4263);
#2801=LINE('',#16365,#4264);
#2802=LINE('',#16367,#4265);
#2803=LINE('',#16368,#4266);
#2804=LINE('',#16372,#4267);
#2805=LINE('',#16374,#4268);
#2806=LINE('',#16376,#4269);
#2807=LINE('',#16378,#4270);
#2808=LINE('',#16380,#4271);
#2809=LINE('',#16381,#4272);
#2810=LINE('',#16384,#4273);
#2811=LINE('',#16386,#4274);
#2812=LINE('',#16387,#4275);
#2813=LINE('',#16390,#4276);
#2814=LINE('',#16392,#4277);
#2815=LINE('',#16393,#4278);
#2816=LINE('',#16394,#4279);
#2817=LINE('',#16397,#4280);
#2818=LINE('',#16398,#4281);
#2819=LINE('',#16400,#4282);
#2820=LINE('',#16402,#4283);
#2821=LINE('',#16403,#4284);
#2822=LINE('',#16404,#4285);
#2823=LINE('',#16408,#4286);
#2824=LINE('',#16410,#4287);
#2825=LINE('',#16412,#4288);
#2826=LINE('',#16414,#4289);
#2827=LINE('',#16416,#4290);
#2828=LINE('',#16417,#4291);
#2829=LINE('',#16421,#4292);
#2830=LINE('',#16422,#4293);
#2831=LINE('',#16423,#4294);
#2832=LINE('',#16426,#4295);
#2833=LINE('',#16427,#4296);
#2834=LINE('',#16430,#4297);
#2835=LINE('',#16431,#4298);
#2836=LINE('',#16434,#4299);
#2837=LINE('',#16435,#4300);
#2838=LINE('',#16439,#4301);
#2839=LINE('',#16440,#4302);
#2840=LINE('',#16441,#4303);
#2841=LINE('',#16443,#4304);
#2842=LINE('',#16445,#4305);
#2843=LINE('',#16447,#4306);
#2844=LINE('',#16448,#4307);
#2845=LINE('',#16450,#4308);
#2846=LINE('',#16451,#4309);
#2847=LINE('',#16453,#4310);
#2848=LINE('',#16455,#4311);
#2849=LINE('',#16457,#4312);
#2850=LINE('',#16459,#4313);
#2851=LINE('',#16460,#4314);
#2852=LINE('',#16463,#4315);
#2853=LINE('',#16464,#4316);
#2854=LINE('',#16466,#4317);
#2855=LINE('',#16468,#4318);
#2856=LINE('',#16469,#4319);
#2857=LINE('',#16471,#4320);
#2858=LINE('',#16473,#4321);
#2859=LINE('',#16474,#4322);
#2860=LINE('',#16476,#4323);
#2861=LINE('',#16479,#4324);
#2862=LINE('',#16481,#4325);
#2863=LINE('',#16482,#4326);
#2864=LINE('',#16483,#4327);
#2865=LINE('',#16485,#4328);
#2866=LINE('',#16487,#4329);
#2867=LINE('',#16489,#4330);
#2868=LINE('',#16491,#4331);
#2869=LINE('',#16495,#4332);
#2870=LINE('',#16500,#4333);
#2871=LINE('',#16506,#4334);
#2872=LINE('',#16510,#4335);
#2873=LINE('',#16512,#4336);
#2874=LINE('',#16514,#4337);
#2875=LINE('',#16515,#4338);
#2876=LINE('',#16519,#4339);
#2877=LINE('',#16521,#4340);
#2878=LINE('',#16523,#4341);
#2879=LINE('',#16524,#4342);
#2880=LINE('',#16528,#4343);
#2881=LINE('',#16530,#4344);
#2882=LINE('',#16532,#4345);
#2883=LINE('',#16534,#4346);
#2884=LINE('',#16535,#4347);
#2885=LINE('',#16537,#4348);
#2886=LINE('',#16538,#4349);
#2887=LINE('',#16541,#4350);
#2888=LINE('',#16543,#4351);
#2889=LINE('',#16544,#4352);
#2890=LINE('',#16547,#4353);
#2891=LINE('',#16549,#4354);
#2892=LINE('',#16550,#4355);
#2893=LINE('',#16552,#4356);
#2894=LINE('',#16556,#4357);
#2895=LINE('',#16558,#4358);
#2896=LINE('',#16560,#4359);
#2897=LINE('',#16561,#4360);
#2898=LINE('',#16565,#4361);
#2899=LINE('',#16567,#4362);
#2900=LINE('',#16569,#4363);
#2901=LINE('',#16571,#4364);
#2902=LINE('',#16572,#4365);
#2903=LINE('',#16575,#4366);
#2904=LINE('',#16577,#4367);
#2905=LINE('',#16578,#4368);
#2906=LINE('',#16581,#4369);
#2907=LINE('',#16582,#4370);
#2908=LINE('',#16585,#4371);
#2909=LINE('',#16587,#4372);
#2910=LINE('',#16588,#4373);
#2911=LINE('',#16593,#4374);
#2912=LINE('',#16598,#4375);
#2913=LINE('',#16600,#4376);
#2914=LINE('',#16602,#4377);
#2915=LINE('',#16603,#4378);
#2916=LINE('',#16606,#4379);
#2917=LINE('',#16608,#4380);
#2918=LINE('',#16609,#4381);
#2919=LINE('',#16612,#4382);
#2920=LINE('',#16614,#4383);
#2921=LINE('',#16616,#4384);
#2922=LINE('',#16617,#4385);
#2923=LINE('',#16622,#4386);
#2924=LINE('',#16627,#4387);
#2925=LINE('',#16629,#4388);
#2926=LINE('',#16631,#4389);
#2927=LINE('',#16632,#4390);
#2928=LINE('',#16635,#4391);
#2929=LINE('',#16637,#4392);
#2930=LINE('',#16638,#4393);
#2931=LINE('',#16641,#4394);
#2932=LINE('',#16643,#4395);
#2933=LINE('',#16644,#4396);
#2934=LINE('',#16647,#4397);
#2935=LINE('',#16649,#4398);
#2936=LINE('',#16650,#4399);
#2937=LINE('',#16654,#4400);
#2938=LINE('',#16656,#4401);
#2939=LINE('',#16658,#4402);
#2940=LINE('',#16660,#4403);
#2941=LINE('',#16662,#4404);
#2942=LINE('',#16663,#4405);
#2943=LINE('',#16666,#4406);
#2944=LINE('',#16668,#4407);
#2945=LINE('',#16669,#4408);
#2946=LINE('',#16672,#4409);
#2947=LINE('',#16674,#4410);
#2948=LINE('',#16675,#4411);
#2949=LINE('',#16676,#4412);
#2950=LINE('',#16679,#4413);
#2951=LINE('',#16680,#4414);
#2952=LINE('',#16682,#4415);
#2953=LINE('',#16684,#4416);
#2954=LINE('',#16685,#4417);
#2955=LINE('',#16686,#4418);
#2956=LINE('',#16690,#4419);
#2957=LINE('',#16692,#4420);
#2958=LINE('',#16694,#4421);
#2959=LINE('',#16696,#4422);
#2960=LINE('',#16698,#4423);
#2961=LINE('',#16699,#4424);
#2962=LINE('',#16703,#4425);
#2963=LINE('',#16704,#4426);
#2964=LINE('',#16705,#4427);
#2965=LINE('',#16708,#4428);
#2966=LINE('',#16709,#4429);
#2967=LINE('',#16712,#4430);
#2968=LINE('',#16713,#4431);
#2969=LINE('',#16716,#4432);
#2970=LINE('',#16717,#4433);
#2971=LINE('',#16721,#4434);
#2972=LINE('',#16722,#4435);
#2973=LINE('',#16723,#4436);
#2974=LINE('',#16725,#4437);
#2975=LINE('',#16727,#4438);
#2976=LINE('',#16729,#4439);
#2977=LINE('',#16730,#4440);
#2978=LINE('',#16732,#4441);
#2979=LINE('',#16733,#4442);
#2980=LINE('',#16735,#4443);
#2981=LINE('',#16737,#4444);
#2982=LINE('',#16739,#4445);
#2983=LINE('',#16741,#4446);
#2984=LINE('',#16742,#4447);
#2985=LINE('',#16745,#4448);
#2986=LINE('',#16746,#4449);
#2987=LINE('',#16748,#4450);
#2988=LINE('',#16750,#4451);
#2989=LINE('',#16751,#4452);
#2990=LINE('',#16753,#4453);
#2991=LINE('',#16755,#4454);
#2992=LINE('',#16756,#4455);
#2993=LINE('',#16758,#4456);
#2994=LINE('',#16761,#4457);
#2995=LINE('',#16763,#4458);
#2996=LINE('',#16764,#4459);
#2997=LINE('',#16765,#4460);
#2998=LINE('',#16767,#4461);
#2999=LINE('',#16769,#4462);
#3000=LINE('',#16771,#4463);
#3001=LINE('',#16773,#4464);
#3002=LINE('',#16777,#4465);
#3003=LINE('',#16782,#4466);
#3004=LINE('',#16788,#4467);
#3005=LINE('',#16792,#4468);
#3006=LINE('',#16794,#4469);
#3007=LINE('',#16796,#4470);
#3008=LINE('',#16797,#4471);
#3009=LINE('',#16801,#4472);
#3010=LINE('',#16803,#4473);
#3011=LINE('',#16805,#4474);
#3012=LINE('',#16806,#4475);
#3013=LINE('',#16810,#4476);
#3014=LINE('',#16812,#4477);
#3015=LINE('',#16814,#4478);
#3016=LINE('',#16816,#4479);
#3017=LINE('',#16817,#4480);
#3018=LINE('',#16819,#4481);
#3019=LINE('',#16820,#4482);
#3020=LINE('',#16823,#4483);
#3021=LINE('',#16825,#4484);
#3022=LINE('',#16826,#4485);
#3023=LINE('',#16829,#4486);
#3024=LINE('',#16831,#4487);
#3025=LINE('',#16832,#4488);
#3026=LINE('',#16834,#4489);
#3027=LINE('',#16838,#4490);
#3028=LINE('',#16840,#4491);
#3029=LINE('',#16842,#4492);
#3030=LINE('',#16843,#4493);
#3031=LINE('',#16847,#4494);
#3032=LINE('',#16849,#4495);
#3033=LINE('',#16851,#4496);
#3034=LINE('',#16853,#4497);
#3035=LINE('',#16854,#4498);
#3036=LINE('',#16857,#4499);
#3037=LINE('',#16859,#4500);
#3038=LINE('',#16860,#4501);
#3039=LINE('',#16863,#4502);
#3040=LINE('',#16864,#4503);
#3041=LINE('',#16867,#4504);
#3042=LINE('',#16869,#4505);
#3043=LINE('',#16870,#4506);
#3044=LINE('',#16875,#4507);
#3045=LINE('',#16880,#4508);
#3046=LINE('',#16882,#4509);
#3047=LINE('',#16884,#4510);
#3048=LINE('',#16885,#4511);
#3049=LINE('',#16888,#4512);
#3050=LINE('',#16890,#4513);
#3051=LINE('',#16891,#4514);
#3052=LINE('',#16894,#4515);
#3053=LINE('',#16896,#4516);
#3054=LINE('',#16898,#4517);
#3055=LINE('',#16899,#4518);
#3056=LINE('',#16904,#4519);
#3057=LINE('',#16909,#4520);
#3058=LINE('',#16911,#4521);
#3059=LINE('',#16913,#4522);
#3060=LINE('',#16914,#4523);
#3061=LINE('',#16917,#4524);
#3062=LINE('',#16919,#4525);
#3063=LINE('',#16920,#4526);
#3064=LINE('',#16923,#4527);
#3065=LINE('',#16925,#4528);
#3066=LINE('',#16926,#4529);
#3067=LINE('',#16929,#4530);
#3068=LINE('',#16931,#4531);
#3069=LINE('',#16932,#4532);
#3070=LINE('',#16936,#4533);
#3071=LINE('',#16938,#4534);
#3072=LINE('',#16940,#4535);
#3073=LINE('',#16942,#4536);
#3074=LINE('',#16944,#4537);
#3075=LINE('',#16945,#4538);
#3076=LINE('',#16948,#4539);
#3077=LINE('',#16950,#4540);
#3078=LINE('',#16951,#4541);
#3079=LINE('',#16954,#4542);
#3080=LINE('',#16956,#4543);
#3081=LINE('',#16957,#4544);
#3082=LINE('',#16958,#4545);
#3083=LINE('',#16961,#4546);
#3084=LINE('',#16962,#4547);
#3085=LINE('',#16964,#4548);
#3086=LINE('',#16966,#4549);
#3087=LINE('',#16967,#4550);
#3088=LINE('',#16968,#4551);
#3089=LINE('',#16972,#4552);
#3090=LINE('',#16974,#4553);
#3091=LINE('',#16976,#4554);
#3092=LINE('',#16978,#4555);
#3093=LINE('',#16980,#4556);
#3094=LINE('',#16981,#4557);
#3095=LINE('',#16985,#4558);
#3096=LINE('',#16986,#4559);
#3097=LINE('',#16987,#4560);
#3098=LINE('',#16990,#4561);
#3099=LINE('',#16991,#4562);
#3100=LINE('',#16994,#4563);
#3101=LINE('',#16995,#4564);
#3102=LINE('',#16998,#4565);
#3103=LINE('',#16999,#4566);
#3104=LINE('',#17003,#4567);
#3105=LINE('',#17004,#4568);
#3106=LINE('',#17005,#4569);
#3107=LINE('',#17007,#4570);
#3108=LINE('',#17009,#4571);
#3109=LINE('',#17011,#4572);
#3110=LINE('',#17012,#4573);
#3111=LINE('',#17014,#4574);
#3112=LINE('',#17015,#4575);
#3113=LINE('',#17017,#4576);
#3114=LINE('',#17019,#4577);
#3115=LINE('',#17021,#4578);
#3116=LINE('',#17023,#4579);
#3117=LINE('',#17024,#4580);
#3118=LINE('',#17027,#4581);
#3119=LINE('',#17028,#4582);
#3120=LINE('',#17030,#4583);
#3121=LINE('',#17032,#4584);
#3122=LINE('',#17033,#4585);
#3123=LINE('',#17035,#4586);
#3124=LINE('',#17037,#4587);
#3125=LINE('',#17038,#4588);
#3126=LINE('',#17040,#4589);
#3127=LINE('',#17043,#4590);
#3128=LINE('',#17045,#4591);
#3129=LINE('',#17046,#4592);
#3130=LINE('',#17047,#4593);
#3131=LINE('',#17049,#4594);
#3132=LINE('',#17051,#4595);
#3133=LINE('',#17053,#4596);
#3134=LINE('',#17055,#4597);
#3135=LINE('',#17059,#4598);
#3136=LINE('',#17064,#4599);
#3137=LINE('',#17070,#4600);
#3138=LINE('',#17074,#4601);
#3139=LINE('',#17076,#4602);
#3140=LINE('',#17078,#4603);
#3141=LINE('',#17079,#4604);
#3142=LINE('',#17083,#4605);
#3143=LINE('',#17085,#4606);
#3144=LINE('',#17087,#4607);
#3145=LINE('',#17088,#4608);
#3146=LINE('',#17092,#4609);
#3147=LINE('',#17094,#4610);
#3148=LINE('',#17096,#4611);
#3149=LINE('',#17098,#4612);
#3150=LINE('',#17099,#4613);
#3151=LINE('',#17101,#4614);
#3152=LINE('',#17102,#4615);
#3153=LINE('',#17105,#4616);
#3154=LINE('',#17107,#4617);
#3155=LINE('',#17108,#4618);
#3156=LINE('',#17111,#4619);
#3157=LINE('',#17113,#4620);
#3158=LINE('',#17114,#4621);
#3159=LINE('',#17116,#4622);
#3160=LINE('',#17120,#4623);
#3161=LINE('',#17122,#4624);
#3162=LINE('',#17124,#4625);
#3163=LINE('',#17125,#4626);
#3164=LINE('',#17129,#4627);
#3165=LINE('',#17131,#4628);
#3166=LINE('',#17133,#4629);
#3167=LINE('',#17135,#4630);
#3168=LINE('',#17136,#4631);
#3169=LINE('',#17139,#4632);
#3170=LINE('',#17141,#4633);
#3171=LINE('',#17142,#4634);
#3172=LINE('',#17145,#4635);
#3173=LINE('',#17146,#4636);
#3174=LINE('',#17149,#4637);
#3175=LINE('',#17151,#4638);
#3176=LINE('',#17152,#4639);
#3177=LINE('',#17157,#4640);
#3178=LINE('',#17162,#4641);
#3179=LINE('',#17164,#4642);
#3180=LINE('',#17166,#4643);
#3181=LINE('',#17167,#4644);
#3182=LINE('',#17170,#4645);
#3183=LINE('',#17172,#4646);
#3184=LINE('',#17173,#4647);
#3185=LINE('',#17176,#4648);
#3186=LINE('',#17178,#4649);
#3187=LINE('',#17180,#4650);
#3188=LINE('',#17181,#4651);
#3189=LINE('',#17186,#4652);
#3190=LINE('',#17191,#4653);
#3191=LINE('',#17193,#4654);
#3192=LINE('',#17195,#4655);
#3193=LINE('',#17196,#4656);
#3194=LINE('',#17199,#4657);
#3195=LINE('',#17201,#4658);
#3196=LINE('',#17202,#4659);
#3197=LINE('',#17205,#4660);
#3198=LINE('',#17207,#4661);
#3199=LINE('',#17208,#4662);
#3200=LINE('',#17211,#4663);
#3201=LINE('',#17213,#4664);
#3202=LINE('',#17214,#4665);
#3203=LINE('',#17218,#4666);
#3204=LINE('',#17220,#4667);
#3205=LINE('',#17222,#4668);
#3206=LINE('',#17224,#4669);
#3207=LINE('',#17226,#4670);
#3208=LINE('',#17227,#4671);
#3209=LINE('',#17230,#4672);
#3210=LINE('',#17232,#4673);
#3211=LINE('',#17233,#4674);
#3212=LINE('',#17236,#4675);
#3213=LINE('',#17238,#4676);
#3214=LINE('',#17239,#4677);
#3215=LINE('',#17240,#4678);
#3216=LINE('',#17243,#4679);
#3217=LINE('',#17244,#4680);
#3218=LINE('',#17246,#4681);
#3219=LINE('',#17248,#4682);
#3220=LINE('',#17249,#4683);
#3221=LINE('',#17250,#4684);
#3222=LINE('',#17254,#4685);
#3223=LINE('',#17256,#4686);
#3224=LINE('',#17258,#4687);
#3225=LINE('',#17260,#4688);
#3226=LINE('',#17262,#4689);
#3227=LINE('',#17263,#4690);
#3228=LINE('',#17267,#4691);
#3229=LINE('',#17268,#4692);
#3230=LINE('',#17269,#4693);
#3231=LINE('',#17272,#4694);
#3232=LINE('',#17273,#4695);
#3233=LINE('',#17276,#4696);
#3234=LINE('',#17277,#4697);
#3235=LINE('',#17280,#4698);
#3236=LINE('',#17281,#4699);
#3237=LINE('',#17285,#4700);
#3238=LINE('',#17286,#4701);
#3239=LINE('',#17287,#4702);
#3240=LINE('',#17289,#4703);
#3241=LINE('',#17291,#4704);
#3242=LINE('',#17293,#4705);
#3243=LINE('',#17294,#4706);
#3244=LINE('',#17296,#4707);
#3245=LINE('',#17297,#4708);
#3246=LINE('',#17299,#4709);
#3247=LINE('',#17301,#4710);
#3248=LINE('',#17303,#4711);
#3249=LINE('',#17305,#4712);
#3250=LINE('',#17306,#4713);
#3251=LINE('',#17309,#4714);
#3252=LINE('',#17310,#4715);
#3253=LINE('',#17312,#4716);
#3254=LINE('',#17314,#4717);
#3255=LINE('',#17315,#4718);
#3256=LINE('',#17317,#4719);
#3257=LINE('',#17319,#4720);
#3258=LINE('',#17320,#4721);
#3259=LINE('',#17322,#4722);
#3260=LINE('',#17325,#4723);
#3261=LINE('',#17327,#4724);
#3262=LINE('',#17328,#4725);
#3263=LINE('',#17329,#4726);
#3264=LINE('',#17331,#4727);
#3265=LINE('',#17333,#4728);
#3266=LINE('',#17335,#4729);
#3267=LINE('',#17337,#4730);
#3268=LINE('',#17341,#4731);
#3269=VECTOR('',#11569,2.4);
#3270=VECTOR('',#11576,1.2);
#3271=VECTOR('',#11579,10.);
#3272=VECTOR('',#11580,10.);
#3273=VECTOR('',#11581,10.);
#3274=VECTOR('',#11582,10.);
#3275=VECTOR('',#11585,10.);
#3276=VECTOR('',#11586,10.);
#3277=VECTOR('',#11587,10.);
#3278=VECTOR('',#11588,10.);
#3279=VECTOR('',#11591,10.);
#3280=VECTOR('',#11592,10.);
#3281=VECTOR('',#11593,10.);
#3282=VECTOR('',#11594,10.);
#3283=VECTOR('',#11595,10.);
#3284=VECTOR('',#11598,10.);
#3285=VECTOR('',#11599,10.);
#3286=VECTOR('',#11602,10.);
#3287=VECTOR('',#11603,10.);
#3288=VECTOR('',#11604,10.);
#3289=VECTOR('',#11607,10.);
#3290=VECTOR('',#11608,10.);
#3291=VECTOR('',#11609,10.);
#3292=VECTOR('',#11612,10.);
#3293=VECTOR('',#11615,10.);
#3294=VECTOR('',#11616,10.);
#3295=VECTOR('',#11617,10.);
#3296=VECTOR('',#11618,10.);
#3297=VECTOR('',#11621,10.);
#3298=VECTOR('',#11622,10.);
#3299=VECTOR('',#11623,10.);
#3300=VECTOR('',#11624,10.);
#3301=VECTOR('',#11625,10.);
#3302=VECTOR('',#11628,10.);
#3303=VECTOR('',#11629,10.);
#3304=VECTOR('',#11630,10.);
#3305=VECTOR('',#11633,10.);
#3306=VECTOR('',#11634,10.);
#3307=VECTOR('',#11637,10.);
#3308=VECTOR('',#11638,10.);
#3309=VECTOR('',#11639,10.);
#3310=VECTOR('',#11644,2.3);
#3311=VECTOR('',#11649,10.);
#3312=VECTOR('',#11650,10.);
#3313=VECTOR('',#11651,10.);
#3314=VECTOR('',#11652,10.);
#3315=VECTOR('',#11655,10.);
#3316=VECTOR('',#11656,10.);
#3317=VECTOR('',#11657,10.);
#3318=VECTOR('',#11660,10.);
#3319=VECTOR('',#11661,10.);
#3320=VECTOR('',#11662,10.);
#3321=VECTOR('',#11663,10.);
#3322=VECTOR('',#11668,2.3);
#3323=VECTOR('',#11673,10.);
#3324=VECTOR('',#11674,10.);
#3325=VECTOR('',#11675,10.);
#3326=VECTOR('',#11676,10.);
#3327=VECTOR('',#11679,10.);
#3328=VECTOR('',#11680,10.);
#3329=VECTOR('',#11681,10.);
#3330=VECTOR('',#11684,10.);
#3331=VECTOR('',#11685,10.);
#3332=VECTOR('',#11686,10.);
#3333=VECTOR('',#11689,10.);
#3334=VECTOR('',#11690,10.);
#3335=VECTOR('',#11691,10.);
#3336=VECTOR('',#11694,10.);
#3337=VECTOR('',#11695,10.);
#3338=VECTOR('',#11696,10.);
#3339=VECTOR('',#11697,10.);
#3340=VECTOR('',#11698,10.);
#3341=VECTOR('',#11699,10.);
#3342=VECTOR('',#11702,10.);
#3343=VECTOR('',#11703,10.);
#3344=VECTOR('',#11704,10.);
#3345=VECTOR('',#11707,10.);
#3346=VECTOR('',#11708,10.);
#3347=VECTOR('',#11709,10.);
#3348=VECTOR('',#11710,10.);
#3349=VECTOR('',#11713,10.);
#3350=VECTOR('',#11714,10.);
#3351=VECTOR('',#11717,10.);
#3352=VECTOR('',#11720,10.);
#3353=VECTOR('',#11721,10.);
#3354=VECTOR('',#11722,10.);
#3355=VECTOR('',#11725,10.);
#3356=VECTOR('',#11726,10.);
#3357=VECTOR('',#11727,10.);
#3358=VECTOR('',#11728,10.);
#3359=VECTOR('',#11729,10.);
#3360=VECTOR('',#11730,10.);
#3361=VECTOR('',#11733,10.);
#3362=VECTOR('',#11734,10.);
#3363=VECTOR('',#11735,10.);
#3364=VECTOR('',#11738,10.);
#3365=VECTOR('',#11739,10.);
#3366=VECTOR('',#11742,10.);
#3367=VECTOR('',#11743,10.);
#3368=VECTOR('',#11746,10.);
#3369=VECTOR('',#11747,10.);
#3370=VECTOR('',#11750,10.);
#3371=VECTOR('',#11751,10.);
#3372=VECTOR('',#11752,10.);
#3373=VECTOR('',#11753,10.);
#3374=VECTOR('',#11754,10.);
#3375=VECTOR('',#11755,10.);
#3376=VECTOR('',#11756,10.);
#3377=VECTOR('',#11759,10.);
#3378=VECTOR('',#11760,10.);
#3379=VECTOR('',#11763,10.);
#3380=VECTOR('',#11766,10.);
#3381=VECTOR('',#11767,10.);
#3382=VECTOR('',#11768,10.);
#3383=VECTOR('',#11769,10.);
#3384=VECTOR('',#11772,10.);
#3385=VECTOR('',#11773,10.);
#3386=VECTOR('',#11774,10.);
#3387=VECTOR('',#11775,10.);
#3388=VECTOR('',#11776,10.);
#3389=VECTOR('',#11777,10.);
#3390=VECTOR('',#11778,10.);
#3391=VECTOR('',#11779,10.);
#3392=VECTOR('',#11782,10.);
#3393=VECTOR('',#11785,10.);
#3394=VECTOR('',#11786,10.);
#3395=VECTOR('',#11787,10.);
#3396=VECTOR('',#11788,10.);
#3397=VECTOR('',#11791,10.);
#3398=VECTOR('',#11794,10.);
#3399=VECTOR('',#11797,10.);
#3400=VECTOR('',#11800,10.);
#3401=VECTOR('',#11807,10.);
#3402=VECTOR('',#11812,2.4);
#3403=VECTOR('',#11819,1.2);
#3404=VECTOR('',#11822,10.);
#3405=VECTOR('',#11823,10.);
#3406=VECTOR('',#11824,10.);
#3407=VECTOR('',#11825,10.);
#3408=VECTOR('',#11828,10.);
#3409=VECTOR('',#11829,10.);
#3410=VECTOR('',#11830,10.);
#3411=VECTOR('',#11831,10.);
#3412=VECTOR('',#11834,10.);
#3413=VECTOR('',#11835,10.);
#3414=VECTOR('',#11836,10.);
#3415=VECTOR('',#11837,10.);
#3416=VECTOR('',#11838,10.);
#3417=VECTOR('',#11841,10.);
#3418=VECTOR('',#11842,10.);
#3419=VECTOR('',#11845,10.);
#3420=VECTOR('',#11846,10.);
#3421=VECTOR('',#11847,10.);
#3422=VECTOR('',#11850,10.);
#3423=VECTOR('',#11851,10.);
#3424=VECTOR('',#11852,10.);
#3425=VECTOR('',#11855,10.);
#3426=VECTOR('',#11858,10.);
#3427=VECTOR('',#11859,10.);
#3428=VECTOR('',#11860,10.);
#3429=VECTOR('',#11861,10.);
#3430=VECTOR('',#11864,10.);
#3431=VECTOR('',#11865,10.);
#3432=VECTOR('',#11866,10.);
#3433=VECTOR('',#11867,10.);
#3434=VECTOR('',#11868,10.);
#3435=VECTOR('',#11871,10.);
#3436=VECTOR('',#11872,10.);
#3437=VECTOR('',#11873,10.);
#3438=VECTOR('',#11876,10.);
#3439=VECTOR('',#11877,10.);
#3440=VECTOR('',#11880,10.);
#3441=VECTOR('',#11881,10.);
#3442=VECTOR('',#11882,10.);
#3443=VECTOR('',#11887,2.3);
#3444=VECTOR('',#11892,10.);
#3445=VECTOR('',#11893,10.);
#3446=VECTOR('',#11894,10.);
#3447=VECTOR('',#11895,10.);
#3448=VECTOR('',#11898,10.);
#3449=VECTOR('',#11899,10.);
#3450=VECTOR('',#11900,10.);
#3451=VECTOR('',#11903,10.);
#3452=VECTOR('',#11904,10.);
#3453=VECTOR('',#11905,10.);
#3454=VECTOR('',#11906,10.);
#3455=VECTOR('',#11911,2.3);
#3456=VECTOR('',#11916,10.);
#3457=VECTOR('',#11917,10.);
#3458=VECTOR('',#11918,10.);
#3459=VECTOR('',#11919,10.);
#3460=VECTOR('',#11922,10.);
#3461=VECTOR('',#11923,10.);
#3462=VECTOR('',#11924,10.);
#3463=VECTOR('',#11927,10.);
#3464=VECTOR('',#11928,10.);
#3465=VECTOR('',#11929,10.);
#3466=VECTOR('',#11932,10.);
#3467=VECTOR('',#11933,10.);
#3468=VECTOR('',#11934,10.);
#3469=VECTOR('',#11937,10.);
#3470=VECTOR('',#11938,10.);
#3471=VECTOR('',#11939,10.);
#3472=VECTOR('',#11940,10.);
#3473=VECTOR('',#11941,10.);
#3474=VECTOR('',#11942,10.);
#3475=VECTOR('',#11945,10.);
#3476=VECTOR('',#11946,10.);
#3477=VECTOR('',#11947,10.);
#3478=VECTOR('',#11950,10.);
#3479=VECTOR('',#11951,10.);
#3480=VECTOR('',#11952,10.);
#3481=VECTOR('',#11953,10.);
#3482=VECTOR('',#11956,10.);
#3483=VECTOR('',#11957,10.);
#3484=VECTOR('',#11960,10.);
#3485=VECTOR('',#11963,10.);
#3486=VECTOR('',#11964,10.);
#3487=VECTOR('',#11965,10.);
#3488=VECTOR('',#11968,10.);
#3489=VECTOR('',#11969,10.);
#3490=VECTOR('',#11970,10.);
#3491=VECTOR('',#11971,10.);
#3492=VECTOR('',#11972,10.);
#3493=VECTOR('',#11973,10.);
#3494=VECTOR('',#11976,10.);
#3495=VECTOR('',#11977,10.);
#3496=VECTOR('',#11978,10.);
#3497=VECTOR('',#11981,10.);
#3498=VECTOR('',#11982,10.);
#3499=VECTOR('',#11985,10.);
#3500=VECTOR('',#11986,10.);
#3501=VECTOR('',#11989,10.);
#3502=VECTOR('',#11990,10.);
#3503=VECTOR('',#11993,10.);
#3504=VECTOR('',#11994,10.);
#3505=VECTOR('',#11995,10.);
#3506=VECTOR('',#11996,10.);
#3507=VECTOR('',#11997,10.);
#3508=VECTOR('',#11998,10.);
#3509=VECTOR('',#11999,10.);
#3510=VECTOR('',#12002,10.);
#3511=VECTOR('',#12003,10.);
#3512=VECTOR('',#12006,10.);
#3513=VECTOR('',#12009,10.);
#3514=VECTOR('',#12010,10.);
#3515=VECTOR('',#12011,10.);
#3516=VECTOR('',#12012,10.);
#3517=VECTOR('',#12015,10.);
#3518=VECTOR('',#12016,10.);
#3519=VECTOR('',#12017,10.);
#3520=VECTOR('',#12018,10.);
#3521=VECTOR('',#12019,10.);
#3522=VECTOR('',#12020,10.);
#3523=VECTOR('',#12021,10.);
#3524=VECTOR('',#12022,10.);
#3525=VECTOR('',#12025,10.);
#3526=VECTOR('',#12028,10.);
#3527=VECTOR('',#12029,10.);
#3528=VECTOR('',#12030,10.);
#3529=VECTOR('',#12031,10.);
#3530=VECTOR('',#12034,10.);
#3531=VECTOR('',#12037,10.);
#3532=VECTOR('',#12040,10.);
#3533=VECTOR('',#12043,10.);
#3534=VECTOR('',#12050,10.);
#3535=VECTOR('',#12055,2.4);
#3536=VECTOR('',#12062,1.2);
#3537=VECTOR('',#12065,10.);
#3538=VECTOR('',#12066,10.);
#3539=VECTOR('',#12067,10.);
#3540=VECTOR('',#12068,10.);
#3541=VECTOR('',#12071,10.);
#3542=VECTOR('',#12072,10.);
#3543=VECTOR('',#12073,10.);
#3544=VECTOR('',#12074,10.);
#3545=VECTOR('',#12077,10.);
#3546=VECTOR('',#12078,10.);
#3547=VECTOR('',#12079,10.);
#3548=VECTOR('',#12080,10.);
#3549=VECTOR('',#12081,10.);
#3550=VECTOR('',#12084,10.);
#3551=VECTOR('',#12085,10.);
#3552=VECTOR('',#12088,10.);
#3553=VECTOR('',#12089,10.);
#3554=VECTOR('',#12090,10.);
#3555=VECTOR('',#12093,10.);
#3556=VECTOR('',#12094,10.);
#3557=VECTOR('',#12095,10.);
#3558=VECTOR('',#12098,10.);
#3559=VECTOR('',#12101,10.);
#3560=VECTOR('',#12102,10.);
#3561=VECTOR('',#12103,10.);
#3562=VECTOR('',#12104,10.);
#3563=VECTOR('',#12107,10.);
#3564=VECTOR('',#12108,10.);
#3565=VECTOR('',#12109,10.);
#3566=VECTOR('',#12110,10.);
#3567=VECTOR('',#12111,10.);
#3568=VECTOR('',#12114,10.);
#3569=VECTOR('',#12115,10.);
#3570=VECTOR('',#12116,10.);
#3571=VECTOR('',#12119,10.);
#3572=VECTOR('',#12120,10.);
#3573=VECTOR('',#12123,10.);
#3574=VECTOR('',#12124,10.);
#3575=VECTOR('',#12125,10.);
#3576=VECTOR('',#12130,2.3);
#3577=VECTOR('',#12135,10.);
#3578=VECTOR('',#12136,10.);
#3579=VECTOR('',#12137,10.);
#3580=VECTOR('',#12138,10.);
#3581=VECTOR('',#12141,10.);
#3582=VECTOR('',#12142,10.);
#3583=VECTOR('',#12143,10.);
#3584=VECTOR('',#12146,10.);
#3585=VECTOR('',#12147,10.);
#3586=VECTOR('',#12148,10.);
#3587=VECTOR('',#12149,10.);
#3588=VECTOR('',#12154,2.3);
#3589=VECTOR('',#12159,10.);
#3590=VECTOR('',#12160,10.);
#3591=VECTOR('',#12161,10.);
#3592=VECTOR('',#12162,10.);
#3593=VECTOR('',#12165,10.);
#3594=VECTOR('',#12166,10.);
#3595=VECTOR('',#12167,10.);
#3596=VECTOR('',#12170,10.);
#3597=VECTOR('',#12171,10.);
#3598=VECTOR('',#12172,10.);
#3599=VECTOR('',#12175,10.);
#3600=VECTOR('',#12176,10.);
#3601=VECTOR('',#12177,10.);
#3602=VECTOR('',#12180,10.);
#3603=VECTOR('',#12181,10.);
#3604=VECTOR('',#12182,10.);
#3605=VECTOR('',#12183,10.);
#3606=VECTOR('',#12184,10.);
#3607=VECTOR('',#12185,10.);
#3608=VECTOR('',#12188,10.);
#3609=VECTOR('',#12189,10.);
#3610=VECTOR('',#12190,10.);
#3611=VECTOR('',#12193,10.);
#3612=VECTOR('',#12194,10.);
#3613=VECTOR('',#12195,10.);
#3614=VECTOR('',#12196,10.);
#3615=VECTOR('',#12199,10.);
#3616=VECTOR('',#12200,10.);
#3617=VECTOR('',#12203,10.);
#3618=VECTOR('',#12206,10.);
#3619=VECTOR('',#12207,10.);
#3620=VECTOR('',#12208,10.);
#3621=VECTOR('',#12211,10.);
#3622=VECTOR('',#12212,10.);
#3623=VECTOR('',#12213,10.);
#3624=VECTOR('',#12214,10.);
#3625=VECTOR('',#12215,10.);
#3626=VECTOR('',#12216,10.);
#3627=VECTOR('',#12219,10.);
#3628=VECTOR('',#12220,10.);
#3629=VECTOR('',#12221,10.);
#3630=VECTOR('',#12224,10.);
#3631=VECTOR('',#12225,10.);
#3632=VECTOR('',#12228,10.);
#3633=VECTOR('',#12229,10.);
#3634=VECTOR('',#12232,10.);
#3635=VECTOR('',#12233,10.);
#3636=VECTOR('',#12236,10.);
#3637=VECTOR('',#12237,10.);
#3638=VECTOR('',#12238,10.);
#3639=VECTOR('',#12239,10.);
#3640=VECTOR('',#12240,10.);
#3641=VECTOR('',#12241,10.);
#3642=VECTOR('',#12242,10.);
#3643=VECTOR('',#12245,10.);
#3644=VECTOR('',#12246,10.);
#3645=VECTOR('',#12249,10.);
#3646=VECTOR('',#12252,10.);
#3647=VECTOR('',#12253,10.);
#3648=VECTOR('',#12254,10.);
#3649=VECTOR('',#12255,10.);
#3650=VECTOR('',#12258,10.);
#3651=VECTOR('',#12259,10.);
#3652=VECTOR('',#12260,10.);
#3653=VECTOR('',#12261,10.);
#3654=VECTOR('',#12262,10.);
#3655=VECTOR('',#12263,10.);
#3656=VECTOR('',#12264,10.);
#3657=VECTOR('',#12265,10.);
#3658=VECTOR('',#12268,10.);
#3659=VECTOR('',#12271,10.);
#3660=VECTOR('',#12272,10.);
#3661=VECTOR('',#12273,10.);
#3662=VECTOR('',#12274,10.);
#3663=VECTOR('',#12277,10.);
#3664=VECTOR('',#12280,10.);
#3665=VECTOR('',#12283,10.);
#3666=VECTOR('',#12286,10.);
#3667=VECTOR('',#12293,10.);
#3668=VECTOR('',#12298,2.4);
#3669=VECTOR('',#12305,1.2);
#3670=VECTOR('',#12308,10.);
#3671=VECTOR('',#12309,10.);
#3672=VECTOR('',#12310,10.);
#3673=VECTOR('',#12311,10.);
#3674=VECTOR('',#12314,10.);
#3675=VECTOR('',#12315,10.);
#3676=VECTOR('',#12316,10.);
#3677=VECTOR('',#12317,10.);
#3678=VECTOR('',#12320,10.);
#3679=VECTOR('',#12321,10.);
#3680=VECTOR('',#12322,10.);
#3681=VECTOR('',#12323,10.);
#3682=VECTOR('',#12324,10.);
#3683=VECTOR('',#12327,10.);
#3684=VECTOR('',#12328,10.);
#3685=VECTOR('',#12331,10.);
#3686=VECTOR('',#12332,10.);
#3687=VECTOR('',#12333,10.);
#3688=VECTOR('',#12336,10.);
#3689=VECTOR('',#12337,10.);
#3690=VECTOR('',#12338,10.);
#3691=VECTOR('',#12341,10.);
#3692=VECTOR('',#12344,10.);
#3693=VECTOR('',#12345,10.);
#3694=VECTOR('',#12346,10.);
#3695=VECTOR('',#12347,10.);
#3696=VECTOR('',#12350,10.);
#3697=VECTOR('',#12351,10.);
#3698=VECTOR('',#12352,10.);
#3699=VECTOR('',#12353,10.);
#3700=VECTOR('',#12354,10.);
#3701=VECTOR('',#12357,10.);
#3702=VECTOR('',#12358,10.);
#3703=VECTOR('',#12359,10.);
#3704=VECTOR('',#12362,10.);
#3705=VECTOR('',#12363,10.);
#3706=VECTOR('',#12366,10.);
#3707=VECTOR('',#12367,10.);
#3708=VECTOR('',#12368,10.);
#3709=VECTOR('',#12373,2.3);
#3710=VECTOR('',#12378,10.);
#3711=VECTOR('',#12379,10.);
#3712=VECTOR('',#12380,10.);
#3713=VECTOR('',#12381,10.);
#3714=VECTOR('',#12384,10.);
#3715=VECTOR('',#12385,10.);
#3716=VECTOR('',#12386,10.);
#3717=VECTOR('',#12389,10.);
#3718=VECTOR('',#12390,10.);
#3719=VECTOR('',#12391,10.);
#3720=VECTOR('',#12392,10.);
#3721=VECTOR('',#12397,2.3);
#3722=VECTOR('',#12402,10.);
#3723=VECTOR('',#12403,10.);
#3724=VECTOR('',#12404,10.);
#3725=VECTOR('',#12405,10.);
#3726=VECTOR('',#12408,10.);
#3727=VECTOR('',#12409,10.);
#3728=VECTOR('',#12410,10.);
#3729=VECTOR('',#12413,10.);
#3730=VECTOR('',#12414,10.);
#3731=VECTOR('',#12415,10.);
#3732=VECTOR('',#12418,10.);
#3733=VECTOR('',#12419,10.);
#3734=VECTOR('',#12420,10.);
#3735=VECTOR('',#12423,10.);
#3736=VECTOR('',#12424,10.);
#3737=VECTOR('',#12425,10.);
#3738=VECTOR('',#12426,10.);
#3739=VECTOR('',#12427,10.);
#3740=VECTOR('',#12428,10.);
#3741=VECTOR('',#12431,10.);
#3742=VECTOR('',#12432,10.);
#3743=VECTOR('',#12433,10.);
#3744=VECTOR('',#12436,10.);
#3745=VECTOR('',#12437,10.);
#3746=VECTOR('',#12438,10.);
#3747=VECTOR('',#12439,10.);
#3748=VECTOR('',#12442,10.);
#3749=VECTOR('',#12443,10.);
#3750=VECTOR('',#12446,10.);
#3751=VECTOR('',#12449,10.);
#3752=VECTOR('',#12450,10.);
#3753=VECTOR('',#12451,10.);
#3754=VECTOR('',#12454,10.);
#3755=VECTOR('',#12455,10.);
#3756=VECTOR('',#12456,10.);
#3757=VECTOR('',#12457,10.);
#3758=VECTOR('',#12458,10.);
#3759=VECTOR('',#12459,10.);
#3760=VECTOR('',#12462,10.);
#3761=VECTOR('',#12463,10.);
#3762=VECTOR('',#12464,10.);
#3763=VECTOR('',#12467,10.);
#3764=VECTOR('',#12468,10.);
#3765=VECTOR('',#12471,10.);
#3766=VECTOR('',#12472,10.);
#3767=VECTOR('',#12475,10.);
#3768=VECTOR('',#12476,10.);
#3769=VECTOR('',#12479,10.);
#3770=VECTOR('',#12480,10.);
#3771=VECTOR('',#12481,10.);
#3772=VECTOR('',#12482,10.);
#3773=VECTOR('',#12483,10.);
#3774=VECTOR('',#12484,10.);
#3775=VECTOR('',#12485,10.);
#3776=VECTOR('',#12488,10.);
#3777=VECTOR('',#12489,10.);
#3778=VECTOR('',#12492,10.);
#3779=VECTOR('',#12495,10.);
#3780=VECTOR('',#12496,10.);
#3781=VECTOR('',#12497,10.);
#3782=VECTOR('',#12498,10.);
#3783=VECTOR('',#12501,10.);
#3784=VECTOR('',#12502,10.);
#3785=VECTOR('',#12503,10.);
#3786=VECTOR('',#12504,10.);
#3787=VECTOR('',#12505,10.);
#3788=VECTOR('',#12506,10.);
#3789=VECTOR('',#12507,10.);
#3790=VECTOR('',#12508,10.);
#3791=VECTOR('',#12511,10.);
#3792=VECTOR('',#12514,10.);
#3793=VECTOR('',#12515,10.);
#3794=VECTOR('',#12516,10.);
#3795=VECTOR('',#12517,10.);
#3796=VECTOR('',#12520,10.);
#3797=VECTOR('',#12523,10.);
#3798=VECTOR('',#12526,10.);
#3799=VECTOR('',#12529,10.);
#3800=VECTOR('',#12536,10.);
#3801=VECTOR('',#12541,2.4);
#3802=VECTOR('',#12548,1.2);
#3803=VECTOR('',#12551,10.);
#3804=VECTOR('',#12552,10.);
#3805=VECTOR('',#12553,10.);
#3806=VECTOR('',#12554,10.);
#3807=VECTOR('',#12557,10.);
#3808=VECTOR('',#12558,10.);
#3809=VECTOR('',#12559,10.);
#3810=VECTOR('',#12560,10.);
#3811=VECTOR('',#12563,10.);
#3812=VECTOR('',#12564,10.);
#3813=VECTOR('',#12565,10.);
#3814=VECTOR('',#12566,10.);
#3815=VECTOR('',#12567,10.);
#3816=VECTOR('',#12570,10.);
#3817=VECTOR('',#12571,10.);
#3818=VECTOR('',#12574,10.);
#3819=VECTOR('',#12575,10.);
#3820=VECTOR('',#12576,10.);
#3821=VECTOR('',#12579,10.);
#3822=VECTOR('',#12580,10.);
#3823=VECTOR('',#12581,10.);
#3824=VECTOR('',#12584,10.);
#3825=VECTOR('',#12587,10.);
#3826=VECTOR('',#12588,10.);
#3827=VECTOR('',#12589,10.);
#3828=VECTOR('',#12590,10.);
#3829=VECTOR('',#12593,10.);
#3830=VECTOR('',#12594,10.);
#3831=VECTOR('',#12595,10.);
#3832=VECTOR('',#12596,10.);
#3833=VECTOR('',#12597,10.);
#3834=VECTOR('',#12600,10.);
#3835=VECTOR('',#12601,10.);
#3836=VECTOR('',#12602,10.);
#3837=VECTOR('',#12605,10.);
#3838=VECTOR('',#12606,10.);
#3839=VECTOR('',#12609,10.);
#3840=VECTOR('',#12610,10.);
#3841=VECTOR('',#12611,10.);
#3842=VECTOR('',#12616,2.3);
#3843=VECTOR('',#12621,10.);
#3844=VECTOR('',#12622,10.);
#3845=VECTOR('',#12623,10.);
#3846=VECTOR('',#12624,10.);
#3847=VECTOR('',#12627,10.);
#3848=VECTOR('',#12628,10.);
#3849=VECTOR('',#12629,10.);
#3850=VECTOR('',#12632,10.);
#3851=VECTOR('',#12633,10.);
#3852=VECTOR('',#12634,10.);
#3853=VECTOR('',#12635,10.);
#3854=VECTOR('',#12640,2.3);
#3855=VECTOR('',#12645,10.);
#3856=VECTOR('',#12646,10.);
#3857=VECTOR('',#12647,10.);
#3858=VECTOR('',#12648,10.);
#3859=VECTOR('',#12651,10.);
#3860=VECTOR('',#12652,10.);
#3861=VECTOR('',#12653,10.);
#3862=VECTOR('',#12656,10.);
#3863=VECTOR('',#12657,10.);
#3864=VECTOR('',#12658,10.);
#3865=VECTOR('',#12661,10.);
#3866=VECTOR('',#12662,10.);
#3867=VECTOR('',#12663,10.);
#3868=VECTOR('',#12666,10.);
#3869=VECTOR('',#12667,10.);
#3870=VECTOR('',#12668,10.);
#3871=VECTOR('',#12669,10.);
#3872=VECTOR('',#12670,10.);
#3873=VECTOR('',#12671,10.);
#3874=VECTOR('',#12674,10.);
#3875=VECTOR('',#12675,10.);
#3876=VECTOR('',#12676,10.);
#3877=VECTOR('',#12679,10.);
#3878=VECTOR('',#12680,10.);
#3879=VECTOR('',#12681,10.);
#3880=VECTOR('',#12682,10.);
#3881=VECTOR('',#12685,10.);
#3882=VECTOR('',#12686,10.);
#3883=VECTOR('',#12689,10.);
#3884=VECTOR('',#12692,10.);
#3885=VECTOR('',#12693,10.);
#3886=VECTOR('',#12694,10.);
#3887=VECTOR('',#12697,10.);
#3888=VECTOR('',#12698,10.);
#3889=VECTOR('',#12699,10.);
#3890=VECTOR('',#12700,10.);
#3891=VECTOR('',#12701,10.);
#3892=VECTOR('',#12702,10.);
#3893=VECTOR('',#12705,10.);
#3894=VECTOR('',#12706,10.);
#3895=VECTOR('',#12707,10.);
#3896=VECTOR('',#12710,10.);
#3897=VECTOR('',#12711,10.);
#3898=VECTOR('',#12714,10.);
#3899=VECTOR('',#12715,10.);
#3900=VECTOR('',#12718,10.);
#3901=VECTOR('',#12719,10.);
#3902=VECTOR('',#12722,10.);
#3903=VECTOR('',#12723,10.);
#3904=VECTOR('',#12724,10.);
#3905=VECTOR('',#12725,10.);
#3906=VECTOR('',#12726,10.);
#3907=VECTOR('',#12727,10.);
#3908=VECTOR('',#12728,10.);
#3909=VECTOR('',#12731,10.);
#3910=VECTOR('',#12732,10.);
#3911=VECTOR('',#12735,10.);
#3912=VECTOR('',#12738,10.);
#3913=VECTOR('',#12739,10.);
#3914=VECTOR('',#12740,10.);
#3915=VECTOR('',#12741,10.);
#3916=VECTOR('',#12744,10.);
#3917=VECTOR('',#12745,10.);
#3918=VECTOR('',#12746,10.);
#3919=VECTOR('',#12747,10.);
#3920=VECTOR('',#12748,10.);
#3921=VECTOR('',#12749,10.);
#3922=VECTOR('',#12750,10.);
#3923=VECTOR('',#12751,10.);
#3924=VECTOR('',#12754,10.);
#3925=VECTOR('',#12757,10.);
#3926=VECTOR('',#12758,10.);
#3927=VECTOR('',#12759,10.);
#3928=VECTOR('',#12760,10.);
#3929=VECTOR('',#12763,10.);
#3930=VECTOR('',#12766,10.);
#3931=VECTOR('',#12769,10.);
#3932=VECTOR('',#12772,10.);
#3933=VECTOR('',#12779,10.);
#3934=VECTOR('',#12784,2.4);
#3935=VECTOR('',#12791,1.2);
#3936=VECTOR('',#12794,10.);
#3937=VECTOR('',#12795,10.);
#3938=VECTOR('',#12796,10.);
#3939=VECTOR('',#12797,10.);
#3940=VECTOR('',#12800,10.);
#3941=VECTOR('',#12801,10.);
#3942=VECTOR('',#12802,10.);
#3943=VECTOR('',#12803,10.);
#3944=VECTOR('',#12806,10.);
#3945=VECTOR('',#12807,10.);
#3946=VECTOR('',#12808,10.);
#3947=VECTOR('',#12809,10.);
#3948=VECTOR('',#12810,10.);
#3949=VECTOR('',#12813,10.);
#3950=VECTOR('',#12814,10.);
#3951=VECTOR('',#12817,10.);
#3952=VECTOR('',#12818,10.);
#3953=VECTOR('',#12819,10.);
#3954=VECTOR('',#12822,10.);
#3955=VECTOR('',#12823,10.);
#3956=VECTOR('',#12824,10.);
#3957=VECTOR('',#12827,10.);
#3958=VECTOR('',#12830,10.);
#3959=VECTOR('',#12831,10.);
#3960=VECTOR('',#12832,10.);
#3961=VECTOR('',#12833,10.);
#3962=VECTOR('',#12836,10.);
#3963=VECTOR('',#12837,10.);
#3964=VECTOR('',#12838,10.);
#3965=VECTOR('',#12839,10.);
#3966=VECTOR('',#12840,10.);
#3967=VECTOR('',#12843,10.);
#3968=VECTOR('',#12844,10.);
#3969=VECTOR('',#12845,10.);
#3970=VECTOR('',#12848,10.);
#3971=VECTOR('',#12849,10.);
#3972=VECTOR('',#12852,10.);
#3973=VECTOR('',#12853,10.);
#3974=VECTOR('',#12854,10.);
#3975=VECTOR('',#12859,2.3);
#3976=VECTOR('',#12864,10.);
#3977=VECTOR('',#12865,10.);
#3978=VECTOR('',#12866,10.);
#3979=VECTOR('',#12867,10.);
#3980=VECTOR('',#12870,10.);
#3981=VECTOR('',#12871,10.);
#3982=VECTOR('',#12872,10.);
#3983=VECTOR('',#12875,10.);
#3984=VECTOR('',#12876,10.);
#3985=VECTOR('',#12877,10.);
#3986=VECTOR('',#12878,10.);
#3987=VECTOR('',#12883,2.3);
#3988=VECTOR('',#12888,10.);
#3989=VECTOR('',#12889,10.);
#3990=VECTOR('',#12890,10.);
#3991=VECTOR('',#12891,10.);
#3992=VECTOR('',#12894,10.);
#3993=VECTOR('',#12895,10.);
#3994=VECTOR('',#12896,10.);
#3995=VECTOR('',#12899,10.);
#3996=VECTOR('',#12900,10.);
#3997=VECTOR('',#12901,10.);
#3998=VECTOR('',#12904,10.);
#3999=VECTOR('',#12905,10.);
#4000=VECTOR('',#12906,10.);
#4001=VECTOR('',#12909,10.);
#4002=VECTOR('',#12910,10.);
#4003=VECTOR('',#12911,10.);
#4004=VECTOR('',#12912,10.);
#4005=VECTOR('',#12913,10.);
#4006=VECTOR('',#12914,10.);
#4007=VECTOR('',#12917,10.);
#4008=VECTOR('',#12918,10.);
#4009=VECTOR('',#12919,10.);
#4010=VECTOR('',#12922,10.);
#4011=VECTOR('',#12923,10.);
#4012=VECTOR('',#12924,10.);
#4013=VECTOR('',#12925,10.);
#4014=VECTOR('',#12928,10.);
#4015=VECTOR('',#12929,10.);
#4016=VECTOR('',#12932,10.);
#4017=VECTOR('',#12935,10.);
#4018=VECTOR('',#12936,10.);
#4019=VECTOR('',#12937,10.);
#4020=VECTOR('',#12940,10.);
#4021=VECTOR('',#12941,10.);
#4022=VECTOR('',#12942,10.);
#4023=VECTOR('',#12943,10.);
#4024=VECTOR('',#12944,10.);
#4025=VECTOR('',#12945,10.);
#4026=VECTOR('',#12948,10.);
#4027=VECTOR('',#12949,10.);
#4028=VECTOR('',#12950,10.);
#4029=VECTOR('',#12953,10.);
#4030=VECTOR('',#12954,10.);
#4031=VECTOR('',#12957,10.);
#4032=VECTOR('',#12958,10.);
#4033=VECTOR('',#12961,10.);
#4034=VECTOR('',#12962,10.);
#4035=VECTOR('',#12965,10.);
#4036=VECTOR('',#12966,10.);
#4037=VECTOR('',#12967,10.);
#4038=VECTOR('',#12968,10.);
#4039=VECTOR('',#12969,10.);
#4040=VECTOR('',#12970,10.);
#4041=VECTOR('',#12971,10.);
#4042=VECTOR('',#12974,10.);
#4043=VECTOR('',#12975,10.);
#4044=VECTOR('',#12978,10.);
#4045=VECTOR('',#12981,10.);
#4046=VECTOR('',#12982,10.);
#4047=VECTOR('',#12983,10.);
#4048=VECTOR('',#12984,10.);
#4049=VECTOR('',#12987,10.);
#4050=VECTOR('',#12988,10.);
#4051=VECTOR('',#12989,10.);
#4052=VECTOR('',#12990,10.);
#4053=VECTOR('',#12991,10.);
#4054=VECTOR('',#12992,10.);
#4055=VECTOR('',#12993,10.);
#4056=VECTOR('',#12994,10.);
#4057=VECTOR('',#12997,10.);
#4058=VECTOR('',#13000,10.);
#4059=VECTOR('',#13001,10.);
#4060=VECTOR('',#13002,10.);
#4061=VECTOR('',#13003,10.);
#4062=VECTOR('',#13006,10.);
#4063=VECTOR('',#13009,10.);
#4064=VECTOR('',#13012,10.);
#4065=VECTOR('',#13015,10.);
#4066=VECTOR('',#13022,10.);
#4067=VECTOR('',#13027,2.4);
#4068=VECTOR('',#13034,1.2);
#4069=VECTOR('',#13037,10.);
#4070=VECTOR('',#13038,10.);
#4071=VECTOR('',#13039,10.);
#4072=VECTOR('',#13040,10.);
#4073=VECTOR('',#13043,10.);
#4074=VECTOR('',#13044,10.);
#4075=VECTOR('',#13045,10.);
#4076=VECTOR('',#13046,10.);
#4077=VECTOR('',#13049,10.);
#4078=VECTOR('',#13050,10.);
#4079=VECTOR('',#13051,10.);
#4080=VECTOR('',#13052,10.);
#4081=VECTOR('',#13053,10.);
#4082=VECTOR('',#13056,10.);
#4083=VECTOR('',#13057,10.);
#4084=VECTOR('',#13060,10.);
#4085=VECTOR('',#13061,10.);
#4086=VECTOR('',#13062,10.);
#4087=VECTOR('',#13065,10.);
#4088=VECTOR('',#13066,10.);
#4089=VECTOR('',#13067,10.);
#4090=VECTOR('',#13070,10.);
#4091=VECTOR('',#13073,10.);
#4092=VECTOR('',#13074,10.);
#4093=VECTOR('',#13075,10.);
#4094=VECTOR('',#13076,10.);
#4095=VECTOR('',#13079,10.);
#4096=VECTOR('',#13080,10.);
#4097=VECTOR('',#13081,10.);
#4098=VECTOR('',#13082,10.);
#4099=VECTOR('',#13083,10.);
#4100=VECTOR('',#13086,10.);
#4101=VECTOR('',#13087,10.);
#4102=VECTOR('',#13088,10.);
#4103=VECTOR('',#13091,10.);
#4104=VECTOR('',#13092,10.);
#4105=VECTOR('',#13095,10.);
#4106=VECTOR('',#13096,10.);
#4107=VECTOR('',#13097,10.);
#4108=VECTOR('',#13102,2.3);
#4109=VECTOR('',#13107,10.);
#4110=VECTOR('',#13108,10.);
#4111=VECTOR('',#13109,10.);
#4112=VECTOR('',#13110,10.);
#4113=VECTOR('',#13113,10.);
#4114=VECTOR('',#13114,10.);
#4115=VECTOR('',#13115,10.);
#4116=VECTOR('',#13118,10.);
#4117=VECTOR('',#13119,10.);
#4118=VECTOR('',#13120,10.);
#4119=VECTOR('',#13121,10.);
#4120=VECTOR('',#13126,2.3);
#4121=VECTOR('',#13131,10.);
#4122=VECTOR('',#13132,10.);
#4123=VECTOR('',#13133,10.);
#4124=VECTOR('',#13134,10.);
#4125=VECTOR('',#13137,10.);
#4126=VECTOR('',#13138,10.);
#4127=VECTOR('',#13139,10.);
#4128=VECTOR('',#13142,10.);
#4129=VECTOR('',#13143,10.);
#4130=VECTOR('',#13144,10.);
#4131=VECTOR('',#13147,10.);
#4132=VECTOR('',#13148,10.);
#4133=VECTOR('',#13149,10.);
#4134=VECTOR('',#13152,10.);
#4135=VECTOR('',#13153,10.);
#4136=VECTOR('',#13154,10.);
#4137=VECTOR('',#13155,10.);
#4138=VECTOR('',#13156,10.);
#4139=VECTOR('',#13157,10.);
#4140=VECTOR('',#13160,10.);
#4141=VECTOR('',#13161,10.);
#4142=VECTOR('',#13162,10.);
#4143=VECTOR('',#13165,10.);
#4144=VECTOR('',#13166,10.);
#4145=VECTOR('',#13167,10.);
#4146=VECTOR('',#13168,10.);
#4147=VECTOR('',#13171,10.);
#4148=VECTOR('',#13172,10.);
#4149=VECTOR('',#13175,10.);
#4150=VECTOR('',#13178,10.);
#4151=VECTOR('',#13179,10.);
#4152=VECTOR('',#13180,10.);
#4153=VECTOR('',#13183,10.);
#4154=VECTOR('',#13184,10.);
#4155=VECTOR('',#13185,10.);
#4156=VECTOR('',#13186,10.);
#4157=VECTOR('',#13187,10.);
#4158=VECTOR('',#13188,10.);
#4159=VECTOR('',#13191,10.);
#4160=VECTOR('',#13192,10.);
#4161=VECTOR('',#13193,10.);
#4162=VECTOR('',#13196,10.);
#4163=VECTOR('',#13197,10.);
#4164=VECTOR('',#13200,10.);
#4165=VECTOR('',#13201,10.);
#4166=VECTOR('',#13204,10.);
#4167=VECTOR('',#13205,10.);
#4168=VECTOR('',#13208,10.);
#4169=VECTOR('',#13209,10.);
#4170=VECTOR('',#13210,10.);
#4171=VECTOR('',#13211,10.);
#4172=VECTOR('',#13212,10.);
#4173=VECTOR('',#13213,10.);
#4174=VECTOR('',#13214,10.);
#4175=VECTOR('',#13217,10.);
#4176=VECTOR('',#13218,10.);
#4177=VECTOR('',#13221,10.);
#4178=VECTOR('',#13224,10.);
#4179=VECTOR('',#13225,10.);
#4180=VECTOR('',#13226,10.);
#4181=VECTOR('',#13227,10.);
#4182=VECTOR('',#13230,10.);
#4183=VECTOR('',#13231,10.);
#4184=VECTOR('',#13232,10.);
#4185=VECTOR('',#13233,10.);
#4186=VECTOR('',#13234,10.);
#4187=VECTOR('',#13235,10.);
#4188=VECTOR('',#13236,10.);
#4189=VECTOR('',#13237,10.);
#4190=VECTOR('',#13240,10.);
#4191=VECTOR('',#13243,10.);
#4192=VECTOR('',#13244,10.);
#4193=VECTOR('',#13245,10.);
#4194=VECTOR('',#13246,10.);
#4195=VECTOR('',#13249,10.);
#4196=VECTOR('',#13252,10.);
#4197=VECTOR('',#13255,10.);
#4198=VECTOR('',#13258,10.);
#4199=VECTOR('',#13265,10.);
#4200=VECTOR('',#13270,2.4);
#4201=VECTOR('',#13277,1.2);
#4202=VECTOR('',#13280,10.);
#4203=VECTOR('',#13281,10.);
#4204=VECTOR('',#13282,10.);
#4205=VECTOR('',#13283,10.);
#4206=VECTOR('',#13286,10.);
#4207=VECTOR('',#13287,10.);
#4208=VECTOR('',#13288,10.);
#4209=VECTOR('',#13289,10.);
#4210=VECTOR('',#13292,10.);
#4211=VECTOR('',#13293,10.);
#4212=VECTOR('',#13294,10.);
#4213=VECTOR('',#13295,10.);
#4214=VECTOR('',#13296,10.);
#4215=VECTOR('',#13299,10.);
#4216=VECTOR('',#13300,10.);
#4217=VECTOR('',#13303,10.);
#4218=VECTOR('',#13304,10.);
#4219=VECTOR('',#13305,10.);
#4220=VECTOR('',#13308,10.);
#4221=VECTOR('',#13309,10.);
#4222=VECTOR('',#13310,10.);
#4223=VECTOR('',#13313,10.);
#4224=VECTOR('',#13316,10.);
#4225=VECTOR('',#13317,10.);
#4226=VECTOR('',#13318,10.);
#4227=VECTOR('',#13319,10.);
#4228=VECTOR('',#13322,10.);
#4229=VECTOR('',#13323,10.);
#4230=VECTOR('',#13324,10.);
#4231=VECTOR('',#13325,10.);
#4232=VECTOR('',#13326,10.);
#4233=VECTOR('',#13329,10.);
#4234=VECTOR('',#13330,10.);
#4235=VECTOR('',#13331,10.);
#4236=VECTOR('',#13334,10.);
#4237=VECTOR('',#13335,10.);
#4238=VECTOR('',#13338,10.);
#4239=VECTOR('',#13339,10.);
#4240=VECTOR('',#13340,10.);
#4241=VECTOR('',#13345,2.3);
#4242=VECTOR('',#13350,10.);
#4243=VECTOR('',#13351,10.);
#4244=VECTOR('',#13352,10.);
#4245=VECTOR('',#13353,10.);
#4246=VECTOR('',#13356,10.);
#4247=VECTOR('',#13357,10.);
#4248=VECTOR('',#13358,10.);
#4249=VECTOR('',#13361,10.);
#4250=VECTOR('',#13362,10.);
#4251=VECTOR('',#13363,10.);
#4252=VECTOR('',#13364,10.);
#4253=VECTOR('',#13369,2.3);
#4254=VECTOR('',#13374,10.);
#4255=VECTOR('',#13375,10.);
#4256=VECTOR('',#13376,10.);
#4257=VECTOR('',#13377,10.);
#4258=VECTOR('',#13380,10.);
#4259=VECTOR('',#13381,10.);
#4260=VECTOR('',#13382,10.);
#4261=VECTOR('',#13385,10.);
#4262=VECTOR('',#13386,10.);
#4263=VECTOR('',#13387,10.);
#4264=VECTOR('',#13390,10.);
#4265=VECTOR('',#13391,10.);
#4266=VECTOR('',#13392,10.);
#4267=VECTOR('',#13395,10.);
#4268=VECTOR('',#13396,10.);
#4269=VECTOR('',#13397,10.);
#4270=VECTOR('',#13398,10.);
#4271=VECTOR('',#13399,10.);
#4272=VECTOR('',#13400,10.);
#4273=VECTOR('',#13403,10.);
#4274=VECTOR('',#13404,10.);
#4275=VECTOR('',#13405,10.);
#4276=VECTOR('',#13408,10.);
#4277=VECTOR('',#13409,10.);
#4278=VECTOR('',#13410,10.);
#4279=VECTOR('',#13411,10.);
#4280=VECTOR('',#13414,10.);
#4281=VECTOR('',#13415,10.);
#4282=VECTOR('',#13418,10.);
#4283=VECTOR('',#13421,10.);
#4284=VECTOR('',#13422,10.);
#4285=VECTOR('',#13423,10.);
#4286=VECTOR('',#13426,10.);
#4287=VECTOR('',#13427,10.);
#4288=VECTOR('',#13428,10.);
#4289=VECTOR('',#13429,10.);
#4290=VECTOR('',#13430,10.);
#4291=VECTOR('',#13431,10.);
#4292=VECTOR('',#13434,10.);
#4293=VECTOR('',#13435,10.);
#4294=VECTOR('',#13436,10.);
#4295=VECTOR('',#13439,10.);
#4296=VECTOR('',#13440,10.);
#4297=VECTOR('',#13443,10.);
#4298=VECTOR('',#13444,10.);
#4299=VECTOR('',#13447,10.);
#4300=VECTOR('',#13448,10.);
#4301=VECTOR('',#13451,10.);
#4302=VECTOR('',#13452,10.);
#4303=VECTOR('',#13453,10.);
#4304=VECTOR('',#13454,10.);
#4305=VECTOR('',#13455,10.);
#4306=VECTOR('',#13456,10.);
#4307=VECTOR('',#13457,10.);
#4308=VECTOR('',#13460,10.);
#4309=VECTOR('',#13461,10.);
#4310=VECTOR('',#13464,10.);
#4311=VECTOR('',#13467,10.);
#4312=VECTOR('',#13468,10.);
#4313=VECTOR('',#13469,10.);
#4314=VECTOR('',#13470,10.);
#4315=VECTOR('',#13473,10.);
#4316=VECTOR('',#13474,10.);
#4317=VECTOR('',#13475,10.);
#4318=VECTOR('',#13476,10.);
#4319=VECTOR('',#13477,10.);
#4320=VECTOR('',#13478,10.);
#4321=VECTOR('',#13479,10.);
#4322=VECTOR('',#13480,10.);
#4323=VECTOR('',#13483,10.);
#4324=VECTOR('',#13486,10.);
#4325=VECTOR('',#13487,10.);
#4326=VECTOR('',#13488,10.);
#4327=VECTOR('',#13489,10.);
#4328=VECTOR('',#13492,10.);
#4329=VECTOR('',#13495,10.);
#4330=VECTOR('',#13498,10.);
#4331=VECTOR('',#13501,10.);
#4332=VECTOR('',#13508,10.);
#4333=VECTOR('',#13513,2.4);
#4334=VECTOR('',#13520,1.2);
#4335=VECTOR('',#13523,10.);
#4336=VECTOR('',#13524,10.);
#4337=VECTOR('',#13525,10.);
#4338=VECTOR('',#13526,10.);
#4339=VECTOR('',#13529,10.);
#4340=VECTOR('',#13530,10.);
#4341=VECTOR('',#13531,10.);
#4342=VECTOR('',#13532,10.);
#4343=VECTOR('',#13535,10.);
#4344=VECTOR('',#13536,10.);
#4345=VECTOR('',#13537,10.);
#4346=VECTOR('',#13538,10.);
#4347=VECTOR('',#13539,10.);
#4348=VECTOR('',#13542,10.);
#4349=VECTOR('',#13543,10.);
#4350=VECTOR('',#13546,10.);
#4351=VECTOR('',#13547,10.);
#4352=VECTOR('',#13548,10.);
#4353=VECTOR('',#13551,10.);
#4354=VECTOR('',#13552,10.);
#4355=VECTOR('',#13553,10.);
#4356=VECTOR('',#13556,10.);
#4357=VECTOR('',#13559,10.);
#4358=VECTOR('',#13560,10.);
#4359=VECTOR('',#13561,10.);
#4360=VECTOR('',#13562,10.);
#4361=VECTOR('',#13565,10.);
#4362=VECTOR('',#13566,10.);
#4363=VECTOR('',#13567,10.);
#4364=VECTOR('',#13568,10.);
#4365=VECTOR('',#13569,10.);
#4366=VECTOR('',#13572,10.);
#4367=VECTOR('',#13573,10.);
#4368=VECTOR('',#13574,10.);
#4369=VECTOR('',#13577,10.);
#4370=VECTOR('',#13578,10.);
#4371=VECTOR('',#13581,10.);
#4372=VECTOR('',#13582,10.);
#4373=VECTOR('',#13583,10.);
#4374=VECTOR('',#13588,2.3);
#4375=VECTOR('',#13593,10.);
#4376=VECTOR('',#13594,10.);
#4377=VECTOR('',#13595,10.);
#4378=VECTOR('',#13596,10.);
#4379=VECTOR('',#13599,10.);
#4380=VECTOR('',#13600,10.);
#4381=VECTOR('',#13601,10.);
#4382=VECTOR('',#13604,10.);
#4383=VECTOR('',#13605,10.);
#4384=VECTOR('',#13606,10.);
#4385=VECTOR('',#13607,10.);
#4386=VECTOR('',#13612,2.3);
#4387=VECTOR('',#13617,10.);
#4388=VECTOR('',#13618,10.);
#4389=VECTOR('',#13619,10.);
#4390=VECTOR('',#13620,10.);
#4391=VECTOR('',#13623,10.);
#4392=VECTOR('',#13624,10.);
#4393=VECTOR('',#13625,10.);
#4394=VECTOR('',#13628,10.);
#4395=VECTOR('',#13629,10.);
#4396=VECTOR('',#13630,10.);
#4397=VECTOR('',#13633,10.);
#4398=VECTOR('',#13634,10.);
#4399=VECTOR('',#13635,10.);
#4400=VECTOR('',#13638,10.);
#4401=VECTOR('',#13639,10.);
#4402=VECTOR('',#13640,10.);
#4403=VECTOR('',#13641,10.);
#4404=VECTOR('',#13642,10.);
#4405=VECTOR('',#13643,10.);
#4406=VECTOR('',#13646,10.);
#4407=VECTOR('',#13647,10.);
#4408=VECTOR('',#13648,10.);
#4409=VECTOR('',#13651,10.);
#4410=VECTOR('',#13652,10.);
#4411=VECTOR('',#13653,10.);
#4412=VECTOR('',#13654,10.);
#4413=VECTOR('',#13657,10.);
#4414=VECTOR('',#13658,10.);
#4415=VECTOR('',#13661,10.);
#4416=VECTOR('',#13664,10.);
#4417=VECTOR('',#13665,10.);
#4418=VECTOR('',#13666,10.);
#4419=VECTOR('',#13669,10.);
#4420=VECTOR('',#13670,10.);
#4421=VECTOR('',#13671,10.);
#4422=VECTOR('',#13672,10.);
#4423=VECTOR('',#13673,10.);
#4424=VECTOR('',#13674,10.);
#4425=VECTOR('',#13677,10.);
#4426=VECTOR('',#13678,10.);
#4427=VECTOR('',#13679,10.);
#4428=VECTOR('',#13682,10.);
#4429=VECTOR('',#13683,10.);
#4430=VECTOR('',#13686,10.);
#4431=VECTOR('',#13687,10.);
#4432=VECTOR('',#13690,10.);
#4433=VECTOR('',#13691,10.);
#4434=VECTOR('',#13694,10.);
#4435=VECTOR('',#13695,10.);
#4436=VECTOR('',#13696,10.);
#4437=VECTOR('',#13697,10.);
#4438=VECTOR('',#13698,10.);
#4439=VECTOR('',#13699,10.);
#4440=VECTOR('',#13700,10.);
#4441=VECTOR('',#13703,10.);
#4442=VECTOR('',#13704,10.);
#4443=VECTOR('',#13707,10.);
#4444=VECTOR('',#13710,10.);
#4445=VECTOR('',#13711,10.);
#4446=VECTOR('',#13712,10.);
#4447=VECTOR('',#13713,10.);
#4448=VECTOR('',#13716,10.);
#4449=VECTOR('',#13717,10.);
#4450=VECTOR('',#13718,10.);
#4451=VECTOR('',#13719,10.);
#4452=VECTOR('',#13720,10.);
#4453=VECTOR('',#13721,10.);
#4454=VECTOR('',#13722,10.);
#4455=VECTOR('',#13723,10.);
#4456=VECTOR('',#13726,10.);
#4457=VECTOR('',#13729,10.);
#4458=VECTOR('',#13730,10.);
#4459=VECTOR('',#13731,10.);
#4460=VECTOR('',#13732,10.);
#4461=VECTOR('',#13735,10.);
#4462=VECTOR('',#13738,10.);
#4463=VECTOR('',#13741,10.);
#4464=VECTOR('',#13744,10.);
#4465=VECTOR('',#13751,10.);
#4466=VECTOR('',#13756,2.4);
#4467=VECTOR('',#13763,1.2);
#4468=VECTOR('',#13766,10.);
#4469=VECTOR('',#13767,10.);
#4470=VECTOR('',#13768,10.);
#4471=VECTOR('',#13769,10.);
#4472=VECTOR('',#13772,10.);
#4473=VECTOR('',#13773,10.);
#4474=VECTOR('',#13774,10.);
#4475=VECTOR('',#13775,10.);
#4476=VECTOR('',#13778,10.);
#4477=VECTOR('',#13779,10.);
#4478=VECTOR('',#13780,10.);
#4479=VECTOR('',#13781,10.);
#4480=VECTOR('',#13782,10.);
#4481=VECTOR('',#13785,10.);
#4482=VECTOR('',#13786,10.);
#4483=VECTOR('',#13789,10.);
#4484=VECTOR('',#13790,10.);
#4485=VECTOR('',#13791,10.);
#4486=VECTOR('',#13794,10.);
#4487=VECTOR('',#13795,10.);
#4488=VECTOR('',#13796,10.);
#4489=VECTOR('',#13799,10.);
#4490=VECTOR('',#13802,10.);
#4491=VECTOR('',#13803,10.);
#4492=VECTOR('',#13804,10.);
#4493=VECTOR('',#13805,10.);
#4494=VECTOR('',#13808,10.);
#4495=VECTOR('',#13809,10.);
#4496=VECTOR('',#13810,10.);
#4497=VECTOR('',#13811,10.);
#4498=VECTOR('',#13812,10.);
#4499=VECTOR('',#13815,10.);
#4500=VECTOR('',#13816,10.);
#4501=VECTOR('',#13817,10.);
#4502=VECTOR('',#13820,10.);
#4503=VECTOR('',#13821,10.);
#4504=VECTOR('',#13824,10.);
#4505=VECTOR('',#13825,10.);
#4506=VECTOR('',#13826,10.);
#4507=VECTOR('',#13831,2.3);
#4508=VECTOR('',#13836,10.);
#4509=VECTOR('',#13837,10.);
#4510=VECTOR('',#13838,10.);
#4511=VECTOR('',#13839,10.);
#4512=VECTOR('',#13842,10.);
#4513=VECTOR('',#13843,10.);
#4514=VECTOR('',#13844,10.);
#4515=VECTOR('',#13847,10.);
#4516=VECTOR('',#13848,10.);
#4517=VECTOR('',#13849,10.);
#4518=VECTOR('',#13850,10.);
#4519=VECTOR('',#13855,2.3);
#4520=VECTOR('',#13860,10.);
#4521=VECTOR('',#13861,10.);
#4522=VECTOR('',#13862,10.);
#4523=VECTOR('',#13863,10.);
#4524=VECTOR('',#13866,10.);
#4525=VECTOR('',#13867,10.);
#4526=VECTOR('',#13868,10.);
#4527=VECTOR('',#13871,10.);
#4528=VECTOR('',#13872,10.);
#4529=VECTOR('',#13873,10.);
#4530=VECTOR('',#13876,10.);
#4531=VECTOR('',#13877,10.);
#4532=VECTOR('',#13878,10.);
#4533=VECTOR('',#13881,10.);
#4534=VECTOR('',#13882,10.);
#4535=VECTOR('',#13883,10.);
#4536=VECTOR('',#13884,10.);
#4537=VECTOR('',#13885,10.);
#4538=VECTOR('',#13886,10.);
#4539=VECTOR('',#13889,10.);
#4540=VECTOR('',#13890,10.);
#4541=VECTOR('',#13891,10.);
#4542=VECTOR('',#13894,10.);
#4543=VECTOR('',#13895,10.);
#4544=VECTOR('',#13896,10.);
#4545=VECTOR('',#13897,10.);
#4546=VECTOR('',#13900,10.);
#4547=VECTOR('',#13901,10.);
#4548=VECTOR('',#13904,10.);
#4549=VECTOR('',#13907,10.);
#4550=VECTOR('',#13908,10.);
#4551=VECTOR('',#13909,10.);
#4552=VECTOR('',#13912,10.);
#4553=VECTOR('',#13913,10.);
#4554=VECTOR('',#13914,10.);
#4555=VECTOR('',#13915,10.);
#4556=VECTOR('',#13916,10.);
#4557=VECTOR('',#13917,10.);
#4558=VECTOR('',#13920,10.);
#4559=VECTOR('',#13921,10.);
#4560=VECTOR('',#13922,10.);
#4561=VECTOR('',#13925,10.);
#4562=VECTOR('',#13926,10.);
#4563=VECTOR('',#13929,10.);
#4564=VECTOR('',#13930,10.);
#4565=VECTOR('',#13933,10.);
#4566=VECTOR('',#13934,10.);
#4567=VECTOR('',#13937,10.);
#4568=VECTOR('',#13938,10.);
#4569=VECTOR('',#13939,10.);
#4570=VECTOR('',#13940,10.);
#4571=VECTOR('',#13941,10.);
#4572=VECTOR('',#13942,10.);
#4573=VECTOR('',#13943,10.);
#4574=VECTOR('',#13946,10.);
#4575=VECTOR('',#13947,10.);
#4576=VECTOR('',#13950,10.);
#4577=VECTOR('',#13953,10.);
#4578=VECTOR('',#13954,10.);
#4579=VECTOR('',#13955,10.);
#4580=VECTOR('',#13956,10.);
#4581=VECTOR('',#13959,10.);
#4582=VECTOR('',#13960,10.);
#4583=VECTOR('',#13961,10.);
#4584=VECTOR('',#13962,10.);
#4585=VECTOR('',#13963,10.);
#4586=VECTOR('',#13964,10.);
#4587=VECTOR('',#13965,10.);
#4588=VECTOR('',#13966,10.);
#4589=VECTOR('',#13969,10.);
#4590=VECTOR('',#13972,10.);
#4591=VECTOR('',#13973,10.);
#4592=VECTOR('',#13974,10.);
#4593=VECTOR('',#13975,10.);
#4594=VECTOR('',#13978,10.);
#4595=VECTOR('',#13981,10.);
#4596=VECTOR('',#13984,10.);
#4597=VECTOR('',#13987,10.);
#4598=VECTOR('',#13994,10.);
#4599=VECTOR('',#13999,2.4);
#4600=VECTOR('',#14006,1.2);
#4601=VECTOR('',#14009,10.);
#4602=VECTOR('',#14010,10.);
#4603=VECTOR('',#14011,10.);
#4604=VECTOR('',#14012,10.);
#4605=VECTOR('',#14015,10.);
#4606=VECTOR('',#14016,10.);
#4607=VECTOR('',#14017,10.);
#4608=VECTOR('',#14018,10.);
#4609=VECTOR('',#14021,10.);
#4610=VECTOR('',#14022,10.);
#4611=VECTOR('',#14023,10.);
#4612=VECTOR('',#14024,10.);
#4613=VECTOR('',#14025,10.);
#4614=VECTOR('',#14028,10.);
#4615=VECTOR('',#14029,10.);
#4616=VECTOR('',#14032,10.);
#4617=VECTOR('',#14033,10.);
#4618=VECTOR('',#14034,10.);
#4619=VECTOR('',#14037,10.);
#4620=VECTOR('',#14038,10.);
#4621=VECTOR('',#14039,10.);
#4622=VECTOR('',#14042,10.);
#4623=VECTOR('',#14045,10.);
#4624=VECTOR('',#14046,10.);
#4625=VECTOR('',#14047,10.);
#4626=VECTOR('',#14048,10.);
#4627=VECTOR('',#14051,10.);
#4628=VECTOR('',#14052,10.);
#4629=VECTOR('',#14053,10.);
#4630=VECTOR('',#14054,10.);
#4631=VECTOR('',#14055,10.);
#4632=VECTOR('',#14058,10.);
#4633=VECTOR('',#14059,10.);
#4634=VECTOR('',#14060,10.);
#4635=VECTOR('',#14063,10.);
#4636=VECTOR('',#14064,10.);
#4637=VECTOR('',#14067,10.);
#4638=VECTOR('',#14068,10.);
#4639=VECTOR('',#14069,10.);
#4640=VECTOR('',#14074,2.3);
#4641=VECTOR('',#14079,10.);
#4642=VECTOR('',#14080,10.);
#4643=VECTOR('',#14081,10.);
#4644=VECTOR('',#14082,10.);
#4645=VECTOR('',#14085,10.);
#4646=VECTOR('',#14086,10.);
#4647=VECTOR('',#14087,10.);
#4648=VECTOR('',#14090,10.);
#4649=VECTOR('',#14091,10.);
#4650=VECTOR('',#14092,10.);
#4651=VECTOR('',#14093,10.);
#4652=VECTOR('',#14098,2.3);
#4653=VECTOR('',#14103,10.);
#4654=VECTOR('',#14104,10.);
#4655=VECTOR('',#14105,10.);
#4656=VECTOR('',#14106,10.);
#4657=VECTOR('',#14109,10.);
#4658=VECTOR('',#14110,10.);
#4659=VECTOR('',#14111,10.);
#4660=VECTOR('',#14114,10.);
#4661=VECTOR('',#14115,10.);
#4662=VECTOR('',#14116,10.);
#4663=VECTOR('',#14119,10.);
#4664=VECTOR('',#14120,10.);
#4665=VECTOR('',#14121,10.);
#4666=VECTOR('',#14124,10.);
#4667=VECTOR('',#14125,10.);
#4668=VECTOR('',#14126,10.);
#4669=VECTOR('',#14127,10.);
#4670=VECTOR('',#14128,10.);
#4671=VECTOR('',#14129,10.);
#4672=VECTOR('',#14132,10.);
#4673=VECTOR('',#14133,10.);
#4674=VECTOR('',#14134,10.);
#4675=VECTOR('',#14137,10.);
#4676=VECTOR('',#14138,10.);
#4677=VECTOR('',#14139,10.);
#4678=VECTOR('',#14140,10.);
#4679=VECTOR('',#14143,10.);
#4680=VECTOR('',#14144,10.);
#4681=VECTOR('',#14147,10.);
#4682=VECTOR('',#14150,10.);
#4683=VECTOR('',#14151,10.);
#4684=VECTOR('',#14152,10.);
#4685=VECTOR('',#14155,10.);
#4686=VECTOR('',#14156,10.);
#4687=VECTOR('',#14157,10.);
#4688=VECTOR('',#14158,10.);
#4689=VECTOR('',#14159,10.);
#4690=VECTOR('',#14160,10.);
#4691=VECTOR('',#14163,10.);
#4692=VECTOR('',#14164,10.);
#4693=VECTOR('',#14165,10.);
#4694=VECTOR('',#14168,10.);
#4695=VECTOR('',#14169,10.);
#4696=VECTOR('',#14172,10.);
#4697=VECTOR('',#14173,10.);
#4698=VECTOR('',#14176,10.);
#4699=VECTOR('',#14177,10.);
#4700=VECTOR('',#14180,10.);
#4701=VECTOR('',#14181,10.);
#4702=VECTOR('',#14182,10.);
#4703=VECTOR('',#14183,10.);
#4704=VECTOR('',#14184,10.);
#4705=VECTOR('',#14185,10.);
#4706=VECTOR('',#14186,10.);
#4707=VECTOR('',#14189,10.);
#4708=VECTOR('',#14190,10.);
#4709=VECTOR('',#14193,10.);
#4710=VECTOR('',#14196,10.);
#4711=VECTOR('',#14197,10.);
#4712=VECTOR('',#14198,10.);
#4713=VECTOR('',#14199,10.);
#4714=VECTOR('',#14202,10.);
#4715=VECTOR('',#14203,10.);
#4716=VECTOR('',#14204,10.);
#4717=VECTOR('',#14205,10.);
#4718=VECTOR('',#14206,10.);
#4719=VECTOR('',#14207,10.);
#4720=VECTOR('',#14208,10.);
#4721=VECTOR('',#14209,10.);
#4722=VECTOR('',#14212,10.);
#4723=VECTOR('',#14215,10.);
#4724=VECTOR('',#14216,10.);
#4725=VECTOR('',#14217,10.);
#4726=VECTOR('',#14218,10.);
#4727=VECTOR('',#14221,10.);
#4728=VECTOR('',#14224,10.);
#4729=VECTOR('',#14227,10.);
#4730=VECTOR('',#14230,10.);
#4731=VECTOR('',#14237,10.);
#4732=VERTEX_POINT('',#14242);
#4733=VERTEX_POINT('',#14243);
#4734=VERTEX_POINT('',#14247);
#4735=VERTEX_POINT('',#14249);
#4736=VERTEX_POINT('',#14252);
#4737=VERTEX_POINT('',#14253);
#4738=VERTEX_POINT('',#14255);
#4739=VERTEX_POINT('',#14257);
#4740=VERTEX_POINT('',#14261);
#4741=VERTEX_POINT('',#14262);
#4742=VERTEX_POINT('',#14264);
#4743=VERTEX_POINT('',#14266);
#4744=VERTEX_POINT('',#14270);
#4745=VERTEX_POINT('',#14271);
#4746=VERTEX_POINT('',#14273);
#4747=VERTEX_POINT('',#14275);
#4748=VERTEX_POINT('',#14277);
#4749=VERTEX_POINT('',#14284);
#4750=VERTEX_POINT('',#14286);
#4751=VERTEX_POINT('',#14290);
#4752=VERTEX_POINT('',#14292);
#4753=VERTEX_POINT('',#14298);
#4754=VERTEX_POINT('',#14299);
#4755=VERTEX_POINT('',#14301);
#4756=VERTEX_POINT('',#14303);
#4757=VERTEX_POINT('',#14307);
#4758=VERTEX_POINT('',#14308);
#4759=VERTEX_POINT('',#14310);
#4760=VERTEX_POINT('',#14312);
#4761=VERTEX_POINT('',#14314);
#4762=VERTEX_POINT('',#14318);
#4763=VERTEX_POINT('',#14320);
#4764=VERTEX_POINT('',#14324);
#4765=VERTEX_POINT('',#14328);
#4766=VERTEX_POINT('',#14330);
#4767=VERTEX_POINT('',#14334);
#4768=VERTEX_POINT('',#14336);
#4769=VERTEX_POINT('',#14340);
#4770=VERTEX_POINT('',#14341);
#4771=VERTEX_POINT('',#14343);
#4772=VERTEX_POINT('',#14345);
#4773=VERTEX_POINT('',#14349);
#4774=VERTEX_POINT('',#14351);
#4775=VERTEX_POINT('',#14355);
#4776=VERTEX_POINT('',#14357);
#4777=VERTEX_POINT('',#14359);
#4778=VERTEX_POINT('',#14363);
#4779=VERTEX_POINT('',#14365);
#4780=VERTEX_POINT('',#14369);
#4781=VERTEX_POINT('',#14370);
#4782=VERTEX_POINT('',#14372);
#4783=VERTEX_POINT('',#14374);
#4784=VERTEX_POINT('',#14378);
#4785=VERTEX_POINT('',#14380);
#4786=VERTEX_POINT('',#14384);
#4787=VERTEX_POINT('',#14386);
#4788=VERTEX_POINT('',#14390);
#4789=VERTEX_POINT('',#14392);
#4790=VERTEX_POINT('',#14396);
#4791=VERTEX_POINT('',#14397);
#4792=VERTEX_POINT('',#14399);
#4793=VERTEX_POINT('',#14401);
#4794=VERTEX_POINT('',#14403);
#4795=VERTEX_POINT('',#14405);
#4796=VERTEX_POINT('',#14409);
#4797=VERTEX_POINT('',#14411);
#4798=VERTEX_POINT('',#14415);
#4799=VERTEX_POINT('',#14417);
#4800=VERTEX_POINT('',#14422);
#4801=VERTEX_POINT('',#14432);
#4802=VERTEX_POINT('',#14433);
#4803=VERTEX_POINT('',#14435);
#4804=VERTEX_POINT('',#14437);
#4805=VERTEX_POINT('',#14439);
#4806=VERTEX_POINT('',#14441);
#4807=VERTEX_POINT('',#14445);
#4808=VERTEX_POINT('',#14446);
#4809=VERTEX_POINT('',#14451);
#4810=VERTEX_POINT('',#14455);
#4811=VERTEX_POINT('',#14459);
#4812=VERTEX_POINT('',#14463);
#4813=VERTEX_POINT('',#14464);
#4814=VERTEX_POINT('',#14468);
#4815=VERTEX_POINT('',#14470);
#4816=VERTEX_POINT('',#14472);
#4817=VERTEX_POINT('',#14482);
#4818=VERTEX_POINT('',#14484);
#4819=VERTEX_POINT('',#14488);
#4820=VERTEX_POINT('',#14491);
#4821=VERTEX_POINT('',#14493);
#4822=VERTEX_POINT('',#14496);
#4823=VERTEX_POINT('',#14498);
#4824=VERTEX_POINT('',#14504);
#4825=VERTEX_POINT('',#14506);
#4826=VERTEX_POINT('',#14524);
#4827=VERTEX_POINT('',#14525);
#4828=VERTEX_POINT('',#14529);
#4829=VERTEX_POINT('',#14531);
#4830=VERTEX_POINT('',#14534);
#4831=VERTEX_POINT('',#14535);
#4832=VERTEX_POINT('',#14537);
#4833=VERTEX_POINT('',#14539);
#4834=VERTEX_POINT('',#14543);
#4835=VERTEX_POINT('',#14544);
#4836=VERTEX_POINT('',#14546);
#4837=VERTEX_POINT('',#14548);
#4838=VERTEX_POINT('',#14552);
#4839=VERTEX_POINT('',#14553);
#4840=VERTEX_POINT('',#14555);
#4841=VERTEX_POINT('',#14557);
#4842=VERTEX_POINT('',#14559);
#4843=VERTEX_POINT('',#14566);
#4844=VERTEX_POINT('',#14568);
#4845=VERTEX_POINT('',#14572);
#4846=VERTEX_POINT('',#14574);
#4847=VERTEX_POINT('',#14580);
#4848=VERTEX_POINT('',#14581);
#4849=VERTEX_POINT('',#14583);
#4850=VERTEX_POINT('',#14585);
#4851=VERTEX_POINT('',#14589);
#4852=VERTEX_POINT('',#14590);
#4853=VERTEX_POINT('',#14592);
#4854=VERTEX_POINT('',#14594);
#4855=VERTEX_POINT('',#14596);
#4856=VERTEX_POINT('',#14600);
#4857=VERTEX_POINT('',#14602);
#4858=VERTEX_POINT('',#14606);
#4859=VERTEX_POINT('',#14610);
#4860=VERTEX_POINT('',#14612);
#4861=VERTEX_POINT('',#14616);
#4862=VERTEX_POINT('',#14618);
#4863=VERTEX_POINT('',#14622);
#4864=VERTEX_POINT('',#14623);
#4865=VERTEX_POINT('',#14625);
#4866=VERTEX_POINT('',#14627);
#4867=VERTEX_POINT('',#14631);
#4868=VERTEX_POINT('',#14633);
#4869=VERTEX_POINT('',#14637);
#4870=VERTEX_POINT('',#14639);
#4871=VERTEX_POINT('',#14641);
#4872=VERTEX_POINT('',#14645);
#4873=VERTEX_POINT('',#14647);
#4874=VERTEX_POINT('',#14651);
#4875=VERTEX_POINT('',#14652);
#4876=VERTEX_POINT('',#14654);
#4877=VERTEX_POINT('',#14656);
#4878=VERTEX_POINT('',#14660);
#4879=VERTEX_POINT('',#14662);
#4880=VERTEX_POINT('',#14666);
#4881=VERTEX_POINT('',#14668);
#4882=VERTEX_POINT('',#14672);
#4883=VERTEX_POINT('',#14674);
#4884=VERTEX_POINT('',#14678);
#4885=VERTEX_POINT('',#14679);
#4886=VERTEX_POINT('',#14681);
#4887=VERTEX_POINT('',#14683);
#4888=VERTEX_POINT('',#14685);
#4889=VERTEX_POINT('',#14687);
#4890=VERTEX_POINT('',#14691);
#4891=VERTEX_POINT('',#14693);
#4892=VERTEX_POINT('',#14697);
#4893=VERTEX_POINT('',#14699);
#4894=VERTEX_POINT('',#14704);
#4895=VERTEX_POINT('',#14714);
#4896=VERTEX_POINT('',#14715);
#4897=VERTEX_POINT('',#14717);
#4898=VERTEX_POINT('',#14719);
#4899=VERTEX_POINT('',#14721);
#4900=VERTEX_POINT('',#14723);
#4901=VERTEX_POINT('',#14727);
#4902=VERTEX_POINT('',#14728);
#4903=VERTEX_POINT('',#14733);
#4904=VERTEX_POINT('',#14737);
#4905=VERTEX_POINT('',#14741);
#4906=VERTEX_POINT('',#14745);
#4907=VERTEX_POINT('',#14746);
#4908=VERTEX_POINT('',#14750);
#4909=VERTEX_POINT('',#14752);
#4910=VERTEX_POINT('',#14754);
#4911=VERTEX_POINT('',#14764);
#4912=VERTEX_POINT('',#14766);
#4913=VERTEX_POINT('',#14770);
#4914=VERTEX_POINT('',#14773);
#4915=VERTEX_POINT('',#14775);
#4916=VERTEX_POINT('',#14778);
#4917=VERTEX_POINT('',#14780);
#4918=VERTEX_POINT('',#14786);
#4919=VERTEX_POINT('',#14788);
#4920=VERTEX_POINT('',#14806);
#4921=VERTEX_POINT('',#14807);
#4922=VERTEX_POINT('',#14811);
#4923=VERTEX_POINT('',#14813);
#4924=VERTEX_POINT('',#14816);
#4925=VERTEX_POINT('',#14817);
#4926=VERTEX_POINT('',#14819);
#4927=VERTEX_POINT('',#14821);
#4928=VERTEX_POINT('',#14825);
#4929=VERTEX_POINT('',#14826);
#4930=VERTEX_POINT('',#14828);
#4931=VERTEX_POINT('',#14830);
#4932=VERTEX_POINT('',#14834);
#4933=VERTEX_POINT('',#14835);
#4934=VERTEX_POINT('',#14837);
#4935=VERTEX_POINT('',#14839);
#4936=VERTEX_POINT('',#14841);
#4937=VERTEX_POINT('',#14848);
#4938=VERTEX_POINT('',#14850);
#4939=VERTEX_POINT('',#14854);
#4940=VERTEX_POINT('',#14856);
#4941=VERTEX_POINT('',#14862);
#4942=VERTEX_POINT('',#14863);
#4943=VERTEX_POINT('',#14865);
#4944=VERTEX_POINT('',#14867);
#4945=VERTEX_POINT('',#14871);
#4946=VERTEX_POINT('',#14872);
#4947=VERTEX_POINT('',#14874);
#4948=VERTEX_POINT('',#14876);
#4949=VERTEX_POINT('',#14878);
#4950=VERTEX_POINT('',#14882);
#4951=VERTEX_POINT('',#14884);
#4952=VERTEX_POINT('',#14888);
#4953=VERTEX_POINT('',#14892);
#4954=VERTEX_POINT('',#14894);
#4955=VERTEX_POINT('',#14898);
#4956=VERTEX_POINT('',#14900);
#4957=VERTEX_POINT('',#14904);
#4958=VERTEX_POINT('',#14905);
#4959=VERTEX_POINT('',#14907);
#4960=VERTEX_POINT('',#14909);
#4961=VERTEX_POINT('',#14913);
#4962=VERTEX_POINT('',#14915);
#4963=VERTEX_POINT('',#14919);
#4964=VERTEX_POINT('',#14921);
#4965=VERTEX_POINT('',#14923);
#4966=VERTEX_POINT('',#14927);
#4967=VERTEX_POINT('',#14929);
#4968=VERTEX_POINT('',#14933);
#4969=VERTEX_POINT('',#14934);
#4970=VERTEX_POINT('',#14936);
#4971=VERTEX_POINT('',#14938);
#4972=VERTEX_POINT('',#14942);
#4973=VERTEX_POINT('',#14944);
#4974=VERTEX_POINT('',#14948);
#4975=VERTEX_POINT('',#14950);
#4976=VERTEX_POINT('',#14954);
#4977=VERTEX_POINT('',#14956);
#4978=VERTEX_POINT('',#14960);
#4979=VERTEX_POINT('',#14961);
#4980=VERTEX_POINT('',#14963);
#4981=VERTEX_POINT('',#14965);
#4982=VERTEX_POINT('',#14967);
#4983=VERTEX_POINT('',#14969);
#4984=VERTEX_POINT('',#14973);
#4985=VERTEX_POINT('',#14975);
#4986=VERTEX_POINT('',#14979);
#4987=VERTEX_POINT('',#14981);
#4988=VERTEX_POINT('',#14986);
#4989=VERTEX_POINT('',#14996);
#4990=VERTEX_POINT('',#14997);
#4991=VERTEX_POINT('',#14999);
#4992=VERTEX_POINT('',#15001);
#4993=VERTEX_POINT('',#15003);
#4994=VERTEX_POINT('',#15005);
#4995=VERTEX_POINT('',#15009);
#4996=VERTEX_POINT('',#15010);
#4997=VERTEX_POINT('',#15015);
#4998=VERTEX_POINT('',#15019);
#4999=VERTEX_POINT('',#15023);
#5000=VERTEX_POINT('',#15027);
#5001=VERTEX_POINT('',#15028);
#5002=VERTEX_POINT('',#15032);
#5003=VERTEX_POINT('',#15034);
#5004=VERTEX_POINT('',#15036);
#5005=VERTEX_POINT('',#15046);
#5006=VERTEX_POINT('',#15048);
#5007=VERTEX_POINT('',#15052);
#5008=VERTEX_POINT('',#15055);
#5009=VERTEX_POINT('',#15057);
#5010=VERTEX_POINT('',#15060);
#5011=VERTEX_POINT('',#15062);
#5012=VERTEX_POINT('',#15068);
#5013=VERTEX_POINT('',#15070);
#5014=VERTEX_POINT('',#15088);
#5015=VERTEX_POINT('',#15089);
#5016=VERTEX_POINT('',#15093);
#5017=VERTEX_POINT('',#15095);
#5018=VERTEX_POINT('',#15098);
#5019=VERTEX_POINT('',#15099);
#5020=VERTEX_POINT('',#15101);
#5021=VERTEX_POINT('',#15103);
#5022=VERTEX_POINT('',#15107);
#5023=VERTEX_POINT('',#15108);
#5024=VERTEX_POINT('',#15110);
#5025=VERTEX_POINT('',#15112);
#5026=VERTEX_POINT('',#15116);
#5027=VERTEX_POINT('',#15117);
#5028=VERTEX_POINT('',#15119);
#5029=VERTEX_POINT('',#15121);
#5030=VERTEX_POINT('',#15123);
#5031=VERTEX_POINT('',#15130);
#5032=VERTEX_POINT('',#15132);
#5033=VERTEX_POINT('',#15136);
#5034=VERTEX_POINT('',#15138);
#5035=VERTEX_POINT('',#15144);
#5036=VERTEX_POINT('',#15145);
#5037=VERTEX_POINT('',#15147);
#5038=VERTEX_POINT('',#15149);
#5039=VERTEX_POINT('',#15153);
#5040=VERTEX_POINT('',#15154);
#5041=VERTEX_POINT('',#15156);
#5042=VERTEX_POINT('',#15158);
#5043=VERTEX_POINT('',#15160);
#5044=VERTEX_POINT('',#15164);
#5045=VERTEX_POINT('',#15166);
#5046=VERTEX_POINT('',#15170);
#5047=VERTEX_POINT('',#15174);
#5048=VERTEX_POINT('',#15176);
#5049=VERTEX_POINT('',#15180);
#5050=VERTEX_POINT('',#15182);
#5051=VERTEX_POINT('',#15186);
#5052=VERTEX_POINT('',#15187);
#5053=VERTEX_POINT('',#15189);
#5054=VERTEX_POINT('',#15191);
#5055=VERTEX_POINT('',#15195);
#5056=VERTEX_POINT('',#15197);
#5057=VERTEX_POINT('',#15201);
#5058=VERTEX_POINT('',#15203);
#5059=VERTEX_POINT('',#15205);
#5060=VERTEX_POINT('',#15209);
#5061=VERTEX_POINT('',#15211);
#5062=VERTEX_POINT('',#15215);
#5063=VERTEX_POINT('',#15216);
#5064=VERTEX_POINT('',#15218);
#5065=VERTEX_POINT('',#15220);
#5066=VERTEX_POINT('',#15224);
#5067=VERTEX_POINT('',#15226);
#5068=VERTEX_POINT('',#15230);
#5069=VERTEX_POINT('',#15232);
#5070=VERTEX_POINT('',#15236);
#5071=VERTEX_POINT('',#15238);
#5072=VERTEX_POINT('',#15242);
#5073=VERTEX_POINT('',#15243);
#5074=VERTEX_POINT('',#15245);
#5075=VERTEX_POINT('',#15247);
#5076=VERTEX_POINT('',#15249);
#5077=VERTEX_POINT('',#15251);
#5078=VERTEX_POINT('',#15255);
#5079=VERTEX_POINT('',#15257);
#5080=VERTEX_POINT('',#15261);
#5081=VERTEX_POINT('',#15263);
#5082=VERTEX_POINT('',#15268);
#5083=VERTEX_POINT('',#15278);
#5084=VERTEX_POINT('',#15279);
#5085=VERTEX_POINT('',#15281);
#5086=VERTEX_POINT('',#15283);
#5087=VERTEX_POINT('',#15285);
#5088=VERTEX_POINT('',#15287);
#5089=VERTEX_POINT('',#15291);
#5090=VERTEX_POINT('',#15292);
#5091=VERTEX_POINT('',#15297);
#5092=VERTEX_POINT('',#15301);
#5093=VERTEX_POINT('',#15305);
#5094=VERTEX_POINT('',#15309);
#5095=VERTEX_POINT('',#15310);
#5096=VERTEX_POINT('',#15314);
#5097=VERTEX_POINT('',#15316);
#5098=VERTEX_POINT('',#15318);
#5099=VERTEX_POINT('',#15328);
#5100=VERTEX_POINT('',#15330);
#5101=VERTEX_POINT('',#15334);
#5102=VERTEX_POINT('',#15337);
#5103=VERTEX_POINT('',#15339);
#5104=VERTEX_POINT('',#15342);
#5105=VERTEX_POINT('',#15344);
#5106=VERTEX_POINT('',#15350);
#5107=VERTEX_POINT('',#15352);
#5108=VERTEX_POINT('',#15370);
#5109=VERTEX_POINT('',#15371);
#5110=VERTEX_POINT('',#15375);
#5111=VERTEX_POINT('',#15377);
#5112=VERTEX_POINT('',#15380);
#5113=VERTEX_POINT('',#15381);
#5114=VERTEX_POINT('',#15383);
#5115=VERTEX_POINT('',#15385);
#5116=VERTEX_POINT('',#15389);
#5117=VERTEX_POINT('',#15390);
#5118=VERTEX_POINT('',#15392);
#5119=VERTEX_POINT('',#15394);
#5120=VERTEX_POINT('',#15398);
#5121=VERTEX_POINT('',#15399);
#5122=VERTEX_POINT('',#15401);
#5123=VERTEX_POINT('',#15403);
#5124=VERTEX_POINT('',#15405);
#5125=VERTEX_POINT('',#15412);
#5126=VERTEX_POINT('',#15414);
#5127=VERTEX_POINT('',#15418);
#5128=VERTEX_POINT('',#15420);
#5129=VERTEX_POINT('',#15426);
#5130=VERTEX_POINT('',#15427);
#5131=VERTEX_POINT('',#15429);
#5132=VERTEX_POINT('',#15431);
#5133=VERTEX_POINT('',#15435);
#5134=VERTEX_POINT('',#15436);
#5135=VERTEX_POINT('',#15438);
#5136=VERTEX_POINT('',#15440);
#5137=VERTEX_POINT('',#15442);
#5138=VERTEX_POINT('',#15446);
#5139=VERTEX_POINT('',#15448);
#5140=VERTEX_POINT('',#15452);
#5141=VERTEX_POINT('',#15456);
#5142=VERTEX_POINT('',#15458);
#5143=VERTEX_POINT('',#15462);
#5144=VERTEX_POINT('',#15464);
#5145=VERTEX_POINT('',#15468);
#5146=VERTEX_POINT('',#15469);
#5147=VERTEX_POINT('',#15471);
#5148=VERTEX_POINT('',#15473);
#5149=VERTEX_POINT('',#15477);
#5150=VERTEX_POINT('',#15479);
#5151=VERTEX_POINT('',#15483);
#5152=VERTEX_POINT('',#15485);
#5153=VERTEX_POINT('',#15487);
#5154=VERTEX_POINT('',#15491);
#5155=VERTEX_POINT('',#15493);
#5156=VERTEX_POINT('',#15497);
#5157=VERTEX_POINT('',#15498);
#5158=VERTEX_POINT('',#15500);
#5159=VERTEX_POINT('',#15502);
#5160=VERTEX_POINT('',#15506);
#5161=VERTEX_POINT('',#15508);
#5162=VERTEX_POINT('',#15512);
#5163=VERTEX_POINT('',#15514);
#5164=VERTEX_POINT('',#15518);
#5165=VERTEX_POINT('',#15520);
#5166=VERTEX_POINT('',#15524);
#5167=VERTEX_POINT('',#15525);
#5168=VERTEX_POINT('',#15527);
#5169=VERTEX_POINT('',#15529);
#5170=VERTEX_POINT('',#15531);
#5171=VERTEX_POINT('',#15533);
#5172=VERTEX_POINT('',#15537);
#5173=VERTEX_POINT('',#15539);
#5174=VERTEX_POINT('',#15543);
#5175=VERTEX_POINT('',#15545);
#5176=VERTEX_POINT('',#15550);
#5177=VERTEX_POINT('',#15560);
#5178=VERTEX_POINT('',#15561);
#5179=VERTEX_POINT('',#15563);
#5180=VERTEX_POINT('',#15565);
#5181=VERTEX_POINT('',#15567);
#5182=VERTEX_POINT('',#15569);
#5183=VERTEX_POINT('',#15573);
#5184=VERTEX_POINT('',#15574);
#5185=VERTEX_POINT('',#15579);
#5186=VERTEX_POINT('',#15583);
#5187=VERTEX_POINT('',#15587);
#5188=VERTEX_POINT('',#15591);
#5189=VERTEX_POINT('',#15592);
#5190=VERTEX_POINT('',#15596);
#5191=VERTEX_POINT('',#15598);
#5192=VERTEX_POINT('',#15600);
#5193=VERTEX_POINT('',#15610);
#5194=VERTEX_POINT('',#15612);
#5195=VERTEX_POINT('',#15616);
#5196=VERTEX_POINT('',#15619);
#5197=VERTEX_POINT('',#15621);
#5198=VERTEX_POINT('',#15624);
#5199=VERTEX_POINT('',#15626);
#5200=VERTEX_POINT('',#15632);
#5201=VERTEX_POINT('',#15634);
#5202=VERTEX_POINT('',#15652);
#5203=VERTEX_POINT('',#15653);
#5204=VERTEX_POINT('',#15657);
#5205=VERTEX_POINT('',#15659);
#5206=VERTEX_POINT('',#15662);
#5207=VERTEX_POINT('',#15663);
#5208=VERTEX_POINT('',#15665);
#5209=VERTEX_POINT('',#15667);
#5210=VERTEX_POINT('',#15671);
#5211=VERTEX_POINT('',#15672);
#5212=VERTEX_POINT('',#15674);
#5213=VERTEX_POINT('',#15676);
#5214=VERTEX_POINT('',#15680);
#5215=VERTEX_POINT('',#15681);
#5216=VERTEX_POINT('',#15683);
#5217=VERTEX_POINT('',#15685);
#5218=VERTEX_POINT('',#15687);
#5219=VERTEX_POINT('',#15694);
#5220=VERTEX_POINT('',#15696);
#5221=VERTEX_POINT('',#15700);
#5222=VERTEX_POINT('',#15702);
#5223=VERTEX_POINT('',#15708);
#5224=VERTEX_POINT('',#15709);
#5225=VERTEX_POINT('',#15711);
#5226=VERTEX_POINT('',#15713);
#5227=VERTEX_POINT('',#15717);
#5228=VERTEX_POINT('',#15718);
#5229=VERTEX_POINT('',#15720);
#5230=VERTEX_POINT('',#15722);
#5231=VERTEX_POINT('',#15724);
#5232=VERTEX_POINT('',#15728);
#5233=VERTEX_POINT('',#15730);
#5234=VERTEX_POINT('',#15734);
#5235=VERTEX_POINT('',#15738);
#5236=VERTEX_POINT('',#15740);
#5237=VERTEX_POINT('',#15744);
#5238=VERTEX_POINT('',#15746);
#5239=VERTEX_POINT('',#15750);
#5240=VERTEX_POINT('',#15751);
#5241=VERTEX_POINT('',#15753);
#5242=VERTEX_POINT('',#15755);
#5243=VERTEX_POINT('',#15759);
#5244=VERTEX_POINT('',#15761);
#5245=VERTEX_POINT('',#15765);
#5246=VERTEX_POINT('',#15767);
#5247=VERTEX_POINT('',#15769);
#5248=VERTEX_POINT('',#15773);
#5249=VERTEX_POINT('',#15775);
#5250=VERTEX_POINT('',#15779);
#5251=VERTEX_POINT('',#15780);
#5252=VERTEX_POINT('',#15782);
#5253=VERTEX_POINT('',#15784);
#5254=VERTEX_POINT('',#15788);
#5255=VERTEX_POINT('',#15790);
#5256=VERTEX_POINT('',#15794);
#5257=VERTEX_POINT('',#15796);
#5258=VERTEX_POINT('',#15800);
#5259=VERTEX_POINT('',#15802);
#5260=VERTEX_POINT('',#15806);
#5261=VERTEX_POINT('',#15807);
#5262=VERTEX_POINT('',#15809);
#5263=VERTEX_POINT('',#15811);
#5264=VERTEX_POINT('',#15813);
#5265=VERTEX_POINT('',#15815);
#5266=VERTEX_POINT('',#15819);
#5267=VERTEX_POINT('',#15821);
#5268=VERTEX_POINT('',#15825);
#5269=VERTEX_POINT('',#15827);
#5270=VERTEX_POINT('',#15832);
#5271=VERTEX_POINT('',#15842);
#5272=VERTEX_POINT('',#15843);
#5273=VERTEX_POINT('',#15845);
#5274=VERTEX_POINT('',#15847);
#5275=VERTEX_POINT('',#15849);
#5276=VERTEX_POINT('',#15851);
#5277=VERTEX_POINT('',#15855);
#5278=VERTEX_POINT('',#15856);
#5279=VERTEX_POINT('',#15861);
#5280=VERTEX_POINT('',#15865);
#5281=VERTEX_POINT('',#15869);
#5282=VERTEX_POINT('',#15873);
#5283=VERTEX_POINT('',#15874);
#5284=VERTEX_POINT('',#15878);
#5285=VERTEX_POINT('',#15880);
#5286=VERTEX_POINT('',#15882);
#5287=VERTEX_POINT('',#15892);
#5288=VERTEX_POINT('',#15894);
#5289=VERTEX_POINT('',#15898);
#5290=VERTEX_POINT('',#15901);
#5291=VERTEX_POINT('',#15903);
#5292=VERTEX_POINT('',#15906);
#5293=VERTEX_POINT('',#15908);
#5294=VERTEX_POINT('',#15914);
#5295=VERTEX_POINT('',#15916);
#5296=VERTEX_POINT('',#15934);
#5297=VERTEX_POINT('',#15935);
#5298=VERTEX_POINT('',#15939);
#5299=VERTEX_POINT('',#15941);
#5300=VERTEX_POINT('',#15944);
#5301=VERTEX_POINT('',#15945);
#5302=VERTEX_POINT('',#15947);
#5303=VERTEX_POINT('',#15949);
#5304=VERTEX_POINT('',#15953);
#5305=VERTEX_POINT('',#15954);
#5306=VERTEX_POINT('',#15956);
#5307=VERTEX_POINT('',#15958);
#5308=VERTEX_POINT('',#15962);
#5309=VERTEX_POINT('',#15963);
#5310=VERTEX_POINT('',#15965);
#5311=VERTEX_POINT('',#15967);
#5312=VERTEX_POINT('',#15969);
#5313=VERTEX_POINT('',#15976);
#5314=VERTEX_POINT('',#15978);
#5315=VERTEX_POINT('',#15982);
#5316=VERTEX_POINT('',#15984);
#5317=VERTEX_POINT('',#15990);
#5318=VERTEX_POINT('',#15991);
#5319=VERTEX_POINT('',#15993);
#5320=VERTEX_POINT('',#15995);
#5321=VERTEX_POINT('',#15999);
#5322=VERTEX_POINT('',#16000);
#5323=VERTEX_POINT('',#16002);
#5324=VERTEX_POINT('',#16004);
#5325=VERTEX_POINT('',#16006);
#5326=VERTEX_POINT('',#16010);
#5327=VERTEX_POINT('',#16012);
#5328=VERTEX_POINT('',#16016);
#5329=VERTEX_POINT('',#16020);
#5330=VERTEX_POINT('',#16022);
#5331=VERTEX_POINT('',#16026);
#5332=VERTEX_POINT('',#16028);
#5333=VERTEX_POINT('',#16032);
#5334=VERTEX_POINT('',#16033);
#5335=VERTEX_POINT('',#16035);
#5336=VERTEX_POINT('',#16037);
#5337=VERTEX_POINT('',#16041);
#5338=VERTEX_POINT('',#16043);
#5339=VERTEX_POINT('',#16047);
#5340=VERTEX_POINT('',#16049);
#5341=VERTEX_POINT('',#16051);
#5342=VERTEX_POINT('',#16055);
#5343=VERTEX_POINT('',#16057);
#5344=VERTEX_POINT('',#16061);
#5345=VERTEX_POINT('',#16062);
#5346=VERTEX_POINT('',#16064);
#5347=VERTEX_POINT('',#16066);
#5348=VERTEX_POINT('',#16070);
#5349=VERTEX_POINT('',#16072);
#5350=VERTEX_POINT('',#16076);
#5351=VERTEX_POINT('',#16078);
#5352=VERTEX_POINT('',#16082);
#5353=VERTEX_POINT('',#16084);
#5354=VERTEX_POINT('',#16088);
#5355=VERTEX_POINT('',#16089);
#5356=VERTEX_POINT('',#16091);
#5357=VERTEX_POINT('',#16093);
#5358=VERTEX_POINT('',#16095);
#5359=VERTEX_POINT('',#16097);
#5360=VERTEX_POINT('',#16101);
#5361=VERTEX_POINT('',#16103);
#5362=VERTEX_POINT('',#16107);
#5363=VERTEX_POINT('',#16109);
#5364=VERTEX_POINT('',#16114);
#5365=VERTEX_POINT('',#16124);
#5366=VERTEX_POINT('',#16125);
#5367=VERTEX_POINT('',#16127);
#5368=VERTEX_POINT('',#16129);
#5369=VERTEX_POINT('',#16131);
#5370=VERTEX_POINT('',#16133);
#5371=VERTEX_POINT('',#16137);
#5372=VERTEX_POINT('',#16138);
#5373=VERTEX_POINT('',#16143);
#5374=VERTEX_POINT('',#16147);
#5375=VERTEX_POINT('',#16151);
#5376=VERTEX_POINT('',#16155);
#5377=VERTEX_POINT('',#16156);
#5378=VERTEX_POINT('',#16160);
#5379=VERTEX_POINT('',#16162);
#5380=VERTEX_POINT('',#16164);
#5381=VERTEX_POINT('',#16174);
#5382=VERTEX_POINT('',#16176);
#5383=VERTEX_POINT('',#16180);
#5384=VERTEX_POINT('',#16183);
#5385=VERTEX_POINT('',#16185);
#5386=VERTEX_POINT('',#16188);
#5387=VERTEX_POINT('',#16190);
#5388=VERTEX_POINT('',#16196);
#5389=VERTEX_POINT('',#16198);
#5390=VERTEX_POINT('',#16216);
#5391=VERTEX_POINT('',#16217);
#5392=VERTEX_POINT('',#16221);
#5393=VERTEX_POINT('',#16223);
#5394=VERTEX_POINT('',#16226);
#5395=VERTEX_POINT('',#16227);
#5396=VERTEX_POINT('',#16229);
#5397=VERTEX_POINT('',#16231);
#5398=VERTEX_POINT('',#16235);
#5399=VERTEX_POINT('',#16236);
#5400=VERTEX_POINT('',#16238);
#5401=VERTEX_POINT('',#16240);
#5402=VERTEX_POINT('',#16244);
#5403=VERTEX_POINT('',#16245);
#5404=VERTEX_POINT('',#16247);
#5405=VERTEX_POINT('',#16249);
#5406=VERTEX_POINT('',#16251);
#5407=VERTEX_POINT('',#16258);
#5408=VERTEX_POINT('',#16260);
#5409=VERTEX_POINT('',#16264);
#5410=VERTEX_POINT('',#16266);
#5411=VERTEX_POINT('',#16272);
#5412=VERTEX_POINT('',#16273);
#5413=VERTEX_POINT('',#16275);
#5414=VERTEX_POINT('',#16277);
#5415=VERTEX_POINT('',#16281);
#5416=VERTEX_POINT('',#16282);
#5417=VERTEX_POINT('',#16284);
#5418=VERTEX_POINT('',#16286);
#5419=VERTEX_POINT('',#16288);
#5420=VERTEX_POINT('',#16292);
#5421=VERTEX_POINT('',#16294);
#5422=VERTEX_POINT('',#16298);
#5423=VERTEX_POINT('',#16302);
#5424=VERTEX_POINT('',#16304);
#5425=VERTEX_POINT('',#16308);
#5426=VERTEX_POINT('',#16310);
#5427=VERTEX_POINT('',#16314);
#5428=VERTEX_POINT('',#16315);
#5429=VERTEX_POINT('',#16317);
#5430=VERTEX_POINT('',#16319);
#5431=VERTEX_POINT('',#16323);
#5432=VERTEX_POINT('',#16325);
#5433=VERTEX_POINT('',#16329);
#5434=VERTEX_POINT('',#16331);
#5435=VERTEX_POINT('',#16333);
#5436=VERTEX_POINT('',#16337);
#5437=VERTEX_POINT('',#16339);
#5438=VERTEX_POINT('',#16343);
#5439=VERTEX_POINT('',#16344);
#5440=VERTEX_POINT('',#16346);
#5441=VERTEX_POINT('',#16348);
#5442=VERTEX_POINT('',#16352);
#5443=VERTEX_POINT('',#16354);
#5444=VERTEX_POINT('',#16358);
#5445=VERTEX_POINT('',#16360);
#5446=VERTEX_POINT('',#16364);
#5447=VERTEX_POINT('',#16366);
#5448=VERTEX_POINT('',#16370);
#5449=VERTEX_POINT('',#16371);
#5450=VERTEX_POINT('',#16373);
#5451=VERTEX_POINT('',#16375);
#5452=VERTEX_POINT('',#16377);
#5453=VERTEX_POINT('',#16379);
#5454=VERTEX_POINT('',#16383);
#5455=VERTEX_POINT('',#16385);
#5456=VERTEX_POINT('',#16389);
#5457=VERTEX_POINT('',#16391);
#5458=VERTEX_POINT('',#16396);
#5459=VERTEX_POINT('',#16406);
#5460=VERTEX_POINT('',#16407);
#5461=VERTEX_POINT('',#16409);
#5462=VERTEX_POINT('',#16411);
#5463=VERTEX_POINT('',#16413);
#5464=VERTEX_POINT('',#16415);
#5465=VERTEX_POINT('',#16419);
#5466=VERTEX_POINT('',#16420);
#5467=VERTEX_POINT('',#16425);
#5468=VERTEX_POINT('',#16429);
#5469=VERTEX_POINT('',#16433);
#5470=VERTEX_POINT('',#16437);
#5471=VERTEX_POINT('',#16438);
#5472=VERTEX_POINT('',#16442);
#5473=VERTEX_POINT('',#16444);
#5474=VERTEX_POINT('',#16446);
#5475=VERTEX_POINT('',#16456);
#5476=VERTEX_POINT('',#16458);
#5477=VERTEX_POINT('',#16462);
#5478=VERTEX_POINT('',#16465);
#5479=VERTEX_POINT('',#16467);
#5480=VERTEX_POINT('',#16470);
#5481=VERTEX_POINT('',#16472);
#5482=VERTEX_POINT('',#16478);
#5483=VERTEX_POINT('',#16480);
#5484=VERTEX_POINT('',#16498);
#5485=VERTEX_POINT('',#16499);
#5486=VERTEX_POINT('',#16503);
#5487=VERTEX_POINT('',#16505);
#5488=VERTEX_POINT('',#16508);
#5489=VERTEX_POINT('',#16509);
#5490=VERTEX_POINT('',#16511);
#5491=VERTEX_POINT('',#16513);
#5492=VERTEX_POINT('',#16517);
#5493=VERTEX_POINT('',#16518);
#5494=VERTEX_POINT('',#16520);
#5495=VERTEX_POINT('',#16522);
#5496=VERTEX_POINT('',#16526);
#5497=VERTEX_POINT('',#16527);
#5498=VERTEX_POINT('',#16529);
#5499=VERTEX_POINT('',#16531);
#5500=VERTEX_POINT('',#16533);
#5501=VERTEX_POINT('',#16540);
#5502=VERTEX_POINT('',#16542);
#5503=VERTEX_POINT('',#16546);
#5504=VERTEX_POINT('',#16548);
#5505=VERTEX_POINT('',#16554);
#5506=VERTEX_POINT('',#16555);
#5507=VERTEX_POINT('',#16557);
#5508=VERTEX_POINT('',#16559);
#5509=VERTEX_POINT('',#16563);
#5510=VERTEX_POINT('',#16564);
#5511=VERTEX_POINT('',#16566);
#5512=VERTEX_POINT('',#16568);
#5513=VERTEX_POINT('',#16570);
#5514=VERTEX_POINT('',#16574);
#5515=VERTEX_POINT('',#16576);
#5516=VERTEX_POINT('',#16580);
#5517=VERTEX_POINT('',#16584);
#5518=VERTEX_POINT('',#16586);
#5519=VERTEX_POINT('',#16590);
#5520=VERTEX_POINT('',#16592);
#5521=VERTEX_POINT('',#16596);
#5522=VERTEX_POINT('',#16597);
#5523=VERTEX_POINT('',#16599);
#5524=VERTEX_POINT('',#16601);
#5525=VERTEX_POINT('',#16605);
#5526=VERTEX_POINT('',#16607);
#5527=VERTEX_POINT('',#16611);
#5528=VERTEX_POINT('',#16613);
#5529=VERTEX_POINT('',#16615);
#5530=VERTEX_POINT('',#16619);
#5531=VERTEX_POINT('',#16621);
#5532=VERTEX_POINT('',#16625);
#5533=VERTEX_POINT('',#16626);
#5534=VERTEX_POINT('',#16628);
#5535=VERTEX_POINT('',#16630);
#5536=VERTEX_POINT('',#16634);
#5537=VERTEX_POINT('',#16636);
#5538=VERTEX_POINT('',#16640);
#5539=VERTEX_POINT('',#16642);
#5540=VERTEX_POINT('',#16646);
#5541=VERTEX_POINT('',#16648);
#5542=VERTEX_POINT('',#16652);
#5543=VERTEX_POINT('',#16653);
#5544=VERTEX_POINT('',#16655);
#5545=VERTEX_POINT('',#16657);
#5546=VERTEX_POINT('',#16659);
#5547=VERTEX_POINT('',#16661);
#5548=VERTEX_POINT('',#16665);
#5549=VERTEX_POINT('',#16667);
#5550=VERTEX_POINT('',#16671);
#5551=VERTEX_POINT('',#16673);
#5552=VERTEX_POINT('',#16678);
#5553=VERTEX_POINT('',#16688);
#5554=VERTEX_POINT('',#16689);
#5555=VERTEX_POINT('',#16691);
#5556=VERTEX_POINT('',#16693);
#5557=VERTEX_POINT('',#16695);
#5558=VERTEX_POINT('',#16697);
#5559=VERTEX_POINT('',#16701);
#5560=VERTEX_POINT('',#16702);
#5561=VERTEX_POINT('',#16707);
#5562=VERTEX_POINT('',#16711);
#5563=VERTEX_POINT('',#16715);
#5564=VERTEX_POINT('',#16719);
#5565=VERTEX_POINT('',#16720);
#5566=VERTEX_POINT('',#16724);
#5567=VERTEX_POINT('',#16726);
#5568=VERTEX_POINT('',#16728);
#5569=VERTEX_POINT('',#16738);
#5570=VERTEX_POINT('',#16740);
#5571=VERTEX_POINT('',#16744);
#5572=VERTEX_POINT('',#16747);
#5573=VERTEX_POINT('',#16749);
#5574=VERTEX_POINT('',#16752);
#5575=VERTEX_POINT('',#16754);
#5576=VERTEX_POINT('',#16760);
#5577=VERTEX_POINT('',#16762);
#5578=VERTEX_POINT('',#16780);
#5579=VERTEX_POINT('',#16781);
#5580=VERTEX_POINT('',#16785);
#5581=VERTEX_POINT('',#16787);
#5582=VERTEX_POINT('',#16790);
#5583=VERTEX_POINT('',#16791);
#5584=VERTEX_POINT('',#16793);
#5585=VERTEX_POINT('',#16795);
#5586=VERTEX_POINT('',#16799);
#5587=VERTEX_POINT('',#16800);
#5588=VERTEX_POINT('',#16802);
#5589=VERTEX_POINT('',#16804);
#5590=VERTEX_POINT('',#16808);
#5591=VERTEX_POINT('',#16809);
#5592=VERTEX_POINT('',#16811);
#5593=VERTEX_POINT('',#16813);
#5594=VERTEX_POINT('',#16815);
#5595=VERTEX_POINT('',#16822);
#5596=VERTEX_POINT('',#16824);
#5597=VERTEX_POINT('',#16828);
#5598=VERTEX_POINT('',#16830);
#5599=VERTEX_POINT('',#16836);
#5600=VERTEX_POINT('',#16837);
#5601=VERTEX_POINT('',#16839);
#5602=VERTEX_POINT('',#16841);
#5603=VERTEX_POINT('',#16845);
#5604=VERTEX_POINT('',#16846);
#5605=VERTEX_POINT('',#16848);
#5606=VERTEX_POINT('',#16850);
#5607=VERTEX_POINT('',#16852);
#5608=VERTEX_POINT('',#16856);
#5609=VERTEX_POINT('',#16858);
#5610=VERTEX_POINT('',#16862);
#5611=VERTEX_POINT('',#16866);
#5612=VERTEX_POINT('',#16868);
#5613=VERTEX_POINT('',#16872);
#5614=VERTEX_POINT('',#16874);
#5615=VERTEX_POINT('',#16878);
#5616=VERTEX_POINT('',#16879);
#5617=VERTEX_POINT('',#16881);
#5618=VERTEX_POINT('',#16883);
#5619=VERTEX_POINT('',#16887);
#5620=VERTEX_POINT('',#16889);
#5621=VERTEX_POINT('',#16893);
#5622=VERTEX_POINT('',#16895);
#5623=VERTEX_POINT('',#16897);
#5624=VERTEX_POINT('',#16901);
#5625=VERTEX_POINT('',#16903);
#5626=VERTEX_POINT('',#16907);
#5627=VERTEX_POINT('',#16908);
#5628=VERTEX_POINT('',#16910);
#5629=VERTEX_POINT('',#16912);
#5630=VERTEX_POINT('',#16916);
#5631=VERTEX_POINT('',#16918);
#5632=VERTEX_POINT('',#16922);
#5633=VERTEX_POINT('',#16924);
#5634=VERTEX_POINT('',#16928);
#5635=VERTEX_POINT('',#16930);
#5636=VERTEX_POINT('',#16934);
#5637=VERTEX_POINT('',#16935);
#5638=VERTEX_POINT('',#16937);
#5639=VERTEX_POINT('',#16939);
#5640=VERTEX_POINT('',#16941);
#5641=VERTEX_POINT('',#16943);
#5642=VERTEX_POINT('',#16947);
#5643=VERTEX_POINT('',#16949);
#5644=VERTEX_POINT('',#16953);
#5645=VERTEX_POINT('',#16955);
#5646=VERTEX_POINT('',#16960);
#5647=VERTEX_POINT('',#16970);
#5648=VERTEX_POINT('',#16971);
#5649=VERTEX_POINT('',#16973);
#5650=VERTEX_POINT('',#16975);
#5651=VERTEX_POINT('',#16977);
#5652=VERTEX_POINT('',#16979);
#5653=VERTEX_POINT('',#16983);
#5654=VERTEX_POINT('',#16984);
#5655=VERTEX_POINT('',#16989);
#5656=VERTEX_POINT('',#16993);
#5657=VERTEX_POINT('',#16997);
#5658=VERTEX_POINT('',#17001);
#5659=VERTEX_POINT('',#17002);
#5660=VERTEX_POINT('',#17006);
#5661=VERTEX_POINT('',#17008);
#5662=VERTEX_POINT('',#17010);
#5663=VERTEX_POINT('',#17020);
#5664=VERTEX_POINT('',#17022);
#5665=VERTEX_POINT('',#17026);
#5666=VERTEX_POINT('',#17029);
#5667=VERTEX_POINT('',#17031);
#5668=VERTEX_POINT('',#17034);
#5669=VERTEX_POINT('',#17036);
#5670=VERTEX_POINT('',#17042);
#5671=VERTEX_POINT('',#17044);
#5672=VERTEX_POINT('',#17062);
#5673=VERTEX_POINT('',#17063);
#5674=VERTEX_POINT('',#17067);
#5675=VERTEX_POINT('',#17069);
#5676=VERTEX_POINT('',#17072);
#5677=VERTEX_POINT('',#17073);
#5678=VERTEX_POINT('',#17075);
#5679=VERTEX_POINT('',#17077);
#5680=VERTEX_POINT('',#17081);
#5681=VERTEX_POINT('',#17082);
#5682=VERTEX_POINT('',#17084);
#5683=VERTEX_POINT('',#17086);
#5684=VERTEX_POINT('',#17090);
#5685=VERTEX_POINT('',#17091);
#5686=VERTEX_POINT('',#17093);
#5687=VERTEX_POINT('',#17095);
#5688=VERTEX_POINT('',#17097);
#5689=VERTEX_POINT('',#17104);
#5690=VERTEX_POINT('',#17106);
#5691=VERTEX_POINT('',#17110);
#5692=VERTEX_POINT('',#17112);
#5693=VERTEX_POINT('',#17118);
#5694=VERTEX_POINT('',#17119);
#5695=VERTEX_POINT('',#17121);
#5696=VERTEX_POINT('',#17123);
#5697=VERTEX_POINT('',#17127);
#5698=VERTEX_POINT('',#17128);
#5699=VERTEX_POINT('',#17130);
#5700=VERTEX_POINT('',#17132);
#5701=VERTEX_POINT('',#17134);
#5702=VERTEX_POINT('',#17138);
#5703=VERTEX_POINT('',#17140);
#5704=VERTEX_POINT('',#17144);
#5705=VERTEX_POINT('',#17148);
#5706=VERTEX_POINT('',#17150);
#5707=VERTEX_POINT('',#17154);
#5708=VERTEX_POINT('',#17156);
#5709=VERTEX_POINT('',#17160);
#5710=VERTEX_POINT('',#17161);
#5711=VERTEX_POINT('',#17163);
#5712=VERTEX_POINT('',#17165);
#5713=VERTEX_POINT('',#17169);
#5714=VERTEX_POINT('',#17171);
#5715=VERTEX_POINT('',#17175);
#5716=VERTEX_POINT('',#17177);
#5717=VERTEX_POINT('',#17179);
#5718=VERTEX_POINT('',#17183);
#5719=VERTEX_POINT('',#17185);
#5720=VERTEX_POINT('',#17189);
#5721=VERTEX_POINT('',#17190);
#5722=VERTEX_POINT('',#17192);
#5723=VERTEX_POINT('',#17194);
#5724=VERTEX_POINT('',#17198);
#5725=VERTEX_POINT('',#17200);
#5726=VERTEX_POINT('',#17204);
#5727=VERTEX_POINT('',#17206);
#5728=VERTEX_POINT('',#17210);
#5729=VERTEX_POINT('',#17212);
#5730=VERTEX_POINT('',#17216);
#5731=VERTEX_POINT('',#17217);
#5732=VERTEX_POINT('',#17219);
#5733=VERTEX_POINT('',#17221);
#5734=VERTEX_POINT('',#17223);
#5735=VERTEX_POINT('',#17225);
#5736=VERTEX_POINT('',#17229);
#5737=VERTEX_POINT('',#17231);
#5738=VERTEX_POINT('',#17235);
#5739=VERTEX_POINT('',#17237);
#5740=VERTEX_POINT('',#17242);
#5741=VERTEX_POINT('',#17252);
#5742=VERTEX_POINT('',#17253);
#5743=VERTEX_POINT('',#17255);
#5744=VERTEX_POINT('',#17257);
#5745=VERTEX_POINT('',#17259);
#5746=VERTEX_POINT('',#17261);
#5747=VERTEX_POINT('',#17265);
#5748=VERTEX_POINT('',#17266);
#5749=VERTEX_POINT('',#17271);
#5750=VERTEX_POINT('',#17275);
#5751=VERTEX_POINT('',#17279);
#5752=VERTEX_POINT('',#17283);
#5753=VERTEX_POINT('',#17284);
#5754=VERTEX_POINT('',#17288);
#5755=VERTEX_POINT('',#17290);
#5756=VERTEX_POINT('',#17292);
#5757=VERTEX_POINT('',#17302);
#5758=VERTEX_POINT('',#17304);
#5759=VERTEX_POINT('',#17308);
#5760=VERTEX_POINT('',#17311);
#5761=VERTEX_POINT('',#17313);
#5762=VERTEX_POINT('',#17316);
#5763=VERTEX_POINT('',#17318);
#5764=VERTEX_POINT('',#17324);
#5765=VERTEX_POINT('',#17326);
#5766=EDGE_CURVE('',#4732,#4733,#1806,.T.);
#5767=EDGE_CURVE('',#4733,#4733,#1740,.T.);
#5768=EDGE_CURVE('',#4734,#4734,#1741,.T.);
#5769=EDGE_CURVE('',#4734,#4735,#1807,.T.);
#5770=EDGE_CURVE('',#4736,#4737,#1808,.T.);
#5771=EDGE_CURVE('',#4738,#4736,#1809,.T.);
#5772=EDGE_CURVE('',#4738,#4739,#1810,.T.);
#5773=EDGE_CURVE('',#4737,#4739,#1811,.T.);
#5774=EDGE_CURVE('',#4740,#4741,#1812,.T.);
#5775=EDGE_CURVE('',#4742,#4740,#1813,.T.);
#5776=EDGE_CURVE('',#4743,#4742,#1814,.T.);
#5777=EDGE_CURVE('',#4741,#4743,#1815,.T.);
#5778=EDGE_CURVE('',#4744,#4745,#1816,.T.);
#5779=EDGE_CURVE('',#4746,#4744,#1817,.T.);
#5780=EDGE_CURVE('',#4747,#4746,#1818,.T.);
#5781=EDGE_CURVE('',#4748,#4747,#1819,.T.);
#5782=EDGE_CURVE('',#4745,#4748,#1820,.T.);
#5783=EDGE_CURVE('',#4747,#4738,#1821,.T.);
#5784=EDGE_CURVE('',#4739,#4746,#1822,.T.);
#5785=EDGE_CURVE('',#4737,#4749,#1823,.T.);
#5786=EDGE_CURVE('',#4750,#4744,#1824,.T.);
#5787=EDGE_CURVE('',#4750,#4749,#1825,.T.);
#5788=EDGE_CURVE('',#4745,#4751,#1826,.T.);
#5789=EDGE_CURVE('',#4752,#4751,#1827,.T.);
#5790=EDGE_CURVE('',#4752,#4750,#1828,.T.);
#5791=EDGE_CURVE('',#4751,#4748,#1829,.T.);
#5792=EDGE_CURVE('',#4753,#4754,#1830,.T.);
#5793=EDGE_CURVE('',#4755,#4753,#1831,.T.);
#5794=EDGE_CURVE('',#4755,#4756,#1832,.T.);
#5795=EDGE_CURVE('',#4754,#4756,#1833,.T.);
#5796=EDGE_CURVE('',#4757,#4758,#1834,.T.);
#5797=EDGE_CURVE('',#4759,#4757,#1835,.T.);
#5798=EDGE_CURVE('',#4760,#4759,#1836,.T.);
#5799=EDGE_CURVE('',#4761,#4760,#1837,.T.);
#5800=EDGE_CURVE('',#4758,#4761,#1838,.T.);
#5801=EDGE_CURVE('',#4760,#4762,#1839,.T.);
#5802=EDGE_CURVE('',#4763,#4759,#1840,.T.);
#5803=EDGE_CURVE('',#4762,#4763,#1841,.T.);
#5804=EDGE_CURVE('',#4764,#4758,#1842,.T.);
#5805=EDGE_CURVE('',#4757,#4764,#1843,.T.);
#5806=EDGE_CURVE('',#4765,#4761,#1844,.T.);
#5807=EDGE_CURVE('',#4765,#4766,#1845,.T.);
#5808=EDGE_CURVE('',#4766,#4764,#1846,.T.);
#5809=EDGE_CURVE('',#4767,#4767,#1742,.T.);
#5810=EDGE_CURVE('',#4767,#4768,#1847,.T.);
#5811=EDGE_CURVE('',#4768,#4768,#1743,.T.);
#5812=EDGE_CURVE('',#4769,#4770,#1848,.T.);
#5813=EDGE_CURVE('',#4771,#4769,#1849,.T.);
#5814=EDGE_CURVE('',#4771,#4772,#1850,.T.);
#5815=EDGE_CURVE('',#4770,#4772,#1851,.T.);
#5816=EDGE_CURVE('',#4773,#4771,#1852,.T.);
#5817=EDGE_CURVE('',#4773,#4774,#1853,.T.);
#5818=EDGE_CURVE('',#4772,#4774,#1854,.T.);
#5819=EDGE_CURVE('',#4775,#4774,#1855,.T.);
#5820=EDGE_CURVE('',#4776,#4775,#1856,.T.);
#5821=EDGE_CURVE('',#4776,#4777,#1857,.T.);
#5822=EDGE_CURVE('',#4777,#4770,#1858,.T.);
#5823=EDGE_CURVE('',#4778,#4778,#1744,.T.);
#5824=EDGE_CURVE('',#4778,#4779,#1859,.T.);
#5825=EDGE_CURVE('',#4779,#4779,#1745,.T.);
#5826=EDGE_CURVE('',#4780,#4781,#1860,.T.);
#5827=EDGE_CURVE('',#4782,#4780,#1861,.T.);
#5828=EDGE_CURVE('',#4782,#4783,#1862,.T.);
#5829=EDGE_CURVE('',#4781,#4783,#1863,.T.);
#5830=EDGE_CURVE('',#4784,#4782,#1864,.T.);
#5831=EDGE_CURVE('',#4784,#4785,#1865,.T.);
#5832=EDGE_CURVE('',#4783,#4785,#1866,.T.);
#5833=EDGE_CURVE('',#4786,#4781,#1867,.T.);
#5834=EDGE_CURVE('',#4786,#4787,#1868,.T.);
#5835=EDGE_CURVE('',#4787,#4780,#1869,.T.);
#5836=EDGE_CURVE('',#4785,#4788,#1870,.T.);
#5837=EDGE_CURVE('',#4789,#4788,#1871,.T.);
#5838=EDGE_CURVE('',#4789,#4786,#1872,.T.);
#5839=EDGE_CURVE('',#4790,#4791,#1873,.T.);
#5840=EDGE_CURVE('',#4792,#4790,#1874,.T.);
#5841=EDGE_CURVE('',#4792,#4793,#1875,.T.);
#5842=EDGE_CURVE('',#4793,#4794,#1876,.T.);
#5843=EDGE_CURVE('',#4794,#4795,#1877,.T.);
#5844=EDGE_CURVE('',#4795,#4791,#1878,.T.);
#5845=EDGE_CURVE('',#4791,#4796,#1879,.T.);
#5846=EDGE_CURVE('',#4795,#4797,#1880,.T.);
#5847=EDGE_CURVE('',#4796,#4797,#1881,.T.);
#5848=EDGE_CURVE('',#4741,#4798,#1882,.T.);
#5849=EDGE_CURVE('',#4799,#4798,#1883,.T.);
#5850=EDGE_CURVE('',#4793,#4799,#1884,.T.);
#5851=EDGE_CURVE('',#4740,#4792,#1885,.T.);
#5852=EDGE_CURVE('',#4800,#4799,#1886,.T.);
#5853=EDGE_CURVE('',#4794,#4800,#1887,.T.);
#5854=EDGE_CURVE('',#4797,#4800,#1888,.T.);
#5855=EDGE_CURVE('',#4749,#4776,#1889,.T.);
#5856=EDGE_CURVE('',#4796,#4775,#1890,.T.);
#5857=EDGE_CURVE('',#4798,#4736,#1891,.T.);
#5858=EDGE_CURVE('',#4801,#4802,#1892,.T.);
#5859=EDGE_CURVE('',#4803,#4801,#1893,.T.);
#5860=EDGE_CURVE('',#4803,#4804,#1894,.T.);
#5861=EDGE_CURVE('',#4804,#4805,#1895,.T.);
#5862=EDGE_CURVE('',#4805,#4806,#1896,.T.);
#5863=EDGE_CURVE('',#4806,#4802,#1897,.T.);
#5864=EDGE_CURVE('',#4807,#4808,#1898,.T.);
#5865=EDGE_CURVE('',#4808,#4806,#1899,.T.);
#5866=EDGE_CURVE('',#4807,#4805,#1900,.T.);
#5867=EDGE_CURVE('',#4809,#4807,#1901,.T.);
#5868=EDGE_CURVE('',#4809,#4804,#1902,.T.);
#5869=EDGE_CURVE('',#4810,#4809,#1903,.T.);
#5870=EDGE_CURVE('',#4810,#4803,#1904,.T.);
#5871=EDGE_CURVE('',#4802,#4811,#1905,.T.);
#5872=EDGE_CURVE('',#4808,#4811,#1906,.T.);
#5873=EDGE_CURVE('',#4812,#4813,#1907,.T.);
#5874=EDGE_CURVE('',#4813,#4789,#1908,.T.);
#5875=EDGE_CURVE('',#4788,#4811,#1909,.T.);
#5876=EDGE_CURVE('',#4814,#4810,#1910,.T.);
#5877=EDGE_CURVE('',#4815,#4814,#1911,.T.);
#5878=EDGE_CURVE('',#4815,#4816,#1912,.T.);
#5879=EDGE_CURVE('',#4812,#4816,#1913,.T.);
#5880=EDGE_CURVE('',#4816,#4790,#1914,.T.);
#5881=EDGE_CURVE('',#4742,#4815,#1915,.T.);
#5882=EDGE_CURVE('',#4812,#4773,#1916,.T.);
#5883=EDGE_CURVE('',#4814,#4753,#1917,.T.);
#5884=EDGE_CURVE('',#4754,#4817,#1918,.T.);
#5885=EDGE_CURVE('',#4817,#4818,#1919,.T.);
#5886=EDGE_CURVE('',#4818,#4743,#1920,.T.);
#5887=EDGE_CURVE('',#4819,#4813,#1921,.T.);
#5888=EDGE_CURVE('',#4777,#4819,#1922,.T.);
#5889=EDGE_CURVE('',#4820,#4752,#1923,.T.);
#5890=EDGE_CURVE('',#4821,#4820,#1924,.T.);
#5891=EDGE_CURVE('',#4766,#4821,#1925,.T.);
#5892=EDGE_CURVE('',#4822,#4765,#1926,.T.);
#5893=EDGE_CURVE('',#4823,#4822,#1927,.T.);
#5894=EDGE_CURVE('',#4787,#4823,#1928,.T.);
#5895=EDGE_CURVE('',#4755,#4801,#1929,.T.);
#5896=EDGE_CURVE('',#4824,#4784,#1930,.T.);
#5897=EDGE_CURVE('',#4824,#4825,#1931,.T.);
#5898=EDGE_CURVE('',#4762,#4825,#1932,.T.);
#5899=EDGE_CURVE('',#4756,#4763,#1933,.T.);
#5900=EDGE_CURVE('',#4820,#4818,#1934,.T.);
#5901=EDGE_CURVE('',#4817,#4821,#1935,.T.);
#5902=EDGE_CURVE('',#4823,#4824,#1936,.T.);
#5903=EDGE_CURVE('',#4819,#4769,#1937,.T.);
#5904=EDGE_CURVE('',#4822,#4825,#1938,.T.);
#5905=EDGE_CURVE('',#4826,#4827,#1939,.T.);
#5906=EDGE_CURVE('',#4827,#4827,#1746,.T.);
#5907=EDGE_CURVE('',#4828,#4828,#1747,.T.);
#5908=EDGE_CURVE('',#4828,#4829,#1940,.T.);
#5909=EDGE_CURVE('',#4830,#4831,#1941,.T.);
#5910=EDGE_CURVE('',#4832,#4830,#1942,.T.);
#5911=EDGE_CURVE('',#4832,#4833,#1943,.T.);
#5912=EDGE_CURVE('',#4831,#4833,#1944,.T.);
#5913=EDGE_CURVE('',#4834,#4835,#1945,.T.);
#5914=EDGE_CURVE('',#4836,#4834,#1946,.T.);
#5915=EDGE_CURVE('',#4837,#4836,#1947,.T.);
#5916=EDGE_CURVE('',#4835,#4837,#1948,.T.);
#5917=EDGE_CURVE('',#4838,#4839,#1949,.T.);
#5918=EDGE_CURVE('',#4840,#4838,#1950,.T.);
#5919=EDGE_CURVE('',#4841,#4840,#1951,.T.);
#5920=EDGE_CURVE('',#4842,#4841,#1952,.T.);
#5921=EDGE_CURVE('',#4839,#4842,#1953,.T.);
#5922=EDGE_CURVE('',#4841,#4832,#1954,.T.);
#5923=EDGE_CURVE('',#4833,#4840,#1955,.T.);
#5924=EDGE_CURVE('',#4831,#4843,#1956,.T.);
#5925=EDGE_CURVE('',#4844,#4838,#1957,.T.);
#5926=EDGE_CURVE('',#4844,#4843,#1958,.T.);
#5927=EDGE_CURVE('',#4839,#4845,#1959,.T.);
#5928=EDGE_CURVE('',#4846,#4845,#1960,.T.);
#5929=EDGE_CURVE('',#4846,#4844,#1961,.T.);
#5930=EDGE_CURVE('',#4845,#4842,#1962,.T.);
#5931=EDGE_CURVE('',#4847,#4848,#1963,.T.);
#5932=EDGE_CURVE('',#4849,#4847,#1964,.T.);
#5933=EDGE_CURVE('',#4849,#4850,#1965,.T.);
#5934=EDGE_CURVE('',#4848,#4850,#1966,.T.);
#5935=EDGE_CURVE('',#4851,#4852,#1967,.T.);
#5936=EDGE_CURVE('',#4853,#4851,#1968,.T.);
#5937=EDGE_CURVE('',#4854,#4853,#1969,.T.);
#5938=EDGE_CURVE('',#4855,#4854,#1970,.T.);
#5939=EDGE_CURVE('',#4852,#4855,#1971,.T.);
#5940=EDGE_CURVE('',#4854,#4856,#1972,.T.);
#5941=EDGE_CURVE('',#4857,#4853,#1973,.T.);
#5942=EDGE_CURVE('',#4856,#4857,#1974,.T.);
#5943=EDGE_CURVE('',#4858,#4852,#1975,.T.);
#5944=EDGE_CURVE('',#4851,#4858,#1976,.T.);
#5945=EDGE_CURVE('',#4859,#4855,#1977,.T.);
#5946=EDGE_CURVE('',#4859,#4860,#1978,.T.);
#5947=EDGE_CURVE('',#4860,#4858,#1979,.T.);
#5948=EDGE_CURVE('',#4861,#4861,#1748,.T.);
#5949=EDGE_CURVE('',#4861,#4862,#1980,.T.);
#5950=EDGE_CURVE('',#4862,#4862,#1749,.T.);
#5951=EDGE_CURVE('',#4863,#4864,#1981,.T.);
#5952=EDGE_CURVE('',#4865,#4863,#1982,.T.);
#5953=EDGE_CURVE('',#4865,#4866,#1983,.T.);
#5954=EDGE_CURVE('',#4864,#4866,#1984,.T.);
#5955=EDGE_CURVE('',#4867,#4865,#1985,.T.);
#5956=EDGE_CURVE('',#4867,#4868,#1986,.T.);
#5957=EDGE_CURVE('',#4866,#4868,#1987,.T.);
#5958=EDGE_CURVE('',#4869,#4868,#1988,.T.);
#5959=EDGE_CURVE('',#4870,#4869,#1989,.T.);
#5960=EDGE_CURVE('',#4870,#4871,#1990,.T.);
#5961=EDGE_CURVE('',#4871,#4864,#1991,.T.);
#5962=EDGE_CURVE('',#4872,#4872,#1750,.T.);
#5963=EDGE_CURVE('',#4872,#4873,#1992,.T.);
#5964=EDGE_CURVE('',#4873,#4873,#1751,.T.);
#5965=EDGE_CURVE('',#4874,#4875,#1993,.T.);
#5966=EDGE_CURVE('',#4876,#4874,#1994,.T.);
#5967=EDGE_CURVE('',#4876,#4877,#1995,.T.);
#5968=EDGE_CURVE('',#4875,#4877,#1996,.T.);
#5969=EDGE_CURVE('',#4878,#4876,#1997,.T.);
#5970=EDGE_CURVE('',#4878,#4879,#1998,.T.);
#5971=EDGE_CURVE('',#4877,#4879,#1999,.T.);
#5972=EDGE_CURVE('',#4880,#4875,#2000,.T.);
#5973=EDGE_CURVE('',#4880,#4881,#2001,.T.);
#5974=EDGE_CURVE('',#4881,#4874,#2002,.T.);
#5975=EDGE_CURVE('',#4879,#4882,#2003,.T.);
#5976=EDGE_CURVE('',#4883,#4882,#2004,.T.);
#5977=EDGE_CURVE('',#4883,#4880,#2005,.T.);
#5978=EDGE_CURVE('',#4884,#4885,#2006,.T.);
#5979=EDGE_CURVE('',#4886,#4884,#2007,.T.);
#5980=EDGE_CURVE('',#4886,#4887,#2008,.T.);
#5981=EDGE_CURVE('',#4887,#4888,#2009,.T.);
#5982=EDGE_CURVE('',#4888,#4889,#2010,.T.);
#5983=EDGE_CURVE('',#4889,#4885,#2011,.T.);
#5984=EDGE_CURVE('',#4885,#4890,#2012,.T.);
#5985=EDGE_CURVE('',#4889,#4891,#2013,.T.);
#5986=EDGE_CURVE('',#4890,#4891,#2014,.T.);
#5987=EDGE_CURVE('',#4835,#4892,#2015,.T.);
#5988=EDGE_CURVE('',#4893,#4892,#2016,.T.);
#5989=EDGE_CURVE('',#4887,#4893,#2017,.T.);
#5990=EDGE_CURVE('',#4834,#4886,#2018,.T.);
#5991=EDGE_CURVE('',#4894,#4893,#2019,.T.);
#5992=EDGE_CURVE('',#4888,#4894,#2020,.T.);
#5993=EDGE_CURVE('',#4891,#4894,#2021,.T.);
#5994=EDGE_CURVE('',#4843,#4870,#2022,.T.);
#5995=EDGE_CURVE('',#4890,#4869,#2023,.T.);
#5996=EDGE_CURVE('',#4892,#4830,#2024,.T.);
#5997=EDGE_CURVE('',#4895,#4896,#2025,.T.);
#5998=EDGE_CURVE('',#4897,#4895,#2026,.T.);
#5999=EDGE_CURVE('',#4897,#4898,#2027,.T.);
#6000=EDGE_CURVE('',#4898,#4899,#2028,.T.);
#6001=EDGE_CURVE('',#4899,#4900,#2029,.T.);
#6002=EDGE_CURVE('',#4900,#4896,#2030,.T.);
#6003=EDGE_CURVE('',#4901,#4902,#2031,.T.);
#6004=EDGE_CURVE('',#4902,#4900,#2032,.T.);
#6005=EDGE_CURVE('',#4901,#4899,#2033,.T.);
#6006=EDGE_CURVE('',#4903,#4901,#2034,.T.);
#6007=EDGE_CURVE('',#4903,#4898,#2035,.T.);
#6008=EDGE_CURVE('',#4904,#4903,#2036,.T.);
#6009=EDGE_CURVE('',#4904,#4897,#2037,.T.);
#6010=EDGE_CURVE('',#4896,#4905,#2038,.T.);
#6011=EDGE_CURVE('',#4902,#4905,#2039,.T.);
#6012=EDGE_CURVE('',#4906,#4907,#2040,.T.);
#6013=EDGE_CURVE('',#4907,#4883,#2041,.T.);
#6014=EDGE_CURVE('',#4882,#4905,#2042,.T.);
#6015=EDGE_CURVE('',#4908,#4904,#2043,.T.);
#6016=EDGE_CURVE('',#4909,#4908,#2044,.T.);
#6017=EDGE_CURVE('',#4909,#4910,#2045,.T.);
#6018=EDGE_CURVE('',#4906,#4910,#2046,.T.);
#6019=EDGE_CURVE('',#4910,#4884,#2047,.T.);
#6020=EDGE_CURVE('',#4836,#4909,#2048,.T.);
#6021=EDGE_CURVE('',#4906,#4867,#2049,.T.);
#6022=EDGE_CURVE('',#4908,#4847,#2050,.T.);
#6023=EDGE_CURVE('',#4848,#4911,#2051,.T.);
#6024=EDGE_CURVE('',#4911,#4912,#2052,.T.);
#6025=EDGE_CURVE('',#4912,#4837,#2053,.T.);
#6026=EDGE_CURVE('',#4913,#4907,#2054,.T.);
#6027=EDGE_CURVE('',#4871,#4913,#2055,.T.);
#6028=EDGE_CURVE('',#4914,#4846,#2056,.T.);
#6029=EDGE_CURVE('',#4915,#4914,#2057,.T.);
#6030=EDGE_CURVE('',#4860,#4915,#2058,.T.);
#6031=EDGE_CURVE('',#4916,#4859,#2059,.T.);
#6032=EDGE_CURVE('',#4917,#4916,#2060,.T.);
#6033=EDGE_CURVE('',#4881,#4917,#2061,.T.);
#6034=EDGE_CURVE('',#4849,#4895,#2062,.T.);
#6035=EDGE_CURVE('',#4918,#4878,#2063,.T.);
#6036=EDGE_CURVE('',#4918,#4919,#2064,.T.);
#6037=EDGE_CURVE('',#4856,#4919,#2065,.T.);
#6038=EDGE_CURVE('',#4850,#4857,#2066,.T.);
#6039=EDGE_CURVE('',#4914,#4912,#2067,.T.);
#6040=EDGE_CURVE('',#4911,#4915,#2068,.T.);
#6041=EDGE_CURVE('',#4917,#4918,#2069,.T.);
#6042=EDGE_CURVE('',#4913,#4863,#2070,.T.);
#6043=EDGE_CURVE('',#4916,#4919,#2071,.T.);
#6044=EDGE_CURVE('',#4920,#4921,#2072,.T.);
#6045=EDGE_CURVE('',#4921,#4921,#1752,.T.);
#6046=EDGE_CURVE('',#4922,#4922,#1753,.T.);
#6047=EDGE_CURVE('',#4922,#4923,#2073,.T.);
#6048=EDGE_CURVE('',#4924,#4925,#2074,.T.);
#6049=EDGE_CURVE('',#4926,#4924,#2075,.T.);
#6050=EDGE_CURVE('',#4926,#4927,#2076,.T.);
#6051=EDGE_CURVE('',#4925,#4927,#2077,.T.);
#6052=EDGE_CURVE('',#4928,#4929,#2078,.T.);
#6053=EDGE_CURVE('',#4930,#4928,#2079,.T.);
#6054=EDGE_CURVE('',#4931,#4930,#2080,.T.);
#6055=EDGE_CURVE('',#4929,#4931,#2081,.T.);
#6056=EDGE_CURVE('',#4932,#4933,#2082,.T.);
#6057=EDGE_CURVE('',#4934,#4932,#2083,.T.);
#6058=EDGE_CURVE('',#4935,#4934,#2084,.T.);
#6059=EDGE_CURVE('',#4936,#4935,#2085,.T.);
#6060=EDGE_CURVE('',#4933,#4936,#2086,.T.);
#6061=EDGE_CURVE('',#4935,#4926,#2087,.T.);
#6062=EDGE_CURVE('',#4927,#4934,#2088,.T.);
#6063=EDGE_CURVE('',#4925,#4937,#2089,.T.);
#6064=EDGE_CURVE('',#4938,#4932,#2090,.T.);
#6065=EDGE_CURVE('',#4938,#4937,#2091,.T.);
#6066=EDGE_CURVE('',#4933,#4939,#2092,.T.);
#6067=EDGE_CURVE('',#4940,#4939,#2093,.T.);
#6068=EDGE_CURVE('',#4940,#4938,#2094,.T.);
#6069=EDGE_CURVE('',#4939,#4936,#2095,.T.);
#6070=EDGE_CURVE('',#4941,#4942,#2096,.T.);
#6071=EDGE_CURVE('',#4943,#4941,#2097,.T.);
#6072=EDGE_CURVE('',#4943,#4944,#2098,.T.);
#6073=EDGE_CURVE('',#4942,#4944,#2099,.T.);
#6074=EDGE_CURVE('',#4945,#4946,#2100,.T.);
#6075=EDGE_CURVE('',#4947,#4945,#2101,.T.);
#6076=EDGE_CURVE('',#4948,#4947,#2102,.T.);
#6077=EDGE_CURVE('',#4949,#4948,#2103,.T.);
#6078=EDGE_CURVE('',#4946,#4949,#2104,.T.);
#6079=EDGE_CURVE('',#4948,#4950,#2105,.T.);
#6080=EDGE_CURVE('',#4951,#4947,#2106,.T.);
#6081=EDGE_CURVE('',#4950,#4951,#2107,.T.);
#6082=EDGE_CURVE('',#4952,#4946,#2108,.T.);
#6083=EDGE_CURVE('',#4945,#4952,#2109,.T.);
#6084=EDGE_CURVE('',#4953,#4949,#2110,.T.);
#6085=EDGE_CURVE('',#4953,#4954,#2111,.T.);
#6086=EDGE_CURVE('',#4954,#4952,#2112,.T.);
#6087=EDGE_CURVE('',#4955,#4955,#1754,.T.);
#6088=EDGE_CURVE('',#4955,#4956,#2113,.T.);
#6089=EDGE_CURVE('',#4956,#4956,#1755,.T.);
#6090=EDGE_CURVE('',#4957,#4958,#2114,.T.);
#6091=EDGE_CURVE('',#4959,#4957,#2115,.T.);
#6092=EDGE_CURVE('',#4959,#4960,#2116,.T.);
#6093=EDGE_CURVE('',#4958,#4960,#2117,.T.);
#6094=EDGE_CURVE('',#4961,#4959,#2118,.T.);
#6095=EDGE_CURVE('',#4961,#4962,#2119,.T.);
#6096=EDGE_CURVE('',#4960,#4962,#2120,.T.);
#6097=EDGE_CURVE('',#4963,#4962,#2121,.T.);
#6098=EDGE_CURVE('',#4964,#4963,#2122,.T.);
#6099=EDGE_CURVE('',#4964,#4965,#2123,.T.);
#6100=EDGE_CURVE('',#4965,#4958,#2124,.T.);
#6101=EDGE_CURVE('',#4966,#4966,#1756,.T.);
#6102=EDGE_CURVE('',#4966,#4967,#2125,.T.);
#6103=EDGE_CURVE('',#4967,#4967,#1757,.T.);
#6104=EDGE_CURVE('',#4968,#4969,#2126,.T.);
#6105=EDGE_CURVE('',#4970,#4968,#2127,.T.);
#6106=EDGE_CURVE('',#4970,#4971,#2128,.T.);
#6107=EDGE_CURVE('',#4969,#4971,#2129,.T.);
#6108=EDGE_CURVE('',#4972,#4970,#2130,.T.);
#6109=EDGE_CURVE('',#4972,#4973,#2131,.T.);
#6110=EDGE_CURVE('',#4971,#4973,#2132,.T.);
#6111=EDGE_CURVE('',#4974,#4969,#2133,.T.);
#6112=EDGE_CURVE('',#4974,#4975,#2134,.T.);
#6113=EDGE_CURVE('',#4975,#4968,#2135,.T.);
#6114=EDGE_CURVE('',#4973,#4976,#2136,.T.);
#6115=EDGE_CURVE('',#4977,#4976,#2137,.T.);
#6116=EDGE_CURVE('',#4977,#4974,#2138,.T.);
#6117=EDGE_CURVE('',#4978,#4979,#2139,.T.);
#6118=EDGE_CURVE('',#4980,#4978,#2140,.T.);
#6119=EDGE_CURVE('',#4980,#4981,#2141,.T.);
#6120=EDGE_CURVE('',#4981,#4982,#2142,.T.);
#6121=EDGE_CURVE('',#4982,#4983,#2143,.T.);
#6122=EDGE_CURVE('',#4983,#4979,#2144,.T.);
#6123=EDGE_CURVE('',#4979,#4984,#2145,.T.);
#6124=EDGE_CURVE('',#4983,#4985,#2146,.T.);
#6125=EDGE_CURVE('',#4984,#4985,#2147,.T.);
#6126=EDGE_CURVE('',#4929,#4986,#2148,.T.);
#6127=EDGE_CURVE('',#4987,#4986,#2149,.T.);
#6128=EDGE_CURVE('',#4981,#4987,#2150,.T.);
#6129=EDGE_CURVE('',#4928,#4980,#2151,.T.);
#6130=EDGE_CURVE('',#4988,#4987,#2152,.T.);
#6131=EDGE_CURVE('',#4982,#4988,#2153,.T.);
#6132=EDGE_CURVE('',#4985,#4988,#2154,.T.);
#6133=EDGE_CURVE('',#4937,#4964,#2155,.T.);
#6134=EDGE_CURVE('',#4984,#4963,#2156,.T.);
#6135=EDGE_CURVE('',#4986,#4924,#2157,.T.);
#6136=EDGE_CURVE('',#4989,#4990,#2158,.T.);
#6137=EDGE_CURVE('',#4991,#4989,#2159,.T.);
#6138=EDGE_CURVE('',#4991,#4992,#2160,.T.);
#6139=EDGE_CURVE('',#4992,#4993,#2161,.T.);
#6140=EDGE_CURVE('',#4993,#4994,#2162,.T.);
#6141=EDGE_CURVE('',#4994,#4990,#2163,.T.);
#6142=EDGE_CURVE('',#4995,#4996,#2164,.T.);
#6143=EDGE_CURVE('',#4996,#4994,#2165,.T.);
#6144=EDGE_CURVE('',#4995,#4993,#2166,.T.);
#6145=EDGE_CURVE('',#4997,#4995,#2167,.T.);
#6146=EDGE_CURVE('',#4997,#4992,#2168,.T.);
#6147=EDGE_CURVE('',#4998,#4997,#2169,.T.);
#6148=EDGE_CURVE('',#4998,#4991,#2170,.T.);
#6149=EDGE_CURVE('',#4990,#4999,#2171,.T.);
#6150=EDGE_CURVE('',#4996,#4999,#2172,.T.);
#6151=EDGE_CURVE('',#5000,#5001,#2173,.T.);
#6152=EDGE_CURVE('',#5001,#4977,#2174,.T.);
#6153=EDGE_CURVE('',#4976,#4999,#2175,.T.);
#6154=EDGE_CURVE('',#5002,#4998,#2176,.T.);
#6155=EDGE_CURVE('',#5003,#5002,#2177,.T.);
#6156=EDGE_CURVE('',#5003,#5004,#2178,.T.);
#6157=EDGE_CURVE('',#5000,#5004,#2179,.T.);
#6158=EDGE_CURVE('',#5004,#4978,#2180,.T.);
#6159=EDGE_CURVE('',#4930,#5003,#2181,.T.);
#6160=EDGE_CURVE('',#5000,#4961,#2182,.T.);
#6161=EDGE_CURVE('',#5002,#4941,#2183,.T.);
#6162=EDGE_CURVE('',#4942,#5005,#2184,.T.);
#6163=EDGE_CURVE('',#5005,#5006,#2185,.T.);
#6164=EDGE_CURVE('',#5006,#4931,#2186,.T.);
#6165=EDGE_CURVE('',#5007,#5001,#2187,.T.);
#6166=EDGE_CURVE('',#4965,#5007,#2188,.T.);
#6167=EDGE_CURVE('',#5008,#4940,#2189,.T.);
#6168=EDGE_CURVE('',#5009,#5008,#2190,.T.);
#6169=EDGE_CURVE('',#4954,#5009,#2191,.T.);
#6170=EDGE_CURVE('',#5010,#4953,#2192,.T.);
#6171=EDGE_CURVE('',#5011,#5010,#2193,.T.);
#6172=EDGE_CURVE('',#4975,#5011,#2194,.T.);
#6173=EDGE_CURVE('',#4943,#4989,#2195,.T.);
#6174=EDGE_CURVE('',#5012,#4972,#2196,.T.);
#6175=EDGE_CURVE('',#5012,#5013,#2197,.T.);
#6176=EDGE_CURVE('',#4950,#5013,#2198,.T.);
#6177=EDGE_CURVE('',#4944,#4951,#2199,.T.);
#6178=EDGE_CURVE('',#5008,#5006,#2200,.T.);
#6179=EDGE_CURVE('',#5005,#5009,#2201,.T.);
#6180=EDGE_CURVE('',#5011,#5012,#2202,.T.);
#6181=EDGE_CURVE('',#5007,#4957,#2203,.T.);
#6182=EDGE_CURVE('',#5010,#5013,#2204,.T.);
#6183=EDGE_CURVE('',#5014,#5015,#2205,.T.);
#6184=EDGE_CURVE('',#5015,#5015,#1758,.T.);
#6185=EDGE_CURVE('',#5016,#5016,#1759,.T.);
#6186=EDGE_CURVE('',#5016,#5017,#2206,.T.);
#6187=EDGE_CURVE('',#5018,#5019,#2207,.T.);
#6188=EDGE_CURVE('',#5020,#5018,#2208,.T.);
#6189=EDGE_CURVE('',#5020,#5021,#2209,.T.);
#6190=EDGE_CURVE('',#5019,#5021,#2210,.T.);
#6191=EDGE_CURVE('',#5022,#5023,#2211,.T.);
#6192=EDGE_CURVE('',#5024,#5022,#2212,.T.);
#6193=EDGE_CURVE('',#5025,#5024,#2213,.T.);
#6194=EDGE_CURVE('',#5023,#5025,#2214,.T.);
#6195=EDGE_CURVE('',#5026,#5027,#2215,.T.);
#6196=EDGE_CURVE('',#5028,#5026,#2216,.T.);
#6197=EDGE_CURVE('',#5029,#5028,#2217,.T.);
#6198=EDGE_CURVE('',#5030,#5029,#2218,.T.);
#6199=EDGE_CURVE('',#5027,#5030,#2219,.T.);
#6200=EDGE_CURVE('',#5029,#5020,#2220,.T.);
#6201=EDGE_CURVE('',#5021,#5028,#2221,.T.);
#6202=EDGE_CURVE('',#5019,#5031,#2222,.T.);
#6203=EDGE_CURVE('',#5032,#5026,#2223,.T.);
#6204=EDGE_CURVE('',#5032,#5031,#2224,.T.);
#6205=EDGE_CURVE('',#5027,#5033,#2225,.T.);
#6206=EDGE_CURVE('',#5034,#5033,#2226,.T.);
#6207=EDGE_CURVE('',#5034,#5032,#2227,.T.);
#6208=EDGE_CURVE('',#5033,#5030,#2228,.T.);
#6209=EDGE_CURVE('',#5035,#5036,#2229,.T.);
#6210=EDGE_CURVE('',#5037,#5035,#2230,.T.);
#6211=EDGE_CURVE('',#5037,#5038,#2231,.T.);
#6212=EDGE_CURVE('',#5036,#5038,#2232,.T.);
#6213=EDGE_CURVE('',#5039,#5040,#2233,.T.);
#6214=EDGE_CURVE('',#5041,#5039,#2234,.T.);
#6215=EDGE_CURVE('',#5042,#5041,#2235,.T.);
#6216=EDGE_CURVE('',#5043,#5042,#2236,.T.);
#6217=EDGE_CURVE('',#5040,#5043,#2237,.T.);
#6218=EDGE_CURVE('',#5042,#5044,#2238,.T.);
#6219=EDGE_CURVE('',#5045,#5041,#2239,.T.);
#6220=EDGE_CURVE('',#5044,#5045,#2240,.T.);
#6221=EDGE_CURVE('',#5046,#5040,#2241,.T.);
#6222=EDGE_CURVE('',#5039,#5046,#2242,.T.);
#6223=EDGE_CURVE('',#5047,#5043,#2243,.T.);
#6224=EDGE_CURVE('',#5047,#5048,#2244,.T.);
#6225=EDGE_CURVE('',#5048,#5046,#2245,.T.);
#6226=EDGE_CURVE('',#5049,#5049,#1760,.T.);
#6227=EDGE_CURVE('',#5049,#5050,#2246,.T.);
#6228=EDGE_CURVE('',#5050,#5050,#1761,.T.);
#6229=EDGE_CURVE('',#5051,#5052,#2247,.T.);
#6230=EDGE_CURVE('',#5053,#5051,#2248,.T.);
#6231=EDGE_CURVE('',#5053,#5054,#2249,.T.);
#6232=EDGE_CURVE('',#5052,#5054,#2250,.T.);
#6233=EDGE_CURVE('',#5055,#5053,#2251,.T.);
#6234=EDGE_CURVE('',#5055,#5056,#2252,.T.);
#6235=EDGE_CURVE('',#5054,#5056,#2253,.T.);
#6236=EDGE_CURVE('',#5057,#5056,#2254,.T.);
#6237=EDGE_CURVE('',#5058,#5057,#2255,.T.);
#6238=EDGE_CURVE('',#5058,#5059,#2256,.T.);
#6239=EDGE_CURVE('',#5059,#5052,#2257,.T.);
#6240=EDGE_CURVE('',#5060,#5060,#1762,.T.);
#6241=EDGE_CURVE('',#5060,#5061,#2258,.T.);
#6242=EDGE_CURVE('',#5061,#5061,#1763,.T.);
#6243=EDGE_CURVE('',#5062,#5063,#2259,.T.);
#6244=EDGE_CURVE('',#5064,#5062,#2260,.T.);
#6245=EDGE_CURVE('',#5064,#5065,#2261,.T.);
#6246=EDGE_CURVE('',#5063,#5065,#2262,.T.);
#6247=EDGE_CURVE('',#5066,#5064,#2263,.T.);
#6248=EDGE_CURVE('',#5066,#5067,#2264,.T.);
#6249=EDGE_CURVE('',#5065,#5067,#2265,.T.);
#6250=EDGE_CURVE('',#5068,#5063,#2266,.T.);
#6251=EDGE_CURVE('',#5068,#5069,#2267,.T.);
#6252=EDGE_CURVE('',#5069,#5062,#2268,.T.);
#6253=EDGE_CURVE('',#5067,#5070,#2269,.T.);
#6254=EDGE_CURVE('',#5071,#5070,#2270,.T.);
#6255=EDGE_CURVE('',#5071,#5068,#2271,.T.);
#6256=EDGE_CURVE('',#5072,#5073,#2272,.T.);
#6257=EDGE_CURVE('',#5074,#5072,#2273,.T.);
#6258=EDGE_CURVE('',#5074,#5075,#2274,.T.);
#6259=EDGE_CURVE('',#5075,#5076,#2275,.T.);
#6260=EDGE_CURVE('',#5076,#5077,#2276,.T.);
#6261=EDGE_CURVE('',#5077,#5073,#2277,.T.);
#6262=EDGE_CURVE('',#5073,#5078,#2278,.T.);
#6263=EDGE_CURVE('',#5077,#5079,#2279,.T.);
#6264=EDGE_CURVE('',#5078,#5079,#2280,.T.);
#6265=EDGE_CURVE('',#5023,#5080,#2281,.T.);
#6266=EDGE_CURVE('',#5081,#5080,#2282,.T.);
#6267=EDGE_CURVE('',#5075,#5081,#2283,.T.);
#6268=EDGE_CURVE('',#5022,#5074,#2284,.T.);
#6269=EDGE_CURVE('',#5082,#5081,#2285,.T.);
#6270=EDGE_CURVE('',#5076,#5082,#2286,.T.);
#6271=EDGE_CURVE('',#5079,#5082,#2287,.T.);
#6272=EDGE_CURVE('',#5031,#5058,#2288,.T.);
#6273=EDGE_CURVE('',#5078,#5057,#2289,.T.);
#6274=EDGE_CURVE('',#5080,#5018,#2290,.T.);
#6275=EDGE_CURVE('',#5083,#5084,#2291,.T.);
#6276=EDGE_CURVE('',#5085,#5083,#2292,.T.);
#6277=EDGE_CURVE('',#5085,#5086,#2293,.T.);
#6278=EDGE_CURVE('',#5086,#5087,#2294,.T.);
#6279=EDGE_CURVE('',#5087,#5088,#2295,.T.);
#6280=EDGE_CURVE('',#5088,#5084,#2296,.T.);
#6281=EDGE_CURVE('',#5089,#5090,#2297,.T.);
#6282=EDGE_CURVE('',#5090,#5088,#2298,.T.);
#6283=EDGE_CURVE('',#5089,#5087,#2299,.T.);
#6284=EDGE_CURVE('',#5091,#5089,#2300,.T.);
#6285=EDGE_CURVE('',#5091,#5086,#2301,.T.);
#6286=EDGE_CURVE('',#5092,#5091,#2302,.T.);
#6287=EDGE_CURVE('',#5092,#5085,#2303,.T.);
#6288=EDGE_CURVE('',#5084,#5093,#2304,.T.);
#6289=EDGE_CURVE('',#5090,#5093,#2305,.T.);
#6290=EDGE_CURVE('',#5094,#5095,#2306,.T.);
#6291=EDGE_CURVE('',#5095,#5071,#2307,.T.);
#6292=EDGE_CURVE('',#5070,#5093,#2308,.T.);
#6293=EDGE_CURVE('',#5096,#5092,#2309,.T.);
#6294=EDGE_CURVE('',#5097,#5096,#2310,.T.);
#6295=EDGE_CURVE('',#5097,#5098,#2311,.T.);
#6296=EDGE_CURVE('',#5094,#5098,#2312,.T.);
#6297=EDGE_CURVE('',#5098,#5072,#2313,.T.);
#6298=EDGE_CURVE('',#5024,#5097,#2314,.T.);
#6299=EDGE_CURVE('',#5094,#5055,#2315,.T.);
#6300=EDGE_CURVE('',#5096,#5035,#2316,.T.);
#6301=EDGE_CURVE('',#5036,#5099,#2317,.T.);
#6302=EDGE_CURVE('',#5099,#5100,#2318,.T.);
#6303=EDGE_CURVE('',#5100,#5025,#2319,.T.);
#6304=EDGE_CURVE('',#5101,#5095,#2320,.T.);
#6305=EDGE_CURVE('',#5059,#5101,#2321,.T.);
#6306=EDGE_CURVE('',#5102,#5034,#2322,.T.);
#6307=EDGE_CURVE('',#5103,#5102,#2323,.T.);
#6308=EDGE_CURVE('',#5048,#5103,#2324,.T.);
#6309=EDGE_CURVE('',#5104,#5047,#2325,.T.);
#6310=EDGE_CURVE('',#5105,#5104,#2326,.T.);
#6311=EDGE_CURVE('',#5069,#5105,#2327,.T.);
#6312=EDGE_CURVE('',#5037,#5083,#2328,.T.);
#6313=EDGE_CURVE('',#5106,#5066,#2329,.T.);
#6314=EDGE_CURVE('',#5106,#5107,#2330,.T.);
#6315=EDGE_CURVE('',#5044,#5107,#2331,.T.);
#6316=EDGE_CURVE('',#5038,#5045,#2332,.T.);
#6317=EDGE_CURVE('',#5102,#5100,#2333,.T.);
#6318=EDGE_CURVE('',#5099,#5103,#2334,.T.);
#6319=EDGE_CURVE('',#5105,#5106,#2335,.T.);
#6320=EDGE_CURVE('',#5101,#5051,#2336,.T.);
#6321=EDGE_CURVE('',#5104,#5107,#2337,.T.);
#6322=EDGE_CURVE('',#5108,#5109,#2338,.T.);
#6323=EDGE_CURVE('',#5109,#5109,#1764,.T.);
#6324=EDGE_CURVE('',#5110,#5110,#1765,.T.);
#6325=EDGE_CURVE('',#5110,#5111,#2339,.T.);
#6326=EDGE_CURVE('',#5112,#5113,#2340,.T.);
#6327=EDGE_CURVE('',#5114,#5112,#2341,.T.);
#6328=EDGE_CURVE('',#5114,#5115,#2342,.T.);
#6329=EDGE_CURVE('',#5113,#5115,#2343,.T.);
#6330=EDGE_CURVE('',#5116,#5117,#2344,.T.);
#6331=EDGE_CURVE('',#5118,#5116,#2345,.T.);
#6332=EDGE_CURVE('',#5119,#5118,#2346,.T.);
#6333=EDGE_CURVE('',#5117,#5119,#2347,.T.);
#6334=EDGE_CURVE('',#5120,#5121,#2348,.T.);
#6335=EDGE_CURVE('',#5122,#5120,#2349,.T.);
#6336=EDGE_CURVE('',#5123,#5122,#2350,.T.);
#6337=EDGE_CURVE('',#5124,#5123,#2351,.T.);
#6338=EDGE_CURVE('',#5121,#5124,#2352,.T.);
#6339=EDGE_CURVE('',#5123,#5114,#2353,.T.);
#6340=EDGE_CURVE('',#5115,#5122,#2354,.T.);
#6341=EDGE_CURVE('',#5113,#5125,#2355,.T.);
#6342=EDGE_CURVE('',#5126,#5120,#2356,.T.);
#6343=EDGE_CURVE('',#5126,#5125,#2357,.T.);
#6344=EDGE_CURVE('',#5121,#5127,#2358,.T.);
#6345=EDGE_CURVE('',#5128,#5127,#2359,.T.);
#6346=EDGE_CURVE('',#5128,#5126,#2360,.T.);
#6347=EDGE_CURVE('',#5127,#5124,#2361,.T.);
#6348=EDGE_CURVE('',#5129,#5130,#2362,.T.);
#6349=EDGE_CURVE('',#5131,#5129,#2363,.T.);
#6350=EDGE_CURVE('',#5131,#5132,#2364,.T.);
#6351=EDGE_CURVE('',#5130,#5132,#2365,.T.);
#6352=EDGE_CURVE('',#5133,#5134,#2366,.T.);
#6353=EDGE_CURVE('',#5135,#5133,#2367,.T.);
#6354=EDGE_CURVE('',#5136,#5135,#2368,.T.);
#6355=EDGE_CURVE('',#5137,#5136,#2369,.T.);
#6356=EDGE_CURVE('',#5134,#5137,#2370,.T.);
#6357=EDGE_CURVE('',#5136,#5138,#2371,.T.);
#6358=EDGE_CURVE('',#5139,#5135,#2372,.T.);
#6359=EDGE_CURVE('',#5138,#5139,#2373,.T.);
#6360=EDGE_CURVE('',#5140,#5134,#2374,.T.);
#6361=EDGE_CURVE('',#5133,#5140,#2375,.T.);
#6362=EDGE_CURVE('',#5141,#5137,#2376,.T.);
#6363=EDGE_CURVE('',#5141,#5142,#2377,.T.);
#6364=EDGE_CURVE('',#5142,#5140,#2378,.T.);
#6365=EDGE_CURVE('',#5143,#5143,#1766,.T.);
#6366=EDGE_CURVE('',#5143,#5144,#2379,.T.);
#6367=EDGE_CURVE('',#5144,#5144,#1767,.T.);
#6368=EDGE_CURVE('',#5145,#5146,#2380,.T.);
#6369=EDGE_CURVE('',#5147,#5145,#2381,.T.);
#6370=EDGE_CURVE('',#5147,#5148,#2382,.T.);
#6371=EDGE_CURVE('',#5146,#5148,#2383,.T.);
#6372=EDGE_CURVE('',#5149,#5147,#2384,.T.);
#6373=EDGE_CURVE('',#5149,#5150,#2385,.T.);
#6374=EDGE_CURVE('',#5148,#5150,#2386,.T.);
#6375=EDGE_CURVE('',#5151,#5150,#2387,.T.);
#6376=EDGE_CURVE('',#5152,#5151,#2388,.T.);
#6377=EDGE_CURVE('',#5152,#5153,#2389,.T.);
#6378=EDGE_CURVE('',#5153,#5146,#2390,.T.);
#6379=EDGE_CURVE('',#5154,#5154,#1768,.T.);
#6380=EDGE_CURVE('',#5154,#5155,#2391,.T.);
#6381=EDGE_CURVE('',#5155,#5155,#1769,.T.);
#6382=EDGE_CURVE('',#5156,#5157,#2392,.T.);
#6383=EDGE_CURVE('',#5158,#5156,#2393,.T.);
#6384=EDGE_CURVE('',#5158,#5159,#2394,.T.);
#6385=EDGE_CURVE('',#5157,#5159,#2395,.T.);
#6386=EDGE_CURVE('',#5160,#5158,#2396,.T.);
#6387=EDGE_CURVE('',#5160,#5161,#2397,.T.);
#6388=EDGE_CURVE('',#5159,#5161,#2398,.T.);
#6389=EDGE_CURVE('',#5162,#5157,#2399,.T.);
#6390=EDGE_CURVE('',#5162,#5163,#2400,.T.);
#6391=EDGE_CURVE('',#5163,#5156,#2401,.T.);
#6392=EDGE_CURVE('',#5161,#5164,#2402,.T.);
#6393=EDGE_CURVE('',#5165,#5164,#2403,.T.);
#6394=EDGE_CURVE('',#5165,#5162,#2404,.T.);
#6395=EDGE_CURVE('',#5166,#5167,#2405,.T.);
#6396=EDGE_CURVE('',#5168,#5166,#2406,.T.);
#6397=EDGE_CURVE('',#5168,#5169,#2407,.T.);
#6398=EDGE_CURVE('',#5169,#5170,#2408,.T.);
#6399=EDGE_CURVE('',#5170,#5171,#2409,.T.);
#6400=EDGE_CURVE('',#5171,#5167,#2410,.T.);
#6401=EDGE_CURVE('',#5167,#5172,#2411,.T.);
#6402=EDGE_CURVE('',#5171,#5173,#2412,.T.);
#6403=EDGE_CURVE('',#5172,#5173,#2413,.T.);
#6404=EDGE_CURVE('',#5117,#5174,#2414,.T.);
#6405=EDGE_CURVE('',#5175,#5174,#2415,.T.);
#6406=EDGE_CURVE('',#5169,#5175,#2416,.T.);
#6407=EDGE_CURVE('',#5116,#5168,#2417,.T.);
#6408=EDGE_CURVE('',#5176,#5175,#2418,.T.);
#6409=EDGE_CURVE('',#5170,#5176,#2419,.T.);
#6410=EDGE_CURVE('',#5173,#5176,#2420,.T.);
#6411=EDGE_CURVE('',#5125,#5152,#2421,.T.);
#6412=EDGE_CURVE('',#5172,#5151,#2422,.T.);
#6413=EDGE_CURVE('',#5174,#5112,#2423,.T.);
#6414=EDGE_CURVE('',#5177,#5178,#2424,.T.);
#6415=EDGE_CURVE('',#5179,#5177,#2425,.T.);
#6416=EDGE_CURVE('',#5179,#5180,#2426,.T.);
#6417=EDGE_CURVE('',#5180,#5181,#2427,.T.);
#6418=EDGE_CURVE('',#5181,#5182,#2428,.T.);
#6419=EDGE_CURVE('',#5182,#5178,#2429,.T.);
#6420=EDGE_CURVE('',#5183,#5184,#2430,.T.);
#6421=EDGE_CURVE('',#5184,#5182,#2431,.T.);
#6422=EDGE_CURVE('',#5183,#5181,#2432,.T.);
#6423=EDGE_CURVE('',#5185,#5183,#2433,.T.);
#6424=EDGE_CURVE('',#5185,#5180,#2434,.T.);
#6425=EDGE_CURVE('',#5186,#5185,#2435,.T.);
#6426=EDGE_CURVE('',#5186,#5179,#2436,.T.);
#6427=EDGE_CURVE('',#5178,#5187,#2437,.T.);
#6428=EDGE_CURVE('',#5184,#5187,#2438,.T.);
#6429=EDGE_CURVE('',#5188,#5189,#2439,.T.);
#6430=EDGE_CURVE('',#5189,#5165,#2440,.T.);
#6431=EDGE_CURVE('',#5164,#5187,#2441,.T.);
#6432=EDGE_CURVE('',#5190,#5186,#2442,.T.);
#6433=EDGE_CURVE('',#5191,#5190,#2443,.T.);
#6434=EDGE_CURVE('',#5191,#5192,#2444,.T.);
#6435=EDGE_CURVE('',#5188,#5192,#2445,.T.);
#6436=EDGE_CURVE('',#5192,#5166,#2446,.T.);
#6437=EDGE_CURVE('',#5118,#5191,#2447,.T.);
#6438=EDGE_CURVE('',#5188,#5149,#2448,.T.);
#6439=EDGE_CURVE('',#5190,#5129,#2449,.T.);
#6440=EDGE_CURVE('',#5130,#5193,#2450,.T.);
#6441=EDGE_CURVE('',#5193,#5194,#2451,.T.);
#6442=EDGE_CURVE('',#5194,#5119,#2452,.T.);
#6443=EDGE_CURVE('',#5195,#5189,#2453,.T.);
#6444=EDGE_CURVE('',#5153,#5195,#2454,.T.);
#6445=EDGE_CURVE('',#5196,#5128,#2455,.T.);
#6446=EDGE_CURVE('',#5197,#5196,#2456,.T.);
#6447=EDGE_CURVE('',#5142,#5197,#2457,.T.);
#6448=EDGE_CURVE('',#5198,#5141,#2458,.T.);
#6449=EDGE_CURVE('',#5199,#5198,#2459,.T.);
#6450=EDGE_CURVE('',#5163,#5199,#2460,.T.);
#6451=EDGE_CURVE('',#5131,#5177,#2461,.T.);
#6452=EDGE_CURVE('',#5200,#5160,#2462,.T.);
#6453=EDGE_CURVE('',#5200,#5201,#2463,.T.);
#6454=EDGE_CURVE('',#5138,#5201,#2464,.T.);
#6455=EDGE_CURVE('',#5132,#5139,#2465,.T.);
#6456=EDGE_CURVE('',#5196,#5194,#2466,.T.);
#6457=EDGE_CURVE('',#5193,#5197,#2467,.T.);
#6458=EDGE_CURVE('',#5199,#5200,#2468,.T.);
#6459=EDGE_CURVE('',#5195,#5145,#2469,.T.);
#6460=EDGE_CURVE('',#5198,#5201,#2470,.T.);
#6461=EDGE_CURVE('',#5202,#5203,#2471,.T.);
#6462=EDGE_CURVE('',#5203,#5203,#1770,.T.);
#6463=EDGE_CURVE('',#5204,#5204,#1771,.T.);
#6464=EDGE_CURVE('',#5204,#5205,#2472,.T.);
#6465=EDGE_CURVE('',#5206,#5207,#2473,.T.);
#6466=EDGE_CURVE('',#5208,#5206,#2474,.T.);
#6467=EDGE_CURVE('',#5208,#5209,#2475,.T.);
#6468=EDGE_CURVE('',#5207,#5209,#2476,.T.);
#6469=EDGE_CURVE('',#5210,#5211,#2477,.T.);
#6470=EDGE_CURVE('',#5212,#5210,#2478,.T.);
#6471=EDGE_CURVE('',#5213,#5212,#2479,.T.);
#6472=EDGE_CURVE('',#5211,#5213,#2480,.T.);
#6473=EDGE_CURVE('',#5214,#5215,#2481,.T.);
#6474=EDGE_CURVE('',#5216,#5214,#2482,.T.);
#6475=EDGE_CURVE('',#5217,#5216,#2483,.T.);
#6476=EDGE_CURVE('',#5218,#5217,#2484,.T.);
#6477=EDGE_CURVE('',#5215,#5218,#2485,.T.);
#6478=EDGE_CURVE('',#5217,#5208,#2486,.T.);
#6479=EDGE_CURVE('',#5209,#5216,#2487,.T.);
#6480=EDGE_CURVE('',#5207,#5219,#2488,.T.);
#6481=EDGE_CURVE('',#5220,#5214,#2489,.T.);
#6482=EDGE_CURVE('',#5220,#5219,#2490,.T.);
#6483=EDGE_CURVE('',#5215,#5221,#2491,.T.);
#6484=EDGE_CURVE('',#5222,#5221,#2492,.T.);
#6485=EDGE_CURVE('',#5222,#5220,#2493,.T.);
#6486=EDGE_CURVE('',#5221,#5218,#2494,.T.);
#6487=EDGE_CURVE('',#5223,#5224,#2495,.T.);
#6488=EDGE_CURVE('',#5225,#5223,#2496,.T.);
#6489=EDGE_CURVE('',#5225,#5226,#2497,.T.);
#6490=EDGE_CURVE('',#5224,#5226,#2498,.T.);
#6491=EDGE_CURVE('',#5227,#5228,#2499,.T.);
#6492=EDGE_CURVE('',#5229,#5227,#2500,.T.);
#6493=EDGE_CURVE('',#5230,#5229,#2501,.T.);
#6494=EDGE_CURVE('',#5231,#5230,#2502,.T.);
#6495=EDGE_CURVE('',#5228,#5231,#2503,.T.);
#6496=EDGE_CURVE('',#5230,#5232,#2504,.T.);
#6497=EDGE_CURVE('',#5233,#5229,#2505,.T.);
#6498=EDGE_CURVE('',#5232,#5233,#2506,.T.);
#6499=EDGE_CURVE('',#5234,#5228,#2507,.T.);
#6500=EDGE_CURVE('',#5227,#5234,#2508,.T.);
#6501=EDGE_CURVE('',#5235,#5231,#2509,.T.);
#6502=EDGE_CURVE('',#5235,#5236,#2510,.T.);
#6503=EDGE_CURVE('',#5236,#5234,#2511,.T.);
#6504=EDGE_CURVE('',#5237,#5237,#1772,.T.);
#6505=EDGE_CURVE('',#5237,#5238,#2512,.T.);
#6506=EDGE_CURVE('',#5238,#5238,#1773,.T.);
#6507=EDGE_CURVE('',#5239,#5240,#2513,.T.);
#6508=EDGE_CURVE('',#5241,#5239,#2514,.T.);
#6509=EDGE_CURVE('',#5241,#5242,#2515,.T.);
#6510=EDGE_CURVE('',#5240,#5242,#2516,.T.);
#6511=EDGE_CURVE('',#5243,#5241,#2517,.T.);
#6512=EDGE_CURVE('',#5243,#5244,#2518,.T.);
#6513=EDGE_CURVE('',#5242,#5244,#2519,.T.);
#6514=EDGE_CURVE('',#5245,#5244,#2520,.T.);
#6515=EDGE_CURVE('',#5246,#5245,#2521,.T.);
#6516=EDGE_CURVE('',#5246,#5247,#2522,.T.);
#6517=EDGE_CURVE('',#5247,#5240,#2523,.T.);
#6518=EDGE_CURVE('',#5248,#5248,#1774,.T.);
#6519=EDGE_CURVE('',#5248,#5249,#2524,.T.);
#6520=EDGE_CURVE('',#5249,#5249,#1775,.T.);
#6521=EDGE_CURVE('',#5250,#5251,#2525,.T.);
#6522=EDGE_CURVE('',#5252,#5250,#2526,.T.);
#6523=EDGE_CURVE('',#5252,#5253,#2527,.T.);
#6524=EDGE_CURVE('',#5251,#5253,#2528,.T.);
#6525=EDGE_CURVE('',#5254,#5252,#2529,.T.);
#6526=EDGE_CURVE('',#5254,#5255,#2530,.T.);
#6527=EDGE_CURVE('',#5253,#5255,#2531,.T.);
#6528=EDGE_CURVE('',#5256,#5251,#2532,.T.);
#6529=EDGE_CURVE('',#5256,#5257,#2533,.T.);
#6530=EDGE_CURVE('',#5257,#5250,#2534,.T.);
#6531=EDGE_CURVE('',#5255,#5258,#2535,.T.);
#6532=EDGE_CURVE('',#5259,#5258,#2536,.T.);
#6533=EDGE_CURVE('',#5259,#5256,#2537,.T.);
#6534=EDGE_CURVE('',#5260,#5261,#2538,.T.);
#6535=EDGE_CURVE('',#5262,#5260,#2539,.T.);
#6536=EDGE_CURVE('',#5262,#5263,#2540,.T.);
#6537=EDGE_CURVE('',#5263,#5264,#2541,.T.);
#6538=EDGE_CURVE('',#5264,#5265,#2542,.T.);
#6539=EDGE_CURVE('',#5265,#5261,#2543,.T.);
#6540=EDGE_CURVE('',#5261,#5266,#2544,.T.);
#6541=EDGE_CURVE('',#5265,#5267,#2545,.T.);
#6542=EDGE_CURVE('',#5266,#5267,#2546,.T.);
#6543=EDGE_CURVE('',#5211,#5268,#2547,.T.);
#6544=EDGE_CURVE('',#5269,#5268,#2548,.T.);
#6545=EDGE_CURVE('',#5263,#5269,#2549,.T.);
#6546=EDGE_CURVE('',#5210,#5262,#2550,.T.);
#6547=EDGE_CURVE('',#5270,#5269,#2551,.T.);
#6548=EDGE_CURVE('',#5264,#5270,#2552,.T.);
#6549=EDGE_CURVE('',#5267,#5270,#2553,.T.);
#6550=EDGE_CURVE('',#5219,#5246,#2554,.T.);
#6551=EDGE_CURVE('',#5266,#5245,#2555,.T.);
#6552=EDGE_CURVE('',#5268,#5206,#2556,.T.);
#6553=EDGE_CURVE('',#5271,#5272,#2557,.T.);
#6554=EDGE_CURVE('',#5273,#5271,#2558,.T.);
#6555=EDGE_CURVE('',#5273,#5274,#2559,.T.);
#6556=EDGE_CURVE('',#5274,#5275,#2560,.T.);
#6557=EDGE_CURVE('',#5275,#5276,#2561,.T.);
#6558=EDGE_CURVE('',#5276,#5272,#2562,.T.);
#6559=EDGE_CURVE('',#5277,#5278,#2563,.T.);
#6560=EDGE_CURVE('',#5278,#5276,#2564,.T.);
#6561=EDGE_CURVE('',#5277,#5275,#2565,.T.);
#6562=EDGE_CURVE('',#5279,#5277,#2566,.T.);
#6563=EDGE_CURVE('',#5279,#5274,#2567,.T.);
#6564=EDGE_CURVE('',#5280,#5279,#2568,.T.);
#6565=EDGE_CURVE('',#5280,#5273,#2569,.T.);
#6566=EDGE_CURVE('',#5272,#5281,#2570,.T.);
#6567=EDGE_CURVE('',#5278,#5281,#2571,.T.);
#6568=EDGE_CURVE('',#5282,#5283,#2572,.T.);
#6569=EDGE_CURVE('',#5283,#5259,#2573,.T.);
#6570=EDGE_CURVE('',#5258,#5281,#2574,.T.);
#6571=EDGE_CURVE('',#5284,#5280,#2575,.T.);
#6572=EDGE_CURVE('',#5285,#5284,#2576,.T.);
#6573=EDGE_CURVE('',#5285,#5286,#2577,.T.);
#6574=EDGE_CURVE('',#5282,#5286,#2578,.T.);
#6575=EDGE_CURVE('',#5286,#5260,#2579,.T.);
#6576=EDGE_CURVE('',#5212,#5285,#2580,.T.);
#6577=EDGE_CURVE('',#5282,#5243,#2581,.T.);
#6578=EDGE_CURVE('',#5284,#5223,#2582,.T.);
#6579=EDGE_CURVE('',#5224,#5287,#2583,.T.);
#6580=EDGE_CURVE('',#5287,#5288,#2584,.T.);
#6581=EDGE_CURVE('',#5288,#5213,#2585,.T.);
#6582=EDGE_CURVE('',#5289,#5283,#2586,.T.);
#6583=EDGE_CURVE('',#5247,#5289,#2587,.T.);
#6584=EDGE_CURVE('',#5290,#5222,#2588,.T.);
#6585=EDGE_CURVE('',#5291,#5290,#2589,.T.);
#6586=EDGE_CURVE('',#5236,#5291,#2590,.T.);
#6587=EDGE_CURVE('',#5292,#5235,#2591,.T.);
#6588=EDGE_CURVE('',#5293,#5292,#2592,.T.);
#6589=EDGE_CURVE('',#5257,#5293,#2593,.T.);
#6590=EDGE_CURVE('',#5225,#5271,#2594,.T.);
#6591=EDGE_CURVE('',#5294,#5254,#2595,.T.);
#6592=EDGE_CURVE('',#5294,#5295,#2596,.T.);
#6593=EDGE_CURVE('',#5232,#5295,#2597,.T.);
#6594=EDGE_CURVE('',#5226,#5233,#2598,.T.);
#6595=EDGE_CURVE('',#5290,#5288,#2599,.T.);
#6596=EDGE_CURVE('',#5287,#5291,#2600,.T.);
#6597=EDGE_CURVE('',#5293,#5294,#2601,.T.);
#6598=EDGE_CURVE('',#5289,#5239,#2602,.T.);
#6599=EDGE_CURVE('',#5292,#5295,#2603,.T.);
#6600=EDGE_CURVE('',#5296,#5297,#2604,.T.);
#6601=EDGE_CURVE('',#5297,#5297,#1776,.T.);
#6602=EDGE_CURVE('',#5298,#5298,#1777,.T.);
#6603=EDGE_CURVE('',#5298,#5299,#2605,.T.);
#6604=EDGE_CURVE('',#5300,#5301,#2606,.T.);
#6605=EDGE_CURVE('',#5302,#5300,#2607,.T.);
#6606=EDGE_CURVE('',#5302,#5303,#2608,.T.);
#6607=EDGE_CURVE('',#5301,#5303,#2609,.T.);
#6608=EDGE_CURVE('',#5304,#5305,#2610,.T.);
#6609=EDGE_CURVE('',#5306,#5304,#2611,.T.);
#6610=EDGE_CURVE('',#5307,#5306,#2612,.T.);
#6611=EDGE_CURVE('',#5305,#5307,#2613,.T.);
#6612=EDGE_CURVE('',#5308,#5309,#2614,.T.);
#6613=EDGE_CURVE('',#5310,#5308,#2615,.T.);
#6614=EDGE_CURVE('',#5311,#5310,#2616,.T.);
#6615=EDGE_CURVE('',#5312,#5311,#2617,.T.);
#6616=EDGE_CURVE('',#5309,#5312,#2618,.T.);
#6617=EDGE_CURVE('',#5311,#5302,#2619,.T.);
#6618=EDGE_CURVE('',#5303,#5310,#2620,.T.);
#6619=EDGE_CURVE('',#5301,#5313,#2621,.T.);
#6620=EDGE_CURVE('',#5314,#5308,#2622,.T.);
#6621=EDGE_CURVE('',#5314,#5313,#2623,.T.);
#6622=EDGE_CURVE('',#5309,#5315,#2624,.T.);
#6623=EDGE_CURVE('',#5316,#5315,#2625,.T.);
#6624=EDGE_CURVE('',#5316,#5314,#2626,.T.);
#6625=EDGE_CURVE('',#5315,#5312,#2627,.T.);
#6626=EDGE_CURVE('',#5317,#5318,#2628,.T.);
#6627=EDGE_CURVE('',#5319,#5317,#2629,.T.);
#6628=EDGE_CURVE('',#5319,#5320,#2630,.T.);
#6629=EDGE_CURVE('',#5318,#5320,#2631,.T.);
#6630=EDGE_CURVE('',#5321,#5322,#2632,.T.);
#6631=EDGE_CURVE('',#5323,#5321,#2633,.T.);
#6632=EDGE_CURVE('',#5324,#5323,#2634,.T.);
#6633=EDGE_CURVE('',#5325,#5324,#2635,.T.);
#6634=EDGE_CURVE('',#5322,#5325,#2636,.T.);
#6635=EDGE_CURVE('',#5324,#5326,#2637,.T.);
#6636=EDGE_CURVE('',#5327,#5323,#2638,.T.);
#6637=EDGE_CURVE('',#5326,#5327,#2639,.T.);
#6638=EDGE_CURVE('',#5328,#5322,#2640,.T.);
#6639=EDGE_CURVE('',#5321,#5328,#2641,.T.);
#6640=EDGE_CURVE('',#5329,#5325,#2642,.T.);
#6641=EDGE_CURVE('',#5329,#5330,#2643,.T.);
#6642=EDGE_CURVE('',#5330,#5328,#2644,.T.);
#6643=EDGE_CURVE('',#5331,#5331,#1778,.T.);
#6644=EDGE_CURVE('',#5331,#5332,#2645,.T.);
#6645=EDGE_CURVE('',#5332,#5332,#1779,.T.);
#6646=EDGE_CURVE('',#5333,#5334,#2646,.T.);
#6647=EDGE_CURVE('',#5335,#5333,#2647,.T.);
#6648=EDGE_CURVE('',#5335,#5336,#2648,.T.);
#6649=EDGE_CURVE('',#5334,#5336,#2649,.T.);
#6650=EDGE_CURVE('',#5337,#5335,#2650,.T.);
#6651=EDGE_CURVE('',#5337,#5338,#2651,.T.);
#6652=EDGE_CURVE('',#5336,#5338,#2652,.T.);
#6653=EDGE_CURVE('',#5339,#5338,#2653,.T.);
#6654=EDGE_CURVE('',#5340,#5339,#2654,.T.);
#6655=EDGE_CURVE('',#5340,#5341,#2655,.T.);
#6656=EDGE_CURVE('',#5341,#5334,#2656,.T.);
#6657=EDGE_CURVE('',#5342,#5342,#1780,.T.);
#6658=EDGE_CURVE('',#5342,#5343,#2657,.T.);
#6659=EDGE_CURVE('',#5343,#5343,#1781,.T.);
#6660=EDGE_CURVE('',#5344,#5345,#2658,.T.);
#6661=EDGE_CURVE('',#5346,#5344,#2659,.T.);
#6662=EDGE_CURVE('',#5346,#5347,#2660,.T.);
#6663=EDGE_CURVE('',#5345,#5347,#2661,.T.);
#6664=EDGE_CURVE('',#5348,#5346,#2662,.T.);
#6665=EDGE_CURVE('',#5348,#5349,#2663,.T.);
#6666=EDGE_CURVE('',#5347,#5349,#2664,.T.);
#6667=EDGE_CURVE('',#5350,#5345,#2665,.T.);
#6668=EDGE_CURVE('',#5350,#5351,#2666,.T.);
#6669=EDGE_CURVE('',#5351,#5344,#2667,.T.);
#6670=EDGE_CURVE('',#5349,#5352,#2668,.T.);
#6671=EDGE_CURVE('',#5353,#5352,#2669,.T.);
#6672=EDGE_CURVE('',#5353,#5350,#2670,.T.);
#6673=EDGE_CURVE('',#5354,#5355,#2671,.T.);
#6674=EDGE_CURVE('',#5356,#5354,#2672,.T.);
#6675=EDGE_CURVE('',#5356,#5357,#2673,.T.);
#6676=EDGE_CURVE('',#5357,#5358,#2674,.T.);
#6677=EDGE_CURVE('',#5358,#5359,#2675,.T.);
#6678=EDGE_CURVE('',#5359,#5355,#2676,.T.);
#6679=EDGE_CURVE('',#5355,#5360,#2677,.T.);
#6680=EDGE_CURVE('',#5359,#5361,#2678,.T.);
#6681=EDGE_CURVE('',#5360,#5361,#2679,.T.);
#6682=EDGE_CURVE('',#5305,#5362,#2680,.T.);
#6683=EDGE_CURVE('',#5363,#5362,#2681,.T.);
#6684=EDGE_CURVE('',#5357,#5363,#2682,.T.);
#6685=EDGE_CURVE('',#5304,#5356,#2683,.T.);
#6686=EDGE_CURVE('',#5364,#5363,#2684,.T.);
#6687=EDGE_CURVE('',#5358,#5364,#2685,.T.);
#6688=EDGE_CURVE('',#5361,#5364,#2686,.T.);
#6689=EDGE_CURVE('',#5313,#5340,#2687,.T.);
#6690=EDGE_CURVE('',#5360,#5339,#2688,.T.);
#6691=EDGE_CURVE('',#5362,#5300,#2689,.T.);
#6692=EDGE_CURVE('',#5365,#5366,#2690,.T.);
#6693=EDGE_CURVE('',#5367,#5365,#2691,.T.);
#6694=EDGE_CURVE('',#5367,#5368,#2692,.T.);
#6695=EDGE_CURVE('',#5368,#5369,#2693,.T.);
#6696=EDGE_CURVE('',#5369,#5370,#2694,.T.);
#6697=EDGE_CURVE('',#5370,#5366,#2695,.T.);
#6698=EDGE_CURVE('',#5371,#5372,#2696,.T.);
#6699=EDGE_CURVE('',#5372,#5370,#2697,.T.);
#6700=EDGE_CURVE('',#5371,#5369,#2698,.T.);
#6701=EDGE_CURVE('',#5373,#5371,#2699,.T.);
#6702=EDGE_CURVE('',#5373,#5368,#2700,.T.);
#6703=EDGE_CURVE('',#5374,#5373,#2701,.T.);
#6704=EDGE_CURVE('',#5374,#5367,#2702,.T.);
#6705=EDGE_CURVE('',#5366,#5375,#2703,.T.);
#6706=EDGE_CURVE('',#5372,#5375,#2704,.T.);
#6707=EDGE_CURVE('',#5376,#5377,#2705,.T.);
#6708=EDGE_CURVE('',#5377,#5353,#2706,.T.);
#6709=EDGE_CURVE('',#5352,#5375,#2707,.T.);
#6710=EDGE_CURVE('',#5378,#5374,#2708,.T.);
#6711=EDGE_CURVE('',#5379,#5378,#2709,.T.);
#6712=EDGE_CURVE('',#5379,#5380,#2710,.T.);
#6713=EDGE_CURVE('',#5376,#5380,#2711,.T.);
#6714=EDGE_CURVE('',#5380,#5354,#2712,.T.);
#6715=EDGE_CURVE('',#5306,#5379,#2713,.T.);
#6716=EDGE_CURVE('',#5376,#5337,#2714,.T.);
#6717=EDGE_CURVE('',#5378,#5317,#2715,.T.);
#6718=EDGE_CURVE('',#5318,#5381,#2716,.T.);
#6719=EDGE_CURVE('',#5381,#5382,#2717,.T.);
#6720=EDGE_CURVE('',#5382,#5307,#2718,.T.);
#6721=EDGE_CURVE('',#5383,#5377,#2719,.T.);
#6722=EDGE_CURVE('',#5341,#5383,#2720,.T.);
#6723=EDGE_CURVE('',#5384,#5316,#2721,.T.);
#6724=EDGE_CURVE('',#5385,#5384,#2722,.T.);
#6725=EDGE_CURVE('',#5330,#5385,#2723,.T.);
#6726=EDGE_CURVE('',#5386,#5329,#2724,.T.);
#6727=EDGE_CURVE('',#5387,#5386,#2725,.T.);
#6728=EDGE_CURVE('',#5351,#5387,#2726,.T.);
#6729=EDGE_CURVE('',#5319,#5365,#2727,.T.);
#6730=EDGE_CURVE('',#5388,#5348,#2728,.T.);
#6731=EDGE_CURVE('',#5388,#5389,#2729,.T.);
#6732=EDGE_CURVE('',#5326,#5389,#2730,.T.);
#6733=EDGE_CURVE('',#5320,#5327,#2731,.T.);
#6734=EDGE_CURVE('',#5384,#5382,#2732,.T.);
#6735=EDGE_CURVE('',#5381,#5385,#2733,.T.);
#6736=EDGE_CURVE('',#5387,#5388,#2734,.T.);
#6737=EDGE_CURVE('',#5383,#5333,#2735,.T.);
#6738=EDGE_CURVE('',#5386,#5389,#2736,.T.);
#6739=EDGE_CURVE('',#5390,#5391,#2737,.T.);
#6740=EDGE_CURVE('',#5391,#5391,#1782,.T.);
#6741=EDGE_CURVE('',#5392,#5392,#1783,.T.);
#6742=EDGE_CURVE('',#5392,#5393,#2738,.T.);
#6743=EDGE_CURVE('',#5394,#5395,#2739,.T.);
#6744=EDGE_CURVE('',#5396,#5394,#2740,.T.);
#6745=EDGE_CURVE('',#5396,#5397,#2741,.T.);
#6746=EDGE_CURVE('',#5395,#5397,#2742,.T.);
#6747=EDGE_CURVE('',#5398,#5399,#2743,.T.);
#6748=EDGE_CURVE('',#5400,#5398,#2744,.T.);
#6749=EDGE_CURVE('',#5401,#5400,#2745,.T.);
#6750=EDGE_CURVE('',#5399,#5401,#2746,.T.);
#6751=EDGE_CURVE('',#5402,#5403,#2747,.T.);
#6752=EDGE_CURVE('',#5404,#5402,#2748,.T.);
#6753=EDGE_CURVE('',#5405,#5404,#2749,.T.);
#6754=EDGE_CURVE('',#5406,#5405,#2750,.T.);
#6755=EDGE_CURVE('',#5403,#5406,#2751,.T.);
#6756=EDGE_CURVE('',#5405,#5396,#2752,.T.);
#6757=EDGE_CURVE('',#5397,#5404,#2753,.T.);
#6758=EDGE_CURVE('',#5395,#5407,#2754,.T.);
#6759=EDGE_CURVE('',#5408,#5402,#2755,.T.);
#6760=EDGE_CURVE('',#5408,#5407,#2756,.T.);
#6761=EDGE_CURVE('',#5403,#5409,#2757,.T.);
#6762=EDGE_CURVE('',#5410,#5409,#2758,.T.);
#6763=EDGE_CURVE('',#5410,#5408,#2759,.T.);
#6764=EDGE_CURVE('',#5409,#5406,#2760,.T.);
#6765=EDGE_CURVE('',#5411,#5412,#2761,.T.);
#6766=EDGE_CURVE('',#5413,#5411,#2762,.T.);
#6767=EDGE_CURVE('',#5413,#5414,#2763,.T.);
#6768=EDGE_CURVE('',#5412,#5414,#2764,.T.);
#6769=EDGE_CURVE('',#5415,#5416,#2765,.T.);
#6770=EDGE_CURVE('',#5417,#5415,#2766,.T.);
#6771=EDGE_CURVE('',#5418,#5417,#2767,.T.);
#6772=EDGE_CURVE('',#5419,#5418,#2768,.T.);
#6773=EDGE_CURVE('',#5416,#5419,#2769,.T.);
#6774=EDGE_CURVE('',#5418,#5420,#2770,.T.);
#6775=EDGE_CURVE('',#5421,#5417,#2771,.T.);
#6776=EDGE_CURVE('',#5420,#5421,#2772,.T.);
#6777=EDGE_CURVE('',#5422,#5416,#2773,.T.);
#6778=EDGE_CURVE('',#5415,#5422,#2774,.T.);
#6779=EDGE_CURVE('',#5423,#5419,#2775,.T.);
#6780=EDGE_CURVE('',#5423,#5424,#2776,.T.);
#6781=EDGE_CURVE('',#5424,#5422,#2777,.T.);
#6782=EDGE_CURVE('',#5425,#5425,#1784,.T.);
#6783=EDGE_CURVE('',#5425,#5426,#2778,.T.);
#6784=EDGE_CURVE('',#5426,#5426,#1785,.T.);
#6785=EDGE_CURVE('',#5427,#5428,#2779,.T.);
#6786=EDGE_CURVE('',#5429,#5427,#2780,.T.);
#6787=EDGE_CURVE('',#5429,#5430,#2781,.T.);
#6788=EDGE_CURVE('',#5428,#5430,#2782,.T.);
#6789=EDGE_CURVE('',#5431,#5429,#2783,.T.);
#6790=EDGE_CURVE('',#5431,#5432,#2784,.T.);
#6791=EDGE_CURVE('',#5430,#5432,#2785,.T.);
#6792=EDGE_CURVE('',#5433,#5432,#2786,.T.);
#6793=EDGE_CURVE('',#5434,#5433,#2787,.T.);
#6794=EDGE_CURVE('',#5434,#5435,#2788,.T.);
#6795=EDGE_CURVE('',#5435,#5428,#2789,.T.);
#6796=EDGE_CURVE('',#5436,#5436,#1786,.T.);
#6797=EDGE_CURVE('',#5436,#5437,#2790,.T.);
#6798=EDGE_CURVE('',#5437,#5437,#1787,.T.);
#6799=EDGE_CURVE('',#5438,#5439,#2791,.T.);
#6800=EDGE_CURVE('',#5440,#5438,#2792,.T.);
#6801=EDGE_CURVE('',#5440,#5441,#2793,.T.);
#6802=EDGE_CURVE('',#5439,#5441,#2794,.T.);
#6803=EDGE_CURVE('',#5442,#5440,#2795,.T.);
#6804=EDGE_CURVE('',#5442,#5443,#2796,.T.);
#6805=EDGE_CURVE('',#5441,#5443,#2797,.T.);
#6806=EDGE_CURVE('',#5444,#5439,#2798,.T.);
#6807=EDGE_CURVE('',#5444,#5445,#2799,.T.);
#6808=EDGE_CURVE('',#5445,#5438,#2800,.T.);
#6809=EDGE_CURVE('',#5443,#5446,#2801,.T.);
#6810=EDGE_CURVE('',#5447,#5446,#2802,.T.);
#6811=EDGE_CURVE('',#5447,#5444,#2803,.T.);
#6812=EDGE_CURVE('',#5448,#5449,#2804,.T.);
#6813=EDGE_CURVE('',#5450,#5448,#2805,.T.);
#6814=EDGE_CURVE('',#5450,#5451,#2806,.T.);
#6815=EDGE_CURVE('',#5451,#5452,#2807,.T.);
#6816=EDGE_CURVE('',#5452,#5453,#2808,.T.);
#6817=EDGE_CURVE('',#5453,#5449,#2809,.T.);
#6818=EDGE_CURVE('',#5449,#5454,#2810,.T.);
#6819=EDGE_CURVE('',#5453,#5455,#2811,.T.);
#6820=EDGE_CURVE('',#5454,#5455,#2812,.T.);
#6821=EDGE_CURVE('',#5399,#5456,#2813,.T.);
#6822=EDGE_CURVE('',#5457,#5456,#2814,.T.);
#6823=EDGE_CURVE('',#5451,#5457,#2815,.T.);
#6824=EDGE_CURVE('',#5398,#5450,#2816,.T.);
#6825=EDGE_CURVE('',#5458,#5457,#2817,.T.);
#6826=EDGE_CURVE('',#5452,#5458,#2818,.T.);
#6827=EDGE_CURVE('',#5455,#5458,#2819,.T.);
#6828=EDGE_CURVE('',#5407,#5434,#2820,.T.);
#6829=EDGE_CURVE('',#5454,#5433,#2821,.T.);
#6830=EDGE_CURVE('',#5456,#5394,#2822,.T.);
#6831=EDGE_CURVE('',#5459,#5460,#2823,.T.);
#6832=EDGE_CURVE('',#5461,#5459,#2824,.T.);
#6833=EDGE_CURVE('',#5461,#5462,#2825,.T.);
#6834=EDGE_CURVE('',#5462,#5463,#2826,.T.);
#6835=EDGE_CURVE('',#5463,#5464,#2827,.T.);
#6836=EDGE_CURVE('',#5464,#5460,#2828,.T.);
#6837=EDGE_CURVE('',#5465,#5466,#2829,.T.);
#6838=EDGE_CURVE('',#5466,#5464,#2830,.T.);
#6839=EDGE_CURVE('',#5465,#5463,#2831,.T.);
#6840=EDGE_CURVE('',#5467,#5465,#2832,.T.);
#6841=EDGE_CURVE('',#5467,#5462,#2833,.T.);
#6842=EDGE_CURVE('',#5468,#5467,#2834,.T.);
#6843=EDGE_CURVE('',#5468,#5461,#2835,.T.);
#6844=EDGE_CURVE('',#5460,#5469,#2836,.T.);
#6845=EDGE_CURVE('',#5466,#5469,#2837,.T.);
#6846=EDGE_CURVE('',#5470,#5471,#2838,.T.);
#6847=EDGE_CURVE('',#5471,#5447,#2839,.T.);
#6848=EDGE_CURVE('',#5446,#5469,#2840,.T.);
#6849=EDGE_CURVE('',#5472,#5468,#2841,.T.);
#6850=EDGE_CURVE('',#5473,#5472,#2842,.T.);
#6851=EDGE_CURVE('',#5473,#5474,#2843,.T.);
#6852=EDGE_CURVE('',#5470,#5474,#2844,.T.);
#6853=EDGE_CURVE('',#5474,#5448,#2845,.T.);
#6854=EDGE_CURVE('',#5400,#5473,#2846,.T.);
#6855=EDGE_CURVE('',#5470,#5431,#2847,.T.);
#6856=EDGE_CURVE('',#5472,#5411,#2848,.T.);
#6857=EDGE_CURVE('',#5412,#5475,#2849,.T.);
#6858=EDGE_CURVE('',#5475,#5476,#2850,.T.);
#6859=EDGE_CURVE('',#5476,#5401,#2851,.T.);
#6860=EDGE_CURVE('',#5477,#5471,#2852,.T.);
#6861=EDGE_CURVE('',#5435,#5477,#2853,.T.);
#6862=EDGE_CURVE('',#5478,#5410,#2854,.T.);
#6863=EDGE_CURVE('',#5479,#5478,#2855,.T.);
#6864=EDGE_CURVE('',#5424,#5479,#2856,.T.);
#6865=EDGE_CURVE('',#5480,#5423,#2857,.T.);
#6866=EDGE_CURVE('',#5481,#5480,#2858,.T.);
#6867=EDGE_CURVE('',#5445,#5481,#2859,.T.);
#6868=EDGE_CURVE('',#5413,#5459,#2860,.T.);
#6869=EDGE_CURVE('',#5482,#5442,#2861,.T.);
#6870=EDGE_CURVE('',#5482,#5483,#2862,.T.);
#6871=EDGE_CURVE('',#5420,#5483,#2863,.T.);
#6872=EDGE_CURVE('',#5414,#5421,#2864,.T.);
#6873=EDGE_CURVE('',#5478,#5476,#2865,.T.);
#6874=EDGE_CURVE('',#5475,#5479,#2866,.T.);
#6875=EDGE_CURVE('',#5481,#5482,#2867,.T.);
#6876=EDGE_CURVE('',#5477,#5427,#2868,.T.);
#6877=EDGE_CURVE('',#5480,#5483,#2869,.T.);
#6878=EDGE_CURVE('',#5484,#5485,#2870,.T.);
#6879=EDGE_CURVE('',#5485,#5485,#1788,.T.);
#6880=EDGE_CURVE('',#5486,#5486,#1789,.T.);
#6881=EDGE_CURVE('',#5486,#5487,#2871,.T.);
#6882=EDGE_CURVE('',#5488,#5489,#2872,.T.);
#6883=EDGE_CURVE('',#5490,#5488,#2873,.T.);
#6884=EDGE_CURVE('',#5490,#5491,#2874,.T.);
#6885=EDGE_CURVE('',#5489,#5491,#2875,.T.);
#6886=EDGE_CURVE('',#5492,#5493,#2876,.T.);
#6887=EDGE_CURVE('',#5494,#5492,#2877,.T.);
#6888=EDGE_CURVE('',#5495,#5494,#2878,.T.);
#6889=EDGE_CURVE('',#5493,#5495,#2879,.T.);
#6890=EDGE_CURVE('',#5496,#5497,#2880,.T.);
#6891=EDGE_CURVE('',#5498,#5496,#2881,.T.);
#6892=EDGE_CURVE('',#5499,#5498,#2882,.T.);
#6893=EDGE_CURVE('',#5500,#5499,#2883,.T.);
#6894=EDGE_CURVE('',#5497,#5500,#2884,.T.);
#6895=EDGE_CURVE('',#5499,#5490,#2885,.T.);
#6896=EDGE_CURVE('',#5491,#5498,#2886,.T.);
#6897=EDGE_CURVE('',#5489,#5501,#2887,.T.);
#6898=EDGE_CURVE('',#5502,#5496,#2888,.T.);
#6899=EDGE_CURVE('',#5502,#5501,#2889,.T.);
#6900=EDGE_CURVE('',#5497,#5503,#2890,.T.);
#6901=EDGE_CURVE('',#5504,#5503,#2891,.T.);
#6902=EDGE_CURVE('',#5504,#5502,#2892,.T.);
#6903=EDGE_CURVE('',#5503,#5500,#2893,.T.);
#6904=EDGE_CURVE('',#5505,#5506,#2894,.T.);
#6905=EDGE_CURVE('',#5507,#5505,#2895,.T.);
#6906=EDGE_CURVE('',#5507,#5508,#2896,.T.);
#6907=EDGE_CURVE('',#5506,#5508,#2897,.T.);
#6908=EDGE_CURVE('',#5509,#5510,#2898,.T.);
#6909=EDGE_CURVE('',#5511,#5509,#2899,.T.);
#6910=EDGE_CURVE('',#5512,#5511,#2900,.T.);
#6911=EDGE_CURVE('',#5513,#5512,#2901,.T.);
#6912=EDGE_CURVE('',#5510,#5513,#2902,.T.);
#6913=EDGE_CURVE('',#5512,#5514,#2903,.T.);
#6914=EDGE_CURVE('',#5515,#5511,#2904,.T.);
#6915=EDGE_CURVE('',#5514,#5515,#2905,.T.);
#6916=EDGE_CURVE('',#5516,#5510,#2906,.T.);
#6917=EDGE_CURVE('',#5509,#5516,#2907,.T.);
#6918=EDGE_CURVE('',#5517,#5513,#2908,.T.);
#6919=EDGE_CURVE('',#5517,#5518,#2909,.T.);
#6920=EDGE_CURVE('',#5518,#5516,#2910,.T.);
#6921=EDGE_CURVE('',#5519,#5519,#1790,.T.);
#6922=EDGE_CURVE('',#5519,#5520,#2911,.T.);
#6923=EDGE_CURVE('',#5520,#5520,#1791,.T.);
#6924=EDGE_CURVE('',#5521,#5522,#2912,.T.);
#6925=EDGE_CURVE('',#5523,#5521,#2913,.T.);
#6926=EDGE_CURVE('',#5523,#5524,#2914,.T.);
#6927=EDGE_CURVE('',#5522,#5524,#2915,.T.);
#6928=EDGE_CURVE('',#5525,#5523,#2916,.T.);
#6929=EDGE_CURVE('',#5525,#5526,#2917,.T.);
#6930=EDGE_CURVE('',#5524,#5526,#2918,.T.);
#6931=EDGE_CURVE('',#5527,#5526,#2919,.T.);
#6932=EDGE_CURVE('',#5528,#5527,#2920,.T.);
#6933=EDGE_CURVE('',#5528,#5529,#2921,.T.);
#6934=EDGE_CURVE('',#5529,#5522,#2922,.T.);
#6935=EDGE_CURVE('',#5530,#5530,#1792,.T.);
#6936=EDGE_CURVE('',#5530,#5531,#2923,.T.);
#6937=EDGE_CURVE('',#5531,#5531,#1793,.T.);
#6938=EDGE_CURVE('',#5532,#5533,#2924,.T.);
#6939=EDGE_CURVE('',#5534,#5532,#2925,.T.);
#6940=EDGE_CURVE('',#5534,#5535,#2926,.T.);
#6941=EDGE_CURVE('',#5533,#5535,#2927,.T.);
#6942=EDGE_CURVE('',#5536,#5534,#2928,.T.);
#6943=EDGE_CURVE('',#5536,#5537,#2929,.T.);
#6944=EDGE_CURVE('',#5535,#5537,#2930,.T.);
#6945=EDGE_CURVE('',#5538,#5533,#2931,.T.);
#6946=EDGE_CURVE('',#5538,#5539,#2932,.T.);
#6947=EDGE_CURVE('',#5539,#5532,#2933,.T.);
#6948=EDGE_CURVE('',#5537,#5540,#2934,.T.);
#6949=EDGE_CURVE('',#5541,#5540,#2935,.T.);
#6950=EDGE_CURVE('',#5541,#5538,#2936,.T.);
#6951=EDGE_CURVE('',#5542,#5543,#2937,.T.);
#6952=EDGE_CURVE('',#5544,#5542,#2938,.T.);
#6953=EDGE_CURVE('',#5544,#5545,#2939,.T.);
#6954=EDGE_CURVE('',#5545,#5546,#2940,.T.);
#6955=EDGE_CURVE('',#5546,#5547,#2941,.T.);
#6956=EDGE_CURVE('',#5547,#5543,#2942,.T.);
#6957=EDGE_CURVE('',#5543,#5548,#2943,.T.);
#6958=EDGE_CURVE('',#5547,#5549,#2944,.T.);
#6959=EDGE_CURVE('',#5548,#5549,#2945,.T.);
#6960=EDGE_CURVE('',#5493,#5550,#2946,.T.);
#6961=EDGE_CURVE('',#5551,#5550,#2947,.T.);
#6962=EDGE_CURVE('',#5545,#5551,#2948,.T.);
#6963=EDGE_CURVE('',#5492,#5544,#2949,.T.);
#6964=EDGE_CURVE('',#5552,#5551,#2950,.T.);
#6965=EDGE_CURVE('',#5546,#5552,#2951,.T.);
#6966=EDGE_CURVE('',#5549,#5552,#2952,.T.);
#6967=EDGE_CURVE('',#5501,#5528,#2953,.T.);
#6968=EDGE_CURVE('',#5548,#5527,#2954,.T.);
#6969=EDGE_CURVE('',#5550,#5488,#2955,.T.);
#6970=EDGE_CURVE('',#5553,#5554,#2956,.T.);
#6971=EDGE_CURVE('',#5555,#5553,#2957,.T.);
#6972=EDGE_CURVE('',#5555,#5556,#2958,.T.);
#6973=EDGE_CURVE('',#5556,#5557,#2959,.T.);
#6974=EDGE_CURVE('',#5557,#5558,#2960,.T.);
#6975=EDGE_CURVE('',#5558,#5554,#2961,.T.);
#6976=EDGE_CURVE('',#5559,#5560,#2962,.T.);
#6977=EDGE_CURVE('',#5560,#5558,#2963,.T.);
#6978=EDGE_CURVE('',#5559,#5557,#2964,.T.);
#6979=EDGE_CURVE('',#5561,#5559,#2965,.T.);
#6980=EDGE_CURVE('',#5561,#5556,#2966,.T.);
#6981=EDGE_CURVE('',#5562,#5561,#2967,.T.);
#6982=EDGE_CURVE('',#5562,#5555,#2968,.T.);
#6983=EDGE_CURVE('',#5554,#5563,#2969,.T.);
#6984=EDGE_CURVE('',#5560,#5563,#2970,.T.);
#6985=EDGE_CURVE('',#5564,#5565,#2971,.T.);
#6986=EDGE_CURVE('',#5565,#5541,#2972,.T.);
#6987=EDGE_CURVE('',#5540,#5563,#2973,.T.);
#6988=EDGE_CURVE('',#5566,#5562,#2974,.T.);
#6989=EDGE_CURVE('',#5567,#5566,#2975,.T.);
#6990=EDGE_CURVE('',#5567,#5568,#2976,.T.);
#6991=EDGE_CURVE('',#5564,#5568,#2977,.T.);
#6992=EDGE_CURVE('',#5568,#5542,#2978,.T.);
#6993=EDGE_CURVE('',#5494,#5567,#2979,.T.);
#6994=EDGE_CURVE('',#5564,#5525,#2980,.T.);
#6995=EDGE_CURVE('',#5566,#5505,#2981,.T.);
#6996=EDGE_CURVE('',#5506,#5569,#2982,.T.);
#6997=EDGE_CURVE('',#5569,#5570,#2983,.T.);
#6998=EDGE_CURVE('',#5570,#5495,#2984,.T.);
#6999=EDGE_CURVE('',#5571,#5565,#2985,.T.);
#7000=EDGE_CURVE('',#5529,#5571,#2986,.T.);
#7001=EDGE_CURVE('',#5572,#5504,#2987,.T.);
#7002=EDGE_CURVE('',#5573,#5572,#2988,.T.);
#7003=EDGE_CURVE('',#5518,#5573,#2989,.T.);
#7004=EDGE_CURVE('',#5574,#5517,#2990,.T.);
#7005=EDGE_CURVE('',#5575,#5574,#2991,.T.);
#7006=EDGE_CURVE('',#5539,#5575,#2992,.T.);
#7007=EDGE_CURVE('',#5507,#5553,#2993,.T.);
#7008=EDGE_CURVE('',#5576,#5536,#2994,.T.);
#7009=EDGE_CURVE('',#5576,#5577,#2995,.T.);
#7010=EDGE_CURVE('',#5514,#5577,#2996,.T.);
#7011=EDGE_CURVE('',#5508,#5515,#2997,.T.);
#7012=EDGE_CURVE('',#5572,#5570,#2998,.T.);
#7013=EDGE_CURVE('',#5569,#5573,#2999,.T.);
#7014=EDGE_CURVE('',#5575,#5576,#3000,.T.);
#7015=EDGE_CURVE('',#5571,#5521,#3001,.T.);
#7016=EDGE_CURVE('',#5574,#5577,#3002,.T.);
#7017=EDGE_CURVE('',#5578,#5579,#3003,.T.);
#7018=EDGE_CURVE('',#5579,#5579,#1794,.T.);
#7019=EDGE_CURVE('',#5580,#5580,#1795,.T.);
#7020=EDGE_CURVE('',#5580,#5581,#3004,.T.);
#7021=EDGE_CURVE('',#5582,#5583,#3005,.T.);
#7022=EDGE_CURVE('',#5584,#5582,#3006,.T.);
#7023=EDGE_CURVE('',#5584,#5585,#3007,.T.);
#7024=EDGE_CURVE('',#5583,#5585,#3008,.T.);
#7025=EDGE_CURVE('',#5586,#5587,#3009,.T.);
#7026=EDGE_CURVE('',#5588,#5586,#3010,.T.);
#7027=EDGE_CURVE('',#5589,#5588,#3011,.T.);
#7028=EDGE_CURVE('',#5587,#5589,#3012,.T.);
#7029=EDGE_CURVE('',#5590,#5591,#3013,.T.);
#7030=EDGE_CURVE('',#5592,#5590,#3014,.T.);
#7031=EDGE_CURVE('',#5593,#5592,#3015,.T.);
#7032=EDGE_CURVE('',#5594,#5593,#3016,.T.);
#7033=EDGE_CURVE('',#5591,#5594,#3017,.T.);
#7034=EDGE_CURVE('',#5593,#5584,#3018,.T.);
#7035=EDGE_CURVE('',#5585,#5592,#3019,.T.);
#7036=EDGE_CURVE('',#5583,#5595,#3020,.T.);
#7037=EDGE_CURVE('',#5596,#5590,#3021,.T.);
#7038=EDGE_CURVE('',#5596,#5595,#3022,.T.);
#7039=EDGE_CURVE('',#5591,#5597,#3023,.T.);
#7040=EDGE_CURVE('',#5598,#5597,#3024,.T.);
#7041=EDGE_CURVE('',#5598,#5596,#3025,.T.);
#7042=EDGE_CURVE('',#5597,#5594,#3026,.T.);
#7043=EDGE_CURVE('',#5599,#5600,#3027,.T.);
#7044=EDGE_CURVE('',#5601,#5599,#3028,.T.);
#7045=EDGE_CURVE('',#5601,#5602,#3029,.T.);
#7046=EDGE_CURVE('',#5600,#5602,#3030,.T.);
#7047=EDGE_CURVE('',#5603,#5604,#3031,.T.);
#7048=EDGE_CURVE('',#5605,#5603,#3032,.T.);
#7049=EDGE_CURVE('',#5606,#5605,#3033,.T.);
#7050=EDGE_CURVE('',#5607,#5606,#3034,.T.);
#7051=EDGE_CURVE('',#5604,#5607,#3035,.T.);
#7052=EDGE_CURVE('',#5606,#5608,#3036,.T.);
#7053=EDGE_CURVE('',#5609,#5605,#3037,.T.);
#7054=EDGE_CURVE('',#5608,#5609,#3038,.T.);
#7055=EDGE_CURVE('',#5610,#5604,#3039,.T.);
#7056=EDGE_CURVE('',#5603,#5610,#3040,.T.);
#7057=EDGE_CURVE('',#5611,#5607,#3041,.T.);
#7058=EDGE_CURVE('',#5611,#5612,#3042,.T.);
#7059=EDGE_CURVE('',#5612,#5610,#3043,.T.);
#7060=EDGE_CURVE('',#5613,#5613,#1796,.T.);
#7061=EDGE_CURVE('',#5613,#5614,#3044,.T.);
#7062=EDGE_CURVE('',#5614,#5614,#1797,.T.);
#7063=EDGE_CURVE('',#5615,#5616,#3045,.T.);
#7064=EDGE_CURVE('',#5617,#5615,#3046,.T.);
#7065=EDGE_CURVE('',#5617,#5618,#3047,.T.);
#7066=EDGE_CURVE('',#5616,#5618,#3048,.T.);
#7067=EDGE_CURVE('',#5619,#5617,#3049,.T.);
#7068=EDGE_CURVE('',#5619,#5620,#3050,.T.);
#7069=EDGE_CURVE('',#5618,#5620,#3051,.T.);
#7070=EDGE_CURVE('',#5621,#5620,#3052,.T.);
#7071=EDGE_CURVE('',#5622,#5621,#3053,.T.);
#7072=EDGE_CURVE('',#5622,#5623,#3054,.T.);
#7073=EDGE_CURVE('',#5623,#5616,#3055,.T.);
#7074=EDGE_CURVE('',#5624,#5624,#1798,.T.);
#7075=EDGE_CURVE('',#5624,#5625,#3056,.T.);
#7076=EDGE_CURVE('',#5625,#5625,#1799,.T.);
#7077=EDGE_CURVE('',#5626,#5627,#3057,.T.);
#7078=EDGE_CURVE('',#5628,#5626,#3058,.T.);
#7079=EDGE_CURVE('',#5628,#5629,#3059,.T.);
#7080=EDGE_CURVE('',#5627,#5629,#3060,.T.);
#7081=EDGE_CURVE('',#5630,#5628,#3061,.T.);
#7082=EDGE_CURVE('',#5630,#5631,#3062,.T.);
#7083=EDGE_CURVE('',#5629,#5631,#3063,.T.);
#7084=EDGE_CURVE('',#5632,#5627,#3064,.T.);
#7085=EDGE_CURVE('',#5632,#5633,#3065,.T.);
#7086=EDGE_CURVE('',#5633,#5626,#3066,.T.);
#7087=EDGE_CURVE('',#5631,#5634,#3067,.T.);
#7088=EDGE_CURVE('',#5635,#5634,#3068,.T.);
#7089=EDGE_CURVE('',#5635,#5632,#3069,.T.);
#7090=EDGE_CURVE('',#5636,#5637,#3070,.T.);
#7091=EDGE_CURVE('',#5638,#5636,#3071,.T.);
#7092=EDGE_CURVE('',#5638,#5639,#3072,.T.);
#7093=EDGE_CURVE('',#5639,#5640,#3073,.T.);
#7094=EDGE_CURVE('',#5640,#5641,#3074,.T.);
#7095=EDGE_CURVE('',#5641,#5637,#3075,.T.);
#7096=EDGE_CURVE('',#5637,#5642,#3076,.T.);
#7097=EDGE_CURVE('',#5641,#5643,#3077,.T.);
#7098=EDGE_CURVE('',#5642,#5643,#3078,.T.);
#7099=EDGE_CURVE('',#5587,#5644,#3079,.T.);
#7100=EDGE_CURVE('',#5645,#5644,#3080,.T.);
#7101=EDGE_CURVE('',#5639,#5645,#3081,.T.);
#7102=EDGE_CURVE('',#5586,#5638,#3082,.T.);
#7103=EDGE_CURVE('',#5646,#5645,#3083,.T.);
#7104=EDGE_CURVE('',#5640,#5646,#3084,.T.);
#7105=EDGE_CURVE('',#5643,#5646,#3085,.T.);
#7106=EDGE_CURVE('',#5595,#5622,#3086,.T.);
#7107=EDGE_CURVE('',#5642,#5621,#3087,.T.);
#7108=EDGE_CURVE('',#5644,#5582,#3088,.T.);
#7109=EDGE_CURVE('',#5647,#5648,#3089,.T.);
#7110=EDGE_CURVE('',#5649,#5647,#3090,.T.);
#7111=EDGE_CURVE('',#5649,#5650,#3091,.T.);
#7112=EDGE_CURVE('',#5650,#5651,#3092,.T.);
#7113=EDGE_CURVE('',#5651,#5652,#3093,.T.);
#7114=EDGE_CURVE('',#5652,#5648,#3094,.T.);
#7115=EDGE_CURVE('',#5653,#5654,#3095,.T.);
#7116=EDGE_CURVE('',#5654,#5652,#3096,.T.);
#7117=EDGE_CURVE('',#5653,#5651,#3097,.T.);
#7118=EDGE_CURVE('',#5655,#5653,#3098,.T.);
#7119=EDGE_CURVE('',#5655,#5650,#3099,.T.);
#7120=EDGE_CURVE('',#5656,#5655,#3100,.T.);
#7121=EDGE_CURVE('',#5656,#5649,#3101,.T.);
#7122=EDGE_CURVE('',#5648,#5657,#3102,.T.);
#7123=EDGE_CURVE('',#5654,#5657,#3103,.T.);
#7124=EDGE_CURVE('',#5658,#5659,#3104,.T.);
#7125=EDGE_CURVE('',#5659,#5635,#3105,.T.);
#7126=EDGE_CURVE('',#5634,#5657,#3106,.T.);
#7127=EDGE_CURVE('',#5660,#5656,#3107,.T.);
#7128=EDGE_CURVE('',#5661,#5660,#3108,.T.);
#7129=EDGE_CURVE('',#5661,#5662,#3109,.T.);
#7130=EDGE_CURVE('',#5658,#5662,#3110,.T.);
#7131=EDGE_CURVE('',#5662,#5636,#3111,.T.);
#7132=EDGE_CURVE('',#5588,#5661,#3112,.T.);
#7133=EDGE_CURVE('',#5658,#5619,#3113,.T.);
#7134=EDGE_CURVE('',#5660,#5599,#3114,.T.);
#7135=EDGE_CURVE('',#5600,#5663,#3115,.T.);
#7136=EDGE_CURVE('',#5663,#5664,#3116,.T.);
#7137=EDGE_CURVE('',#5664,#5589,#3117,.T.);
#7138=EDGE_CURVE('',#5665,#5659,#3118,.T.);
#7139=EDGE_CURVE('',#5623,#5665,#3119,.T.);
#7140=EDGE_CURVE('',#5666,#5598,#3120,.T.);
#7141=EDGE_CURVE('',#5667,#5666,#3121,.T.);
#7142=EDGE_CURVE('',#5612,#5667,#3122,.T.);
#7143=EDGE_CURVE('',#5668,#5611,#3123,.T.);
#7144=EDGE_CURVE('',#5669,#5668,#3124,.T.);
#7145=EDGE_CURVE('',#5633,#5669,#3125,.T.);
#7146=EDGE_CURVE('',#5601,#5647,#3126,.T.);
#7147=EDGE_CURVE('',#5670,#5630,#3127,.T.);
#7148=EDGE_CURVE('',#5670,#5671,#3128,.T.);
#7149=EDGE_CURVE('',#5608,#5671,#3129,.T.);
#7150=EDGE_CURVE('',#5602,#5609,#3130,.T.);
#7151=EDGE_CURVE('',#5666,#5664,#3131,.T.);
#7152=EDGE_CURVE('',#5663,#5667,#3132,.T.);
#7153=EDGE_CURVE('',#5669,#5670,#3133,.T.);
#7154=EDGE_CURVE('',#5665,#5615,#3134,.T.);
#7155=EDGE_CURVE('',#5668,#5671,#3135,.T.);
#7156=EDGE_CURVE('',#5672,#5673,#3136,.T.);
#7157=EDGE_CURVE('',#5673,#5673,#1800,.T.);
#7158=EDGE_CURVE('',#5674,#5674,#1801,.T.);
#7159=EDGE_CURVE('',#5674,#5675,#3137,.T.);
#7160=EDGE_CURVE('',#5676,#5677,#3138,.T.);
#7161=EDGE_CURVE('',#5678,#5676,#3139,.T.);
#7162=EDGE_CURVE('',#5678,#5679,#3140,.T.);
#7163=EDGE_CURVE('',#5677,#5679,#3141,.T.);
#7164=EDGE_CURVE('',#5680,#5681,#3142,.T.);
#7165=EDGE_CURVE('',#5682,#5680,#3143,.T.);
#7166=EDGE_CURVE('',#5683,#5682,#3144,.T.);
#7167=EDGE_CURVE('',#5681,#5683,#3145,.T.);
#7168=EDGE_CURVE('',#5684,#5685,#3146,.T.);
#7169=EDGE_CURVE('',#5686,#5684,#3147,.T.);
#7170=EDGE_CURVE('',#5687,#5686,#3148,.T.);
#7171=EDGE_CURVE('',#5688,#5687,#3149,.T.);
#7172=EDGE_CURVE('',#5685,#5688,#3150,.T.);
#7173=EDGE_CURVE('',#5687,#5678,#3151,.T.);
#7174=EDGE_CURVE('',#5679,#5686,#3152,.T.);
#7175=EDGE_CURVE('',#5677,#5689,#3153,.T.);
#7176=EDGE_CURVE('',#5690,#5684,#3154,.T.);
#7177=EDGE_CURVE('',#5690,#5689,#3155,.T.);
#7178=EDGE_CURVE('',#5685,#5691,#3156,.T.);
#7179=EDGE_CURVE('',#5692,#5691,#3157,.T.);
#7180=EDGE_CURVE('',#5692,#5690,#3158,.T.);
#7181=EDGE_CURVE('',#5691,#5688,#3159,.T.);
#7182=EDGE_CURVE('',#5693,#5694,#3160,.T.);
#7183=EDGE_CURVE('',#5695,#5693,#3161,.T.);
#7184=EDGE_CURVE('',#5695,#5696,#3162,.T.);
#7185=EDGE_CURVE('',#5694,#5696,#3163,.T.);
#7186=EDGE_CURVE('',#5697,#5698,#3164,.T.);
#7187=EDGE_CURVE('',#5699,#5697,#3165,.T.);
#7188=EDGE_CURVE('',#5700,#5699,#3166,.T.);
#7189=EDGE_CURVE('',#5701,#5700,#3167,.T.);
#7190=EDGE_CURVE('',#5698,#5701,#3168,.T.);
#7191=EDGE_CURVE('',#5700,#5702,#3169,.T.);
#7192=EDGE_CURVE('',#5703,#5699,#3170,.T.);
#7193=EDGE_CURVE('',#5702,#5703,#3171,.T.);
#7194=EDGE_CURVE('',#5704,#5698,#3172,.T.);
#7195=EDGE_CURVE('',#5697,#5704,#3173,.T.);
#7196=EDGE_CURVE('',#5705,#5701,#3174,.T.);
#7197=EDGE_CURVE('',#5705,#5706,#3175,.T.);
#7198=EDGE_CURVE('',#5706,#5704,#3176,.T.);
#7199=EDGE_CURVE('',#5707,#5707,#1802,.T.);
#7200=EDGE_CURVE('',#5707,#5708,#3177,.T.);
#7201=EDGE_CURVE('',#5708,#5708,#1803,.T.);
#7202=EDGE_CURVE('',#5709,#5710,#3178,.T.);
#7203=EDGE_CURVE('',#5711,#5709,#3179,.T.);
#7204=EDGE_CURVE('',#5711,#5712,#3180,.T.);
#7205=EDGE_CURVE('',#5710,#5712,#3181,.T.);
#7206=EDGE_CURVE('',#5713,#5711,#3182,.T.);
#7207=EDGE_CURVE('',#5713,#5714,#3183,.T.);
#7208=EDGE_CURVE('',#5712,#5714,#3184,.T.);
#7209=EDGE_CURVE('',#5715,#5714,#3185,.T.);
#7210=EDGE_CURVE('',#5716,#5715,#3186,.T.);
#7211=EDGE_CURVE('',#5716,#5717,#3187,.T.);
#7212=EDGE_CURVE('',#5717,#5710,#3188,.T.);
#7213=EDGE_CURVE('',#5718,#5718,#1804,.T.);
#7214=EDGE_CURVE('',#5718,#5719,#3189,.T.);
#7215=EDGE_CURVE('',#5719,#5719,#1805,.T.);
#7216=EDGE_CURVE('',#5720,#5721,#3190,.T.);
#7217=EDGE_CURVE('',#5722,#5720,#3191,.T.);
#7218=EDGE_CURVE('',#5722,#5723,#3192,.T.);
#7219=EDGE_CURVE('',#5721,#5723,#3193,.T.);
#7220=EDGE_CURVE('',#5724,#5722,#3194,.T.);
#7221=EDGE_CURVE('',#5724,#5725,#3195,.T.);
#7222=EDGE_CURVE('',#5723,#5725,#3196,.T.);
#7223=EDGE_CURVE('',#5726,#5721,#3197,.T.);
#7224=EDGE_CURVE('',#5726,#5727,#3198,.T.);
#7225=EDGE_CURVE('',#5727,#5720,#3199,.T.);
#7226=EDGE_CURVE('',#5725,#5728,#3200,.T.);
#7227=EDGE_CURVE('',#5729,#5728,#3201,.T.);
#7228=EDGE_CURVE('',#5729,#5726,#3202,.T.);
#7229=EDGE_CURVE('',#5730,#5731,#3203,.T.);
#7230=EDGE_CURVE('',#5732,#5730,#3204,.T.);
#7231=EDGE_CURVE('',#5732,#5733,#3205,.T.);
#7232=EDGE_CURVE('',#5733,#5734,#3206,.T.);
#7233=EDGE_CURVE('',#5734,#5735,#3207,.T.);
#7234=EDGE_CURVE('',#5735,#5731,#3208,.T.);
#7235=EDGE_CURVE('',#5731,#5736,#3209,.T.);
#7236=EDGE_CURVE('',#5735,#5737,#3210,.T.);
#7237=EDGE_CURVE('',#5736,#5737,#3211,.T.);
#7238=EDGE_CURVE('',#5681,#5738,#3212,.T.);
#7239=EDGE_CURVE('',#5739,#5738,#3213,.T.);
#7240=EDGE_CURVE('',#5733,#5739,#3214,.T.);
#7241=EDGE_CURVE('',#5680,#5732,#3215,.T.);
#7242=EDGE_CURVE('',#5740,#5739,#3216,.T.);
#7243=EDGE_CURVE('',#5734,#5740,#3217,.T.);
#7244=EDGE_CURVE('',#5737,#5740,#3218,.T.);
#7245=EDGE_CURVE('',#5689,#5716,#3219,.T.);
#7246=EDGE_CURVE('',#5736,#5715,#3220,.T.);
#7247=EDGE_CURVE('',#5738,#5676,#3221,.T.);
#7248=EDGE_CURVE('',#5741,#5742,#3222,.T.);
#7249=EDGE_CURVE('',#5743,#5741,#3223,.T.);
#7250=EDGE_CURVE('',#5743,#5744,#3224,.T.);
#7251=EDGE_CURVE('',#5744,#5745,#3225,.T.);
#7252=EDGE_CURVE('',#5745,#5746,#3226,.T.);
#7253=EDGE_CURVE('',#5746,#5742,#3227,.T.);
#7254=EDGE_CURVE('',#5747,#5748,#3228,.T.);
#7255=EDGE_CURVE('',#5748,#5746,#3229,.T.);
#7256=EDGE_CURVE('',#5747,#5745,#3230,.T.);
#7257=EDGE_CURVE('',#5749,#5747,#3231,.T.);
#7258=EDGE_CURVE('',#5749,#5744,#3232,.T.);
#7259=EDGE_CURVE('',#5750,#5749,#3233,.T.);
#7260=EDGE_CURVE('',#5750,#5743,#3234,.T.);
#7261=EDGE_CURVE('',#5742,#5751,#3235,.T.);
#7262=EDGE_CURVE('',#5748,#5751,#3236,.T.);
#7263=EDGE_CURVE('',#5752,#5753,#3237,.T.);
#7264=EDGE_CURVE('',#5753,#5729,#3238,.T.);
#7265=EDGE_CURVE('',#5728,#5751,#3239,.T.);
#7266=EDGE_CURVE('',#5754,#5750,#3240,.T.);
#7267=EDGE_CURVE('',#5755,#5754,#3241,.T.);
#7268=EDGE_CURVE('',#5755,#5756,#3242,.T.);
#7269=EDGE_CURVE('',#5752,#5756,#3243,.T.);
#7270=EDGE_CURVE('',#5756,#5730,#3244,.T.);
#7271=EDGE_CURVE('',#5682,#5755,#3245,.T.);
#7272=EDGE_CURVE('',#5752,#5713,#3246,.T.);
#7273=EDGE_CURVE('',#5754,#5693,#3247,.T.);
#7274=EDGE_CURVE('',#5694,#5757,#3248,.T.);
#7275=EDGE_CURVE('',#5757,#5758,#3249,.T.);
#7276=EDGE_CURVE('',#5758,#5683,#3250,.T.);
#7277=EDGE_CURVE('',#5759,#5753,#3251,.T.);
#7278=EDGE_CURVE('',#5717,#5759,#3252,.T.);
#7279=EDGE_CURVE('',#5760,#5692,#3253,.T.);
#7280=EDGE_CURVE('',#5761,#5760,#3254,.T.);
#7281=EDGE_CURVE('',#5706,#5761,#3255,.T.);
#7282=EDGE_CURVE('',#5762,#5705,#3256,.T.);
#7283=EDGE_CURVE('',#5763,#5762,#3257,.T.);
#7284=EDGE_CURVE('',#5727,#5763,#3258,.T.);
#7285=EDGE_CURVE('',#5695,#5741,#3259,.T.);
#7286=EDGE_CURVE('',#5764,#5724,#3260,.T.);
#7287=EDGE_CURVE('',#5764,#5765,#3261,.T.);
#7288=EDGE_CURVE('',#5702,#5765,#3262,.T.);
#7289=EDGE_CURVE('',#5696,#5703,#3263,.T.);
#7290=EDGE_CURVE('',#5760,#5758,#3264,.T.);
#7291=EDGE_CURVE('',#5757,#5761,#3265,.T.);
#7292=EDGE_CURVE('',#5763,#5764,#3266,.T.);
#7293=EDGE_CURVE('',#5759,#5709,#3267,.T.);
#7294=EDGE_CURVE('',#5762,#5765,#3268,.T.);
#7295=ORIENTED_EDGE('',*,*,#5766,.T.);
#7296=ORIENTED_EDGE('',*,*,#5767,.F.);
#7297=ORIENTED_EDGE('',*,*,#5766,.F.);
#7298=ORIENTED_EDGE('',*,*,#5768,.F.);
#7299=ORIENTED_EDGE('',*,*,#5769,.T.);
#7300=ORIENTED_EDGE('',*,*,#5769,.F.);
#7301=ORIENTED_EDGE('',*,*,#5770,.F.);
#7302=ORIENTED_EDGE('',*,*,#5771,.F.);
#7303=ORIENTED_EDGE('',*,*,#5772,.T.);
#7304=ORIENTED_EDGE('',*,*,#5773,.F.);
#7305=ORIENTED_EDGE('',*,*,#5774,.F.);
#7306=ORIENTED_EDGE('',*,*,#5775,.F.);
#7307=ORIENTED_EDGE('',*,*,#5776,.F.);
#7308=ORIENTED_EDGE('',*,*,#5777,.F.);
#7309=ORIENTED_EDGE('',*,*,#5778,.F.);
#7310=ORIENTED_EDGE('',*,*,#5779,.F.);
#7311=ORIENTED_EDGE('',*,*,#5780,.F.);
#7312=ORIENTED_EDGE('',*,*,#5781,.F.);
#7313=ORIENTED_EDGE('',*,*,#5782,.F.);
#7314=ORIENTED_EDGE('',*,*,#5783,.F.);
#7315=ORIENTED_EDGE('',*,*,#5780,.T.);
#7316=ORIENTED_EDGE('',*,*,#5784,.F.);
#7317=ORIENTED_EDGE('',*,*,#5772,.F.);
#7318=ORIENTED_EDGE('',*,*,#5785,.F.);
#7319=ORIENTED_EDGE('',*,*,#5773,.T.);
#7320=ORIENTED_EDGE('',*,*,#5784,.T.);
#7321=ORIENTED_EDGE('',*,*,#5779,.T.);
#7322=ORIENTED_EDGE('',*,*,#5786,.F.);
#7323=ORIENTED_EDGE('',*,*,#5787,.T.);
#7324=ORIENTED_EDGE('',*,*,#5767,.T.);
#7325=ORIENTED_EDGE('',*,*,#5778,.T.);
#7326=ORIENTED_EDGE('',*,*,#5788,.T.);
#7327=ORIENTED_EDGE('',*,*,#5789,.F.);
#7328=ORIENTED_EDGE('',*,*,#5790,.T.);
#7329=ORIENTED_EDGE('',*,*,#5786,.T.);
#7330=ORIENTED_EDGE('',*,*,#5782,.T.);
#7331=ORIENTED_EDGE('',*,*,#5791,.F.);
#7332=ORIENTED_EDGE('',*,*,#5788,.F.);
#7333=ORIENTED_EDGE('',*,*,#5792,.F.);
#7334=ORIENTED_EDGE('',*,*,#5793,.F.);
#7335=ORIENTED_EDGE('',*,*,#5794,.T.);
#7336=ORIENTED_EDGE('',*,*,#5795,.F.);
#7337=ORIENTED_EDGE('',*,*,#5796,.F.);
#7338=ORIENTED_EDGE('',*,*,#5797,.F.);
#7339=ORIENTED_EDGE('',*,*,#5798,.F.);
#7340=ORIENTED_EDGE('',*,*,#5799,.F.);
#7341=ORIENTED_EDGE('',*,*,#5800,.F.);
#7342=ORIENTED_EDGE('',*,*,#5801,.F.);
#7343=ORIENTED_EDGE('',*,*,#5798,.T.);
#7344=ORIENTED_EDGE('',*,*,#5802,.F.);
#7345=ORIENTED_EDGE('',*,*,#5803,.F.);
#7346=ORIENTED_EDGE('',*,*,#5796,.T.);
#7347=ORIENTED_EDGE('',*,*,#5804,.F.);
#7348=ORIENTED_EDGE('',*,*,#5805,.F.);
#7349=ORIENTED_EDGE('',*,*,#5800,.T.);
#7350=ORIENTED_EDGE('',*,*,#5806,.F.);
#7351=ORIENTED_EDGE('',*,*,#5807,.T.);
#7352=ORIENTED_EDGE('',*,*,#5808,.T.);
#7353=ORIENTED_EDGE('',*,*,#5804,.T.);
#7354=ORIENTED_EDGE('',*,*,#5809,.F.);
#7355=ORIENTED_EDGE('',*,*,#5810,.T.);
#7356=ORIENTED_EDGE('',*,*,#5811,.F.);
#7357=ORIENTED_EDGE('',*,*,#5810,.F.);
#7358=ORIENTED_EDGE('',*,*,#5812,.F.);
#7359=ORIENTED_EDGE('',*,*,#5813,.F.);
#7360=ORIENTED_EDGE('',*,*,#5814,.T.);
#7361=ORIENTED_EDGE('',*,*,#5815,.F.);
#7362=ORIENTED_EDGE('',*,*,#5816,.F.);
#7363=ORIENTED_EDGE('',*,*,#5817,.T.);
#7364=ORIENTED_EDGE('',*,*,#5818,.F.);
#7365=ORIENTED_EDGE('',*,*,#5814,.F.);
#7366=ORIENTED_EDGE('',*,*,#5815,.T.);
#7367=ORIENTED_EDGE('',*,*,#5818,.T.);
#7368=ORIENTED_EDGE('',*,*,#5819,.F.);
#7369=ORIENTED_EDGE('',*,*,#5820,.F.);
#7370=ORIENTED_EDGE('',*,*,#5821,.T.);
#7371=ORIENTED_EDGE('',*,*,#5822,.T.);
#7372=ORIENTED_EDGE('',*,*,#5811,.T.);
#7373=ORIENTED_EDGE('',*,*,#5823,.F.);
#7374=ORIENTED_EDGE('',*,*,#5824,.T.);
#7375=ORIENTED_EDGE('',*,*,#5825,.F.);
#7376=ORIENTED_EDGE('',*,*,#5824,.F.);
#7377=ORIENTED_EDGE('',*,*,#5826,.F.);
#7378=ORIENTED_EDGE('',*,*,#5827,.F.);
#7379=ORIENTED_EDGE('',*,*,#5828,.T.);
#7380=ORIENTED_EDGE('',*,*,#5829,.F.);
#7381=ORIENTED_EDGE('',*,*,#5830,.F.);
#7382=ORIENTED_EDGE('',*,*,#5831,.T.);
#7383=ORIENTED_EDGE('',*,*,#5832,.F.);
#7384=ORIENTED_EDGE('',*,*,#5828,.F.);
#7385=ORIENTED_EDGE('',*,*,#5826,.T.);
#7386=ORIENTED_EDGE('',*,*,#5833,.F.);
#7387=ORIENTED_EDGE('',*,*,#5834,.T.);
#7388=ORIENTED_EDGE('',*,*,#5835,.T.);
#7389=ORIENTED_EDGE('',*,*,#5829,.T.);
#7390=ORIENTED_EDGE('',*,*,#5832,.T.);
#7391=ORIENTED_EDGE('',*,*,#5836,.T.);
#7392=ORIENTED_EDGE('',*,*,#5837,.F.);
#7393=ORIENTED_EDGE('',*,*,#5838,.T.);
#7394=ORIENTED_EDGE('',*,*,#5833,.T.);
#7395=ORIENTED_EDGE('',*,*,#5823,.T.);
#7396=ORIENTED_EDGE('',*,*,#5839,.F.);
#7397=ORIENTED_EDGE('',*,*,#5840,.F.);
#7398=ORIENTED_EDGE('',*,*,#5841,.T.);
#7399=ORIENTED_EDGE('',*,*,#5842,.T.);
#7400=ORIENTED_EDGE('',*,*,#5843,.T.);
#7401=ORIENTED_EDGE('',*,*,#5844,.T.);
#7402=ORIENTED_EDGE('',*,*,#5845,.F.);
#7403=ORIENTED_EDGE('',*,*,#5844,.F.);
#7404=ORIENTED_EDGE('',*,*,#5846,.T.);
#7405=ORIENTED_EDGE('',*,*,#5847,.F.);
#7406=ORIENTED_EDGE('',*,*,#5848,.T.);
#7407=ORIENTED_EDGE('',*,*,#5849,.F.);
#7408=ORIENTED_EDGE('',*,*,#5850,.F.);
#7409=ORIENTED_EDGE('',*,*,#5841,.F.);
#7410=ORIENTED_EDGE('',*,*,#5851,.F.);
#7411=ORIENTED_EDGE('',*,*,#5774,.T.);
#7412=ORIENTED_EDGE('',*,*,#5842,.F.);
#7413=ORIENTED_EDGE('',*,*,#5850,.T.);
#7414=ORIENTED_EDGE('',*,*,#5852,.F.);
#7415=ORIENTED_EDGE('',*,*,#5853,.F.);
#7416=ORIENTED_EDGE('',*,*,#5843,.F.);
#7417=ORIENTED_EDGE('',*,*,#5853,.T.);
#7418=ORIENTED_EDGE('',*,*,#5854,.F.);
#7419=ORIENTED_EDGE('',*,*,#5846,.F.);
#7420=ORIENTED_EDGE('',*,*,#5785,.T.);
#7421=ORIENTED_EDGE('',*,*,#5855,.T.);
#7422=ORIENTED_EDGE('',*,*,#5820,.T.);
#7423=ORIENTED_EDGE('',*,*,#5856,.F.);
#7424=ORIENTED_EDGE('',*,*,#5847,.T.);
#7425=ORIENTED_EDGE('',*,*,#5854,.T.);
#7426=ORIENTED_EDGE('',*,*,#5852,.T.);
#7427=ORIENTED_EDGE('',*,*,#5849,.T.);
#7428=ORIENTED_EDGE('',*,*,#5857,.T.);
#7429=ORIENTED_EDGE('',*,*,#5770,.T.);
#7430=ORIENTED_EDGE('',*,*,#5858,.F.);
#7431=ORIENTED_EDGE('',*,*,#5859,.F.);
#7432=ORIENTED_EDGE('',*,*,#5860,.T.);
#7433=ORIENTED_EDGE('',*,*,#5861,.T.);
#7434=ORIENTED_EDGE('',*,*,#5862,.T.);
#7435=ORIENTED_EDGE('',*,*,#5863,.T.);
#7436=ORIENTED_EDGE('',*,*,#5864,.T.);
#7437=ORIENTED_EDGE('',*,*,#5865,.T.);
#7438=ORIENTED_EDGE('',*,*,#5862,.F.);
#7439=ORIENTED_EDGE('',*,*,#5866,.F.);
#7440=ORIENTED_EDGE('',*,*,#5867,.T.);
#7441=ORIENTED_EDGE('',*,*,#5866,.T.);
#7442=ORIENTED_EDGE('',*,*,#5861,.F.);
#7443=ORIENTED_EDGE('',*,*,#5868,.F.);
#7444=ORIENTED_EDGE('',*,*,#5869,.T.);
#7445=ORIENTED_EDGE('',*,*,#5868,.T.);
#7446=ORIENTED_EDGE('',*,*,#5860,.F.);
#7447=ORIENTED_EDGE('',*,*,#5870,.F.);
#7448=ORIENTED_EDGE('',*,*,#5871,.F.);
#7449=ORIENTED_EDGE('',*,*,#5863,.F.);
#7450=ORIENTED_EDGE('',*,*,#5865,.F.);
#7451=ORIENTED_EDGE('',*,*,#5872,.T.);
#7452=ORIENTED_EDGE('',*,*,#5873,.T.);
#7453=ORIENTED_EDGE('',*,*,#5874,.T.);
#7454=ORIENTED_EDGE('',*,*,#5837,.T.);
#7455=ORIENTED_EDGE('',*,*,#5875,.T.);
#7456=ORIENTED_EDGE('',*,*,#5872,.F.);
#7457=ORIENTED_EDGE('',*,*,#5864,.F.);
#7458=ORIENTED_EDGE('',*,*,#5867,.F.);
#7459=ORIENTED_EDGE('',*,*,#5869,.F.);
#7460=ORIENTED_EDGE('',*,*,#5876,.F.);
#7461=ORIENTED_EDGE('',*,*,#5877,.F.);
#7462=ORIENTED_EDGE('',*,*,#5878,.T.);
#7463=ORIENTED_EDGE('',*,*,#5879,.F.);
#7464=ORIENTED_EDGE('',*,*,#5775,.T.);
#7465=ORIENTED_EDGE('',*,*,#5851,.T.);
#7466=ORIENTED_EDGE('',*,*,#5840,.T.);
#7467=ORIENTED_EDGE('',*,*,#5880,.F.);
#7468=ORIENTED_EDGE('',*,*,#5878,.F.);
#7469=ORIENTED_EDGE('',*,*,#5881,.F.);
#7470=ORIENTED_EDGE('',*,*,#5845,.T.);
#7471=ORIENTED_EDGE('',*,*,#5856,.T.);
#7472=ORIENTED_EDGE('',*,*,#5819,.T.);
#7473=ORIENTED_EDGE('',*,*,#5817,.F.);
#7474=ORIENTED_EDGE('',*,*,#5882,.F.);
#7475=ORIENTED_EDGE('',*,*,#5879,.T.);
#7476=ORIENTED_EDGE('',*,*,#5880,.T.);
#7477=ORIENTED_EDGE('',*,*,#5839,.T.);
#7478=ORIENTED_EDGE('',*,*,#5776,.T.);
#7479=ORIENTED_EDGE('',*,*,#5881,.T.);
#7480=ORIENTED_EDGE('',*,*,#5877,.T.);
#7481=ORIENTED_EDGE('',*,*,#5883,.T.);
#7482=ORIENTED_EDGE('',*,*,#5792,.T.);
#7483=ORIENTED_EDGE('',*,*,#5884,.T.);
#7484=ORIENTED_EDGE('',*,*,#5885,.T.);
#7485=ORIENTED_EDGE('',*,*,#5886,.T.);
#7486=ORIENTED_EDGE('',*,*,#5887,.F.);
#7487=ORIENTED_EDGE('',*,*,#5888,.F.);
#7488=ORIENTED_EDGE('',*,*,#5821,.F.);
#7489=ORIENTED_EDGE('',*,*,#5855,.F.);
#7490=ORIENTED_EDGE('',*,*,#5787,.F.);
#7491=ORIENTED_EDGE('',*,*,#5790,.F.);
#7492=ORIENTED_EDGE('',*,*,#5889,.F.);
#7493=ORIENTED_EDGE('',*,*,#5890,.F.);
#7494=ORIENTED_EDGE('',*,*,#5891,.F.);
#7495=ORIENTED_EDGE('',*,*,#5807,.F.);
#7496=ORIENTED_EDGE('',*,*,#5892,.F.);
#7497=ORIENTED_EDGE('',*,*,#5893,.F.);
#7498=ORIENTED_EDGE('',*,*,#5894,.F.);
#7499=ORIENTED_EDGE('',*,*,#5834,.F.);
#7500=ORIENTED_EDGE('',*,*,#5838,.F.);
#7501=ORIENTED_EDGE('',*,*,#5874,.F.);
#7502=ORIENTED_EDGE('',*,*,#5793,.T.);
#7503=ORIENTED_EDGE('',*,*,#5883,.F.);
#7504=ORIENTED_EDGE('',*,*,#5876,.T.);
#7505=ORIENTED_EDGE('',*,*,#5870,.T.);
#7506=ORIENTED_EDGE('',*,*,#5859,.T.);
#7507=ORIENTED_EDGE('',*,*,#5895,.F.);
#7508=ORIENTED_EDGE('',*,*,#5895,.T.);
#7509=ORIENTED_EDGE('',*,*,#5858,.T.);
#7510=ORIENTED_EDGE('',*,*,#5871,.T.);
#7511=ORIENTED_EDGE('',*,*,#5875,.F.);
#7512=ORIENTED_EDGE('',*,*,#5836,.F.);
#7513=ORIENTED_EDGE('',*,*,#5831,.F.);
#7514=ORIENTED_EDGE('',*,*,#5896,.F.);
#7515=ORIENTED_EDGE('',*,*,#5897,.T.);
#7516=ORIENTED_EDGE('',*,*,#5898,.F.);
#7517=ORIENTED_EDGE('',*,*,#5803,.T.);
#7518=ORIENTED_EDGE('',*,*,#5899,.F.);
#7519=ORIENTED_EDGE('',*,*,#5794,.F.);
#7520=ORIENTED_EDGE('',*,*,#5791,.T.);
#7521=ORIENTED_EDGE('',*,*,#5781,.T.);
#7522=ORIENTED_EDGE('',*,*,#5783,.T.);
#7523=ORIENTED_EDGE('',*,*,#5771,.T.);
#7524=ORIENTED_EDGE('',*,*,#5857,.F.);
#7525=ORIENTED_EDGE('',*,*,#5848,.F.);
#7526=ORIENTED_EDGE('',*,*,#5777,.T.);
#7527=ORIENTED_EDGE('',*,*,#5886,.F.);
#7528=ORIENTED_EDGE('',*,*,#5900,.F.);
#7529=ORIENTED_EDGE('',*,*,#5889,.T.);
#7530=ORIENTED_EDGE('',*,*,#5789,.T.);
#7531=ORIENTED_EDGE('',*,*,#5900,.T.);
#7532=ORIENTED_EDGE('',*,*,#5885,.F.);
#7533=ORIENTED_EDGE('',*,*,#5901,.T.);
#7534=ORIENTED_EDGE('',*,*,#5890,.T.);
#7535=ORIENTED_EDGE('',*,*,#5835,.F.);
#7536=ORIENTED_EDGE('',*,*,#5894,.T.);
#7537=ORIENTED_EDGE('',*,*,#5902,.T.);
#7538=ORIENTED_EDGE('',*,*,#5896,.T.);
#7539=ORIENTED_EDGE('',*,*,#5830,.T.);
#7540=ORIENTED_EDGE('',*,*,#5827,.T.);
#7541=ORIENTED_EDGE('',*,*,#5825,.T.);
#7542=ORIENTED_EDGE('',*,*,#5903,.F.);
#7543=ORIENTED_EDGE('',*,*,#5887,.T.);
#7544=ORIENTED_EDGE('',*,*,#5873,.F.);
#7545=ORIENTED_EDGE('',*,*,#5882,.T.);
#7546=ORIENTED_EDGE('',*,*,#5816,.T.);
#7547=ORIENTED_EDGE('',*,*,#5813,.T.);
#7548=ORIENTED_EDGE('',*,*,#5809,.T.);
#7549=ORIENTED_EDGE('',*,*,#5812,.T.);
#7550=ORIENTED_EDGE('',*,*,#5822,.F.);
#7551=ORIENTED_EDGE('',*,*,#5888,.T.);
#7552=ORIENTED_EDGE('',*,*,#5903,.T.);
#7553=ORIENTED_EDGE('',*,*,#5805,.T.);
#7554=ORIENTED_EDGE('',*,*,#5808,.F.);
#7555=ORIENTED_EDGE('',*,*,#5891,.T.);
#7556=ORIENTED_EDGE('',*,*,#5901,.F.);
#7557=ORIENTED_EDGE('',*,*,#5884,.F.);
#7558=ORIENTED_EDGE('',*,*,#5795,.T.);
#7559=ORIENTED_EDGE('',*,*,#5899,.T.);
#7560=ORIENTED_EDGE('',*,*,#5802,.T.);
#7561=ORIENTED_EDGE('',*,*,#5797,.T.);
#7562=ORIENTED_EDGE('',*,*,#5904,.F.);
#7563=ORIENTED_EDGE('',*,*,#5892,.T.);
#7564=ORIENTED_EDGE('',*,*,#5806,.T.);
#7565=ORIENTED_EDGE('',*,*,#5799,.T.);
#7566=ORIENTED_EDGE('',*,*,#5801,.T.);
#7567=ORIENTED_EDGE('',*,*,#5898,.T.);
#7568=ORIENTED_EDGE('',*,*,#5768,.T.);
#7569=ORIENTED_EDGE('',*,*,#5904,.T.);
#7570=ORIENTED_EDGE('',*,*,#5897,.F.);
#7571=ORIENTED_EDGE('',*,*,#5902,.F.);
#7572=ORIENTED_EDGE('',*,*,#5893,.T.);
#7573=ORIENTED_EDGE('',*,*,#5905,.T.);
#7574=ORIENTED_EDGE('',*,*,#5906,.F.);
#7575=ORIENTED_EDGE('',*,*,#5905,.F.);
#7576=ORIENTED_EDGE('',*,*,#5907,.F.);
#7577=ORIENTED_EDGE('',*,*,#5908,.T.);
#7578=ORIENTED_EDGE('',*,*,#5908,.F.);
#7579=ORIENTED_EDGE('',*,*,#5909,.F.);
#7580=ORIENTED_EDGE('',*,*,#5910,.F.);
#7581=ORIENTED_EDGE('',*,*,#5911,.T.);
#7582=ORIENTED_EDGE('',*,*,#5912,.F.);
#7583=ORIENTED_EDGE('',*,*,#5913,.F.);
#7584=ORIENTED_EDGE('',*,*,#5914,.F.);
#7585=ORIENTED_EDGE('',*,*,#5915,.F.);
#7586=ORIENTED_EDGE('',*,*,#5916,.F.);
#7587=ORIENTED_EDGE('',*,*,#5917,.F.);
#7588=ORIENTED_EDGE('',*,*,#5918,.F.);
#7589=ORIENTED_EDGE('',*,*,#5919,.F.);
#7590=ORIENTED_EDGE('',*,*,#5920,.F.);
#7591=ORIENTED_EDGE('',*,*,#5921,.F.);
#7592=ORIENTED_EDGE('',*,*,#5922,.F.);
#7593=ORIENTED_EDGE('',*,*,#5919,.T.);
#7594=ORIENTED_EDGE('',*,*,#5923,.F.);
#7595=ORIENTED_EDGE('',*,*,#5911,.F.);
#7596=ORIENTED_EDGE('',*,*,#5924,.F.);
#7597=ORIENTED_EDGE('',*,*,#5912,.T.);
#7598=ORIENTED_EDGE('',*,*,#5923,.T.);
#7599=ORIENTED_EDGE('',*,*,#5918,.T.);
#7600=ORIENTED_EDGE('',*,*,#5925,.F.);
#7601=ORIENTED_EDGE('',*,*,#5926,.T.);
#7602=ORIENTED_EDGE('',*,*,#5906,.T.);
#7603=ORIENTED_EDGE('',*,*,#5917,.T.);
#7604=ORIENTED_EDGE('',*,*,#5927,.T.);
#7605=ORIENTED_EDGE('',*,*,#5928,.F.);
#7606=ORIENTED_EDGE('',*,*,#5929,.T.);
#7607=ORIENTED_EDGE('',*,*,#5925,.T.);
#7608=ORIENTED_EDGE('',*,*,#5921,.T.);
#7609=ORIENTED_EDGE('',*,*,#5930,.F.);
#7610=ORIENTED_EDGE('',*,*,#5927,.F.);
#7611=ORIENTED_EDGE('',*,*,#5931,.F.);
#7612=ORIENTED_EDGE('',*,*,#5932,.F.);
#7613=ORIENTED_EDGE('',*,*,#5933,.T.);
#7614=ORIENTED_EDGE('',*,*,#5934,.F.);
#7615=ORIENTED_EDGE('',*,*,#5935,.F.);
#7616=ORIENTED_EDGE('',*,*,#5936,.F.);
#7617=ORIENTED_EDGE('',*,*,#5937,.F.);
#7618=ORIENTED_EDGE('',*,*,#5938,.F.);
#7619=ORIENTED_EDGE('',*,*,#5939,.F.);
#7620=ORIENTED_EDGE('',*,*,#5940,.F.);
#7621=ORIENTED_EDGE('',*,*,#5937,.T.);
#7622=ORIENTED_EDGE('',*,*,#5941,.F.);
#7623=ORIENTED_EDGE('',*,*,#5942,.F.);
#7624=ORIENTED_EDGE('',*,*,#5935,.T.);
#7625=ORIENTED_EDGE('',*,*,#5943,.F.);
#7626=ORIENTED_EDGE('',*,*,#5944,.F.);
#7627=ORIENTED_EDGE('',*,*,#5939,.T.);
#7628=ORIENTED_EDGE('',*,*,#5945,.F.);
#7629=ORIENTED_EDGE('',*,*,#5946,.T.);
#7630=ORIENTED_EDGE('',*,*,#5947,.T.);
#7631=ORIENTED_EDGE('',*,*,#5943,.T.);
#7632=ORIENTED_EDGE('',*,*,#5948,.F.);
#7633=ORIENTED_EDGE('',*,*,#5949,.T.);
#7634=ORIENTED_EDGE('',*,*,#5950,.F.);
#7635=ORIENTED_EDGE('',*,*,#5949,.F.);
#7636=ORIENTED_EDGE('',*,*,#5951,.F.);
#7637=ORIENTED_EDGE('',*,*,#5952,.F.);
#7638=ORIENTED_EDGE('',*,*,#5953,.T.);
#7639=ORIENTED_EDGE('',*,*,#5954,.F.);
#7640=ORIENTED_EDGE('',*,*,#5955,.F.);
#7641=ORIENTED_EDGE('',*,*,#5956,.T.);
#7642=ORIENTED_EDGE('',*,*,#5957,.F.);
#7643=ORIENTED_EDGE('',*,*,#5953,.F.);
#7644=ORIENTED_EDGE('',*,*,#5954,.T.);
#7645=ORIENTED_EDGE('',*,*,#5957,.T.);
#7646=ORIENTED_EDGE('',*,*,#5958,.F.);
#7647=ORIENTED_EDGE('',*,*,#5959,.F.);
#7648=ORIENTED_EDGE('',*,*,#5960,.T.);
#7649=ORIENTED_EDGE('',*,*,#5961,.T.);
#7650=ORIENTED_EDGE('',*,*,#5950,.T.);
#7651=ORIENTED_EDGE('',*,*,#5962,.F.);
#7652=ORIENTED_EDGE('',*,*,#5963,.T.);
#7653=ORIENTED_EDGE('',*,*,#5964,.F.);
#7654=ORIENTED_EDGE('',*,*,#5963,.F.);
#7655=ORIENTED_EDGE('',*,*,#5965,.F.);
#7656=ORIENTED_EDGE('',*,*,#5966,.F.);
#7657=ORIENTED_EDGE('',*,*,#5967,.T.);
#7658=ORIENTED_EDGE('',*,*,#5968,.F.);
#7659=ORIENTED_EDGE('',*,*,#5969,.F.);
#7660=ORIENTED_EDGE('',*,*,#5970,.T.);
#7661=ORIENTED_EDGE('',*,*,#5971,.F.);
#7662=ORIENTED_EDGE('',*,*,#5967,.F.);
#7663=ORIENTED_EDGE('',*,*,#5965,.T.);
#7664=ORIENTED_EDGE('',*,*,#5972,.F.);
#7665=ORIENTED_EDGE('',*,*,#5973,.T.);
#7666=ORIENTED_EDGE('',*,*,#5974,.T.);
#7667=ORIENTED_EDGE('',*,*,#5968,.T.);
#7668=ORIENTED_EDGE('',*,*,#5971,.T.);
#7669=ORIENTED_EDGE('',*,*,#5975,.T.);
#7670=ORIENTED_EDGE('',*,*,#5976,.F.);
#7671=ORIENTED_EDGE('',*,*,#5977,.T.);
#7672=ORIENTED_EDGE('',*,*,#5972,.T.);
#7673=ORIENTED_EDGE('',*,*,#5962,.T.);
#7674=ORIENTED_EDGE('',*,*,#5978,.F.);
#7675=ORIENTED_EDGE('',*,*,#5979,.F.);
#7676=ORIENTED_EDGE('',*,*,#5980,.T.);
#7677=ORIENTED_EDGE('',*,*,#5981,.T.);
#7678=ORIENTED_EDGE('',*,*,#5982,.T.);
#7679=ORIENTED_EDGE('',*,*,#5983,.T.);
#7680=ORIENTED_EDGE('',*,*,#5984,.F.);
#7681=ORIENTED_EDGE('',*,*,#5983,.F.);
#7682=ORIENTED_EDGE('',*,*,#5985,.T.);
#7683=ORIENTED_EDGE('',*,*,#5986,.F.);
#7684=ORIENTED_EDGE('',*,*,#5987,.T.);
#7685=ORIENTED_EDGE('',*,*,#5988,.F.);
#7686=ORIENTED_EDGE('',*,*,#5989,.F.);
#7687=ORIENTED_EDGE('',*,*,#5980,.F.);
#7688=ORIENTED_EDGE('',*,*,#5990,.F.);
#7689=ORIENTED_EDGE('',*,*,#5913,.T.);
#7690=ORIENTED_EDGE('',*,*,#5981,.F.);
#7691=ORIENTED_EDGE('',*,*,#5989,.T.);
#7692=ORIENTED_EDGE('',*,*,#5991,.F.);
#7693=ORIENTED_EDGE('',*,*,#5992,.F.);
#7694=ORIENTED_EDGE('',*,*,#5982,.F.);
#7695=ORIENTED_EDGE('',*,*,#5992,.T.);
#7696=ORIENTED_EDGE('',*,*,#5993,.F.);
#7697=ORIENTED_EDGE('',*,*,#5985,.F.);
#7698=ORIENTED_EDGE('',*,*,#5924,.T.);
#7699=ORIENTED_EDGE('',*,*,#5994,.T.);
#7700=ORIENTED_EDGE('',*,*,#5959,.T.);
#7701=ORIENTED_EDGE('',*,*,#5995,.F.);
#7702=ORIENTED_EDGE('',*,*,#5986,.T.);
#7703=ORIENTED_EDGE('',*,*,#5993,.T.);
#7704=ORIENTED_EDGE('',*,*,#5991,.T.);
#7705=ORIENTED_EDGE('',*,*,#5988,.T.);
#7706=ORIENTED_EDGE('',*,*,#5996,.T.);
#7707=ORIENTED_EDGE('',*,*,#5909,.T.);
#7708=ORIENTED_EDGE('',*,*,#5997,.F.);
#7709=ORIENTED_EDGE('',*,*,#5998,.F.);
#7710=ORIENTED_EDGE('',*,*,#5999,.T.);
#7711=ORIENTED_EDGE('',*,*,#6000,.T.);
#7712=ORIENTED_EDGE('',*,*,#6001,.T.);
#7713=ORIENTED_EDGE('',*,*,#6002,.T.);
#7714=ORIENTED_EDGE('',*,*,#6003,.T.);
#7715=ORIENTED_EDGE('',*,*,#6004,.T.);
#7716=ORIENTED_EDGE('',*,*,#6001,.F.);
#7717=ORIENTED_EDGE('',*,*,#6005,.F.);
#7718=ORIENTED_EDGE('',*,*,#6006,.T.);
#7719=ORIENTED_EDGE('',*,*,#6005,.T.);
#7720=ORIENTED_EDGE('',*,*,#6000,.F.);
#7721=ORIENTED_EDGE('',*,*,#6007,.F.);
#7722=ORIENTED_EDGE('',*,*,#6008,.T.);
#7723=ORIENTED_EDGE('',*,*,#6007,.T.);
#7724=ORIENTED_EDGE('',*,*,#5999,.F.);
#7725=ORIENTED_EDGE('',*,*,#6009,.F.);
#7726=ORIENTED_EDGE('',*,*,#6010,.F.);
#7727=ORIENTED_EDGE('',*,*,#6002,.F.);
#7728=ORIENTED_EDGE('',*,*,#6004,.F.);
#7729=ORIENTED_EDGE('',*,*,#6011,.T.);
#7730=ORIENTED_EDGE('',*,*,#6012,.T.);
#7731=ORIENTED_EDGE('',*,*,#6013,.T.);
#7732=ORIENTED_EDGE('',*,*,#5976,.T.);
#7733=ORIENTED_EDGE('',*,*,#6014,.T.);
#7734=ORIENTED_EDGE('',*,*,#6011,.F.);
#7735=ORIENTED_EDGE('',*,*,#6003,.F.);
#7736=ORIENTED_EDGE('',*,*,#6006,.F.);
#7737=ORIENTED_EDGE('',*,*,#6008,.F.);
#7738=ORIENTED_EDGE('',*,*,#6015,.F.);
#7739=ORIENTED_EDGE('',*,*,#6016,.F.);
#7740=ORIENTED_EDGE('',*,*,#6017,.T.);
#7741=ORIENTED_EDGE('',*,*,#6018,.F.);
#7742=ORIENTED_EDGE('',*,*,#5914,.T.);
#7743=ORIENTED_EDGE('',*,*,#5990,.T.);
#7744=ORIENTED_EDGE('',*,*,#5979,.T.);
#7745=ORIENTED_EDGE('',*,*,#6019,.F.);
#7746=ORIENTED_EDGE('',*,*,#6017,.F.);
#7747=ORIENTED_EDGE('',*,*,#6020,.F.);
#7748=ORIENTED_EDGE('',*,*,#5984,.T.);
#7749=ORIENTED_EDGE('',*,*,#5995,.T.);
#7750=ORIENTED_EDGE('',*,*,#5958,.T.);
#7751=ORIENTED_EDGE('',*,*,#5956,.F.);
#7752=ORIENTED_EDGE('',*,*,#6021,.F.);
#7753=ORIENTED_EDGE('',*,*,#6018,.T.);
#7754=ORIENTED_EDGE('',*,*,#6019,.T.);
#7755=ORIENTED_EDGE('',*,*,#5978,.T.);
#7756=ORIENTED_EDGE('',*,*,#5915,.T.);
#7757=ORIENTED_EDGE('',*,*,#6020,.T.);
#7758=ORIENTED_EDGE('',*,*,#6016,.T.);
#7759=ORIENTED_EDGE('',*,*,#6022,.T.);
#7760=ORIENTED_EDGE('',*,*,#5931,.T.);
#7761=ORIENTED_EDGE('',*,*,#6023,.T.);
#7762=ORIENTED_EDGE('',*,*,#6024,.T.);
#7763=ORIENTED_EDGE('',*,*,#6025,.T.);
#7764=ORIENTED_EDGE('',*,*,#6026,.F.);
#7765=ORIENTED_EDGE('',*,*,#6027,.F.);
#7766=ORIENTED_EDGE('',*,*,#5960,.F.);
#7767=ORIENTED_EDGE('',*,*,#5994,.F.);
#7768=ORIENTED_EDGE('',*,*,#5926,.F.);
#7769=ORIENTED_EDGE('',*,*,#5929,.F.);
#7770=ORIENTED_EDGE('',*,*,#6028,.F.);
#7771=ORIENTED_EDGE('',*,*,#6029,.F.);
#7772=ORIENTED_EDGE('',*,*,#6030,.F.);
#7773=ORIENTED_EDGE('',*,*,#5946,.F.);
#7774=ORIENTED_EDGE('',*,*,#6031,.F.);
#7775=ORIENTED_EDGE('',*,*,#6032,.F.);
#7776=ORIENTED_EDGE('',*,*,#6033,.F.);
#7777=ORIENTED_EDGE('',*,*,#5973,.F.);
#7778=ORIENTED_EDGE('',*,*,#5977,.F.);
#7779=ORIENTED_EDGE('',*,*,#6013,.F.);
#7780=ORIENTED_EDGE('',*,*,#5932,.T.);
#7781=ORIENTED_EDGE('',*,*,#6022,.F.);
#7782=ORIENTED_EDGE('',*,*,#6015,.T.);
#7783=ORIENTED_EDGE('',*,*,#6009,.T.);
#7784=ORIENTED_EDGE('',*,*,#5998,.T.);
#7785=ORIENTED_EDGE('',*,*,#6034,.F.);
#7786=ORIENTED_EDGE('',*,*,#6034,.T.);
#7787=ORIENTED_EDGE('',*,*,#5997,.T.);
#7788=ORIENTED_EDGE('',*,*,#6010,.T.);
#7789=ORIENTED_EDGE('',*,*,#6014,.F.);
#7790=ORIENTED_EDGE('',*,*,#5975,.F.);
#7791=ORIENTED_EDGE('',*,*,#5970,.F.);
#7792=ORIENTED_EDGE('',*,*,#6035,.F.);
#7793=ORIENTED_EDGE('',*,*,#6036,.T.);
#7794=ORIENTED_EDGE('',*,*,#6037,.F.);
#7795=ORIENTED_EDGE('',*,*,#5942,.T.);
#7796=ORIENTED_EDGE('',*,*,#6038,.F.);
#7797=ORIENTED_EDGE('',*,*,#5933,.F.);
#7798=ORIENTED_EDGE('',*,*,#5930,.T.);
#7799=ORIENTED_EDGE('',*,*,#5920,.T.);
#7800=ORIENTED_EDGE('',*,*,#5922,.T.);
#7801=ORIENTED_EDGE('',*,*,#5910,.T.);
#7802=ORIENTED_EDGE('',*,*,#5996,.F.);
#7803=ORIENTED_EDGE('',*,*,#5987,.F.);
#7804=ORIENTED_EDGE('',*,*,#5916,.T.);
#7805=ORIENTED_EDGE('',*,*,#6025,.F.);
#7806=ORIENTED_EDGE('',*,*,#6039,.F.);
#7807=ORIENTED_EDGE('',*,*,#6028,.T.);
#7808=ORIENTED_EDGE('',*,*,#5928,.T.);
#7809=ORIENTED_EDGE('',*,*,#6039,.T.);
#7810=ORIENTED_EDGE('',*,*,#6024,.F.);
#7811=ORIENTED_EDGE('',*,*,#6040,.T.);
#7812=ORIENTED_EDGE('',*,*,#6029,.T.);
#7813=ORIENTED_EDGE('',*,*,#5974,.F.);
#7814=ORIENTED_EDGE('',*,*,#6033,.T.);
#7815=ORIENTED_EDGE('',*,*,#6041,.T.);
#7816=ORIENTED_EDGE('',*,*,#6035,.T.);
#7817=ORIENTED_EDGE('',*,*,#5969,.T.);
#7818=ORIENTED_EDGE('',*,*,#5966,.T.);
#7819=ORIENTED_EDGE('',*,*,#5964,.T.);
#7820=ORIENTED_EDGE('',*,*,#6042,.F.);
#7821=ORIENTED_EDGE('',*,*,#6026,.T.);
#7822=ORIENTED_EDGE('',*,*,#6012,.F.);
#7823=ORIENTED_EDGE('',*,*,#6021,.T.);
#7824=ORIENTED_EDGE('',*,*,#5955,.T.);
#7825=ORIENTED_EDGE('',*,*,#5952,.T.);
#7826=ORIENTED_EDGE('',*,*,#5948,.T.);
#7827=ORIENTED_EDGE('',*,*,#5951,.T.);
#7828=ORIENTED_EDGE('',*,*,#5961,.F.);
#7829=ORIENTED_EDGE('',*,*,#6027,.T.);
#7830=ORIENTED_EDGE('',*,*,#6042,.T.);
#7831=ORIENTED_EDGE('',*,*,#5944,.T.);
#7832=ORIENTED_EDGE('',*,*,#5947,.F.);
#7833=ORIENTED_EDGE('',*,*,#6030,.T.);
#7834=ORIENTED_EDGE('',*,*,#6040,.F.);
#7835=ORIENTED_EDGE('',*,*,#6023,.F.);
#7836=ORIENTED_EDGE('',*,*,#5934,.T.);
#7837=ORIENTED_EDGE('',*,*,#6038,.T.);
#7838=ORIENTED_EDGE('',*,*,#5941,.T.);
#7839=ORIENTED_EDGE('',*,*,#5936,.T.);
#7840=ORIENTED_EDGE('',*,*,#6043,.F.);
#7841=ORIENTED_EDGE('',*,*,#6031,.T.);
#7842=ORIENTED_EDGE('',*,*,#5945,.T.);
#7843=ORIENTED_EDGE('',*,*,#5938,.T.);
#7844=ORIENTED_EDGE('',*,*,#5940,.T.);
#7845=ORIENTED_EDGE('',*,*,#6037,.T.);
#7846=ORIENTED_EDGE('',*,*,#5907,.T.);
#7847=ORIENTED_EDGE('',*,*,#6043,.T.);
#7848=ORIENTED_EDGE('',*,*,#6036,.F.);
#7849=ORIENTED_EDGE('',*,*,#6041,.F.);
#7850=ORIENTED_EDGE('',*,*,#6032,.T.);
#7851=ORIENTED_EDGE('',*,*,#6044,.T.);
#7852=ORIENTED_EDGE('',*,*,#6045,.F.);
#7853=ORIENTED_EDGE('',*,*,#6044,.F.);
#7854=ORIENTED_EDGE('',*,*,#6046,.F.);
#7855=ORIENTED_EDGE('',*,*,#6047,.T.);
#7856=ORIENTED_EDGE('',*,*,#6047,.F.);
#7857=ORIENTED_EDGE('',*,*,#6048,.F.);
#7858=ORIENTED_EDGE('',*,*,#6049,.F.);
#7859=ORIENTED_EDGE('',*,*,#6050,.T.);
#7860=ORIENTED_EDGE('',*,*,#6051,.F.);
#7861=ORIENTED_EDGE('',*,*,#6052,.F.);
#7862=ORIENTED_EDGE('',*,*,#6053,.F.);
#7863=ORIENTED_EDGE('',*,*,#6054,.F.);
#7864=ORIENTED_EDGE('',*,*,#6055,.F.);
#7865=ORIENTED_EDGE('',*,*,#6056,.F.);
#7866=ORIENTED_EDGE('',*,*,#6057,.F.);
#7867=ORIENTED_EDGE('',*,*,#6058,.F.);
#7868=ORIENTED_EDGE('',*,*,#6059,.F.);
#7869=ORIENTED_EDGE('',*,*,#6060,.F.);
#7870=ORIENTED_EDGE('',*,*,#6061,.F.);
#7871=ORIENTED_EDGE('',*,*,#6058,.T.);
#7872=ORIENTED_EDGE('',*,*,#6062,.F.);
#7873=ORIENTED_EDGE('',*,*,#6050,.F.);
#7874=ORIENTED_EDGE('',*,*,#6063,.F.);
#7875=ORIENTED_EDGE('',*,*,#6051,.T.);
#7876=ORIENTED_EDGE('',*,*,#6062,.T.);
#7877=ORIENTED_EDGE('',*,*,#6057,.T.);
#7878=ORIENTED_EDGE('',*,*,#6064,.F.);
#7879=ORIENTED_EDGE('',*,*,#6065,.T.);
#7880=ORIENTED_EDGE('',*,*,#6045,.T.);
#7881=ORIENTED_EDGE('',*,*,#6056,.T.);
#7882=ORIENTED_EDGE('',*,*,#6066,.T.);
#7883=ORIENTED_EDGE('',*,*,#6067,.F.);
#7884=ORIENTED_EDGE('',*,*,#6068,.T.);
#7885=ORIENTED_EDGE('',*,*,#6064,.T.);
#7886=ORIENTED_EDGE('',*,*,#6060,.T.);
#7887=ORIENTED_EDGE('',*,*,#6069,.F.);
#7888=ORIENTED_EDGE('',*,*,#6066,.F.);
#7889=ORIENTED_EDGE('',*,*,#6070,.F.);
#7890=ORIENTED_EDGE('',*,*,#6071,.F.);
#7891=ORIENTED_EDGE('',*,*,#6072,.T.);
#7892=ORIENTED_EDGE('',*,*,#6073,.F.);
#7893=ORIENTED_EDGE('',*,*,#6074,.F.);
#7894=ORIENTED_EDGE('',*,*,#6075,.F.);
#7895=ORIENTED_EDGE('',*,*,#6076,.F.);
#7896=ORIENTED_EDGE('',*,*,#6077,.F.);
#7897=ORIENTED_EDGE('',*,*,#6078,.F.);
#7898=ORIENTED_EDGE('',*,*,#6079,.F.);
#7899=ORIENTED_EDGE('',*,*,#6076,.T.);
#7900=ORIENTED_EDGE('',*,*,#6080,.F.);
#7901=ORIENTED_EDGE('',*,*,#6081,.F.);
#7902=ORIENTED_EDGE('',*,*,#6074,.T.);
#7903=ORIENTED_EDGE('',*,*,#6082,.F.);
#7904=ORIENTED_EDGE('',*,*,#6083,.F.);
#7905=ORIENTED_EDGE('',*,*,#6078,.T.);
#7906=ORIENTED_EDGE('',*,*,#6084,.F.);
#7907=ORIENTED_EDGE('',*,*,#6085,.T.);
#7908=ORIENTED_EDGE('',*,*,#6086,.T.);
#7909=ORIENTED_EDGE('',*,*,#6082,.T.);
#7910=ORIENTED_EDGE('',*,*,#6087,.F.);
#7911=ORIENTED_EDGE('',*,*,#6088,.T.);
#7912=ORIENTED_EDGE('',*,*,#6089,.F.);
#7913=ORIENTED_EDGE('',*,*,#6088,.F.);
#7914=ORIENTED_EDGE('',*,*,#6090,.F.);
#7915=ORIENTED_EDGE('',*,*,#6091,.F.);
#7916=ORIENTED_EDGE('',*,*,#6092,.T.);
#7917=ORIENTED_EDGE('',*,*,#6093,.F.);
#7918=ORIENTED_EDGE('',*,*,#6094,.F.);
#7919=ORIENTED_EDGE('',*,*,#6095,.T.);
#7920=ORIENTED_EDGE('',*,*,#6096,.F.);
#7921=ORIENTED_EDGE('',*,*,#6092,.F.);
#7922=ORIENTED_EDGE('',*,*,#6093,.T.);
#7923=ORIENTED_EDGE('',*,*,#6096,.T.);
#7924=ORIENTED_EDGE('',*,*,#6097,.F.);
#7925=ORIENTED_EDGE('',*,*,#6098,.F.);
#7926=ORIENTED_EDGE('',*,*,#6099,.T.);
#7927=ORIENTED_EDGE('',*,*,#6100,.T.);
#7928=ORIENTED_EDGE('',*,*,#6089,.T.);
#7929=ORIENTED_EDGE('',*,*,#6101,.F.);
#7930=ORIENTED_EDGE('',*,*,#6102,.T.);
#7931=ORIENTED_EDGE('',*,*,#6103,.F.);
#7932=ORIENTED_EDGE('',*,*,#6102,.F.);
#7933=ORIENTED_EDGE('',*,*,#6104,.F.);
#7934=ORIENTED_EDGE('',*,*,#6105,.F.);
#7935=ORIENTED_EDGE('',*,*,#6106,.T.);
#7936=ORIENTED_EDGE('',*,*,#6107,.F.);
#7937=ORIENTED_EDGE('',*,*,#6108,.F.);
#7938=ORIENTED_EDGE('',*,*,#6109,.T.);
#7939=ORIENTED_EDGE('',*,*,#6110,.F.);
#7940=ORIENTED_EDGE('',*,*,#6106,.F.);
#7941=ORIENTED_EDGE('',*,*,#6104,.T.);
#7942=ORIENTED_EDGE('',*,*,#6111,.F.);
#7943=ORIENTED_EDGE('',*,*,#6112,.T.);
#7944=ORIENTED_EDGE('',*,*,#6113,.T.);
#7945=ORIENTED_EDGE('',*,*,#6107,.T.);
#7946=ORIENTED_EDGE('',*,*,#6110,.T.);
#7947=ORIENTED_EDGE('',*,*,#6114,.T.);
#7948=ORIENTED_EDGE('',*,*,#6115,.F.);
#7949=ORIENTED_EDGE('',*,*,#6116,.T.);
#7950=ORIENTED_EDGE('',*,*,#6111,.T.);
#7951=ORIENTED_EDGE('',*,*,#6101,.T.);
#7952=ORIENTED_EDGE('',*,*,#6117,.F.);
#7953=ORIENTED_EDGE('',*,*,#6118,.F.);
#7954=ORIENTED_EDGE('',*,*,#6119,.T.);
#7955=ORIENTED_EDGE('',*,*,#6120,.T.);
#7956=ORIENTED_EDGE('',*,*,#6121,.T.);
#7957=ORIENTED_EDGE('',*,*,#6122,.T.);
#7958=ORIENTED_EDGE('',*,*,#6123,.F.);
#7959=ORIENTED_EDGE('',*,*,#6122,.F.);
#7960=ORIENTED_EDGE('',*,*,#6124,.T.);
#7961=ORIENTED_EDGE('',*,*,#6125,.F.);
#7962=ORIENTED_EDGE('',*,*,#6126,.T.);
#7963=ORIENTED_EDGE('',*,*,#6127,.F.);
#7964=ORIENTED_EDGE('',*,*,#6128,.F.);
#7965=ORIENTED_EDGE('',*,*,#6119,.F.);
#7966=ORIENTED_EDGE('',*,*,#6129,.F.);
#7967=ORIENTED_EDGE('',*,*,#6052,.T.);
#7968=ORIENTED_EDGE('',*,*,#6120,.F.);
#7969=ORIENTED_EDGE('',*,*,#6128,.T.);
#7970=ORIENTED_EDGE('',*,*,#6130,.F.);
#7971=ORIENTED_EDGE('',*,*,#6131,.F.);
#7972=ORIENTED_EDGE('',*,*,#6121,.F.);
#7973=ORIENTED_EDGE('',*,*,#6131,.T.);
#7974=ORIENTED_EDGE('',*,*,#6132,.F.);
#7975=ORIENTED_EDGE('',*,*,#6124,.F.);
#7976=ORIENTED_EDGE('',*,*,#6063,.T.);
#7977=ORIENTED_EDGE('',*,*,#6133,.T.);
#7978=ORIENTED_EDGE('',*,*,#6098,.T.);
#7979=ORIENTED_EDGE('',*,*,#6134,.F.);
#7980=ORIENTED_EDGE('',*,*,#6125,.T.);
#7981=ORIENTED_EDGE('',*,*,#6132,.T.);
#7982=ORIENTED_EDGE('',*,*,#6130,.T.);
#7983=ORIENTED_EDGE('',*,*,#6127,.T.);
#7984=ORIENTED_EDGE('',*,*,#6135,.T.);
#7985=ORIENTED_EDGE('',*,*,#6048,.T.);
#7986=ORIENTED_EDGE('',*,*,#6136,.F.);
#7987=ORIENTED_EDGE('',*,*,#6137,.F.);
#7988=ORIENTED_EDGE('',*,*,#6138,.T.);
#7989=ORIENTED_EDGE('',*,*,#6139,.T.);
#7990=ORIENTED_EDGE('',*,*,#6140,.T.);
#7991=ORIENTED_EDGE('',*,*,#6141,.T.);
#7992=ORIENTED_EDGE('',*,*,#6142,.T.);
#7993=ORIENTED_EDGE('',*,*,#6143,.T.);
#7994=ORIENTED_EDGE('',*,*,#6140,.F.);
#7995=ORIENTED_EDGE('',*,*,#6144,.F.);
#7996=ORIENTED_EDGE('',*,*,#6145,.T.);
#7997=ORIENTED_EDGE('',*,*,#6144,.T.);
#7998=ORIENTED_EDGE('',*,*,#6139,.F.);
#7999=ORIENTED_EDGE('',*,*,#6146,.F.);
#8000=ORIENTED_EDGE('',*,*,#6147,.T.);
#8001=ORIENTED_EDGE('',*,*,#6146,.T.);
#8002=ORIENTED_EDGE('',*,*,#6138,.F.);
#8003=ORIENTED_EDGE('',*,*,#6148,.F.);
#8004=ORIENTED_EDGE('',*,*,#6149,.F.);
#8005=ORIENTED_EDGE('',*,*,#6141,.F.);
#8006=ORIENTED_EDGE('',*,*,#6143,.F.);
#8007=ORIENTED_EDGE('',*,*,#6150,.T.);
#8008=ORIENTED_EDGE('',*,*,#6151,.T.);
#8009=ORIENTED_EDGE('',*,*,#6152,.T.);
#8010=ORIENTED_EDGE('',*,*,#6115,.T.);
#8011=ORIENTED_EDGE('',*,*,#6153,.T.);
#8012=ORIENTED_EDGE('',*,*,#6150,.F.);
#8013=ORIENTED_EDGE('',*,*,#6142,.F.);
#8014=ORIENTED_EDGE('',*,*,#6145,.F.);
#8015=ORIENTED_EDGE('',*,*,#6147,.F.);
#8016=ORIENTED_EDGE('',*,*,#6154,.F.);
#8017=ORIENTED_EDGE('',*,*,#6155,.F.);
#8018=ORIENTED_EDGE('',*,*,#6156,.T.);
#8019=ORIENTED_EDGE('',*,*,#6157,.F.);
#8020=ORIENTED_EDGE('',*,*,#6053,.T.);
#8021=ORIENTED_EDGE('',*,*,#6129,.T.);
#8022=ORIENTED_EDGE('',*,*,#6118,.T.);
#8023=ORIENTED_EDGE('',*,*,#6158,.F.);
#8024=ORIENTED_EDGE('',*,*,#6156,.F.);
#8025=ORIENTED_EDGE('',*,*,#6159,.F.);
#8026=ORIENTED_EDGE('',*,*,#6123,.T.);
#8027=ORIENTED_EDGE('',*,*,#6134,.T.);
#8028=ORIENTED_EDGE('',*,*,#6097,.T.);
#8029=ORIENTED_EDGE('',*,*,#6095,.F.);
#8030=ORIENTED_EDGE('',*,*,#6160,.F.);
#8031=ORIENTED_EDGE('',*,*,#6157,.T.);
#8032=ORIENTED_EDGE('',*,*,#6158,.T.);
#8033=ORIENTED_EDGE('',*,*,#6117,.T.);
#8034=ORIENTED_EDGE('',*,*,#6054,.T.);
#8035=ORIENTED_EDGE('',*,*,#6159,.T.);
#8036=ORIENTED_EDGE('',*,*,#6155,.T.);
#8037=ORIENTED_EDGE('',*,*,#6161,.T.);
#8038=ORIENTED_EDGE('',*,*,#6070,.T.);
#8039=ORIENTED_EDGE('',*,*,#6162,.T.);
#8040=ORIENTED_EDGE('',*,*,#6163,.T.);
#8041=ORIENTED_EDGE('',*,*,#6164,.T.);
#8042=ORIENTED_EDGE('',*,*,#6165,.F.);
#8043=ORIENTED_EDGE('',*,*,#6166,.F.);
#8044=ORIENTED_EDGE('',*,*,#6099,.F.);
#8045=ORIENTED_EDGE('',*,*,#6133,.F.);
#8046=ORIENTED_EDGE('',*,*,#6065,.F.);
#8047=ORIENTED_EDGE('',*,*,#6068,.F.);
#8048=ORIENTED_EDGE('',*,*,#6167,.F.);
#8049=ORIENTED_EDGE('',*,*,#6168,.F.);
#8050=ORIENTED_EDGE('',*,*,#6169,.F.);
#8051=ORIENTED_EDGE('',*,*,#6085,.F.);
#8052=ORIENTED_EDGE('',*,*,#6170,.F.);
#8053=ORIENTED_EDGE('',*,*,#6171,.F.);
#8054=ORIENTED_EDGE('',*,*,#6172,.F.);
#8055=ORIENTED_EDGE('',*,*,#6112,.F.);
#8056=ORIENTED_EDGE('',*,*,#6116,.F.);
#8057=ORIENTED_EDGE('',*,*,#6152,.F.);
#8058=ORIENTED_EDGE('',*,*,#6071,.T.);
#8059=ORIENTED_EDGE('',*,*,#6161,.F.);
#8060=ORIENTED_EDGE('',*,*,#6154,.T.);
#8061=ORIENTED_EDGE('',*,*,#6148,.T.);
#8062=ORIENTED_EDGE('',*,*,#6137,.T.);
#8063=ORIENTED_EDGE('',*,*,#6173,.F.);
#8064=ORIENTED_EDGE('',*,*,#6173,.T.);
#8065=ORIENTED_EDGE('',*,*,#6136,.T.);
#8066=ORIENTED_EDGE('',*,*,#6149,.T.);
#8067=ORIENTED_EDGE('',*,*,#6153,.F.);
#8068=ORIENTED_EDGE('',*,*,#6114,.F.);
#8069=ORIENTED_EDGE('',*,*,#6109,.F.);
#8070=ORIENTED_EDGE('',*,*,#6174,.F.);
#8071=ORIENTED_EDGE('',*,*,#6175,.T.);
#8072=ORIENTED_EDGE('',*,*,#6176,.F.);
#8073=ORIENTED_EDGE('',*,*,#6081,.T.);
#8074=ORIENTED_EDGE('',*,*,#6177,.F.);
#8075=ORIENTED_EDGE('',*,*,#6072,.F.);
#8076=ORIENTED_EDGE('',*,*,#6069,.T.);
#8077=ORIENTED_EDGE('',*,*,#6059,.T.);
#8078=ORIENTED_EDGE('',*,*,#6061,.T.);
#8079=ORIENTED_EDGE('',*,*,#6049,.T.);
#8080=ORIENTED_EDGE('',*,*,#6135,.F.);
#8081=ORIENTED_EDGE('',*,*,#6126,.F.);
#8082=ORIENTED_EDGE('',*,*,#6055,.T.);
#8083=ORIENTED_EDGE('',*,*,#6164,.F.);
#8084=ORIENTED_EDGE('',*,*,#6178,.F.);
#8085=ORIENTED_EDGE('',*,*,#6167,.T.);
#8086=ORIENTED_EDGE('',*,*,#6067,.T.);
#8087=ORIENTED_EDGE('',*,*,#6178,.T.);
#8088=ORIENTED_EDGE('',*,*,#6163,.F.);
#8089=ORIENTED_EDGE('',*,*,#6179,.T.);
#8090=ORIENTED_EDGE('',*,*,#6168,.T.);
#8091=ORIENTED_EDGE('',*,*,#6113,.F.);
#8092=ORIENTED_EDGE('',*,*,#6172,.T.);
#8093=ORIENTED_EDGE('',*,*,#6180,.T.);
#8094=ORIENTED_EDGE('',*,*,#6174,.T.);
#8095=ORIENTED_EDGE('',*,*,#6108,.T.);
#8096=ORIENTED_EDGE('',*,*,#6105,.T.);
#8097=ORIENTED_EDGE('',*,*,#6103,.T.);
#8098=ORIENTED_EDGE('',*,*,#6181,.F.);
#8099=ORIENTED_EDGE('',*,*,#6165,.T.);
#8100=ORIENTED_EDGE('',*,*,#6151,.F.);
#8101=ORIENTED_EDGE('',*,*,#6160,.T.);
#8102=ORIENTED_EDGE('',*,*,#6094,.T.);
#8103=ORIENTED_EDGE('',*,*,#6091,.T.);
#8104=ORIENTED_EDGE('',*,*,#6087,.T.);
#8105=ORIENTED_EDGE('',*,*,#6090,.T.);
#8106=ORIENTED_EDGE('',*,*,#6100,.F.);
#8107=ORIENTED_EDGE('',*,*,#6166,.T.);
#8108=ORIENTED_EDGE('',*,*,#6181,.T.);
#8109=ORIENTED_EDGE('',*,*,#6083,.T.);
#8110=ORIENTED_EDGE('',*,*,#6086,.F.);
#8111=ORIENTED_EDGE('',*,*,#6169,.T.);
#8112=ORIENTED_EDGE('',*,*,#6179,.F.);
#8113=ORIENTED_EDGE('',*,*,#6162,.F.);
#8114=ORIENTED_EDGE('',*,*,#6073,.T.);
#8115=ORIENTED_EDGE('',*,*,#6177,.T.);
#8116=ORIENTED_EDGE('',*,*,#6080,.T.);
#8117=ORIENTED_EDGE('',*,*,#6075,.T.);
#8118=ORIENTED_EDGE('',*,*,#6182,.F.);
#8119=ORIENTED_EDGE('',*,*,#6170,.T.);
#8120=ORIENTED_EDGE('',*,*,#6084,.T.);
#8121=ORIENTED_EDGE('',*,*,#6077,.T.);
#8122=ORIENTED_EDGE('',*,*,#6079,.T.);
#8123=ORIENTED_EDGE('',*,*,#6176,.T.);
#8124=ORIENTED_EDGE('',*,*,#6046,.T.);
#8125=ORIENTED_EDGE('',*,*,#6182,.T.);
#8126=ORIENTED_EDGE('',*,*,#6175,.F.);
#8127=ORIENTED_EDGE('',*,*,#6180,.F.);
#8128=ORIENTED_EDGE('',*,*,#6171,.T.);
#8129=ORIENTED_EDGE('',*,*,#6183,.T.);
#8130=ORIENTED_EDGE('',*,*,#6184,.F.);
#8131=ORIENTED_EDGE('',*,*,#6183,.F.);
#8132=ORIENTED_EDGE('',*,*,#6185,.F.);
#8133=ORIENTED_EDGE('',*,*,#6186,.T.);
#8134=ORIENTED_EDGE('',*,*,#6186,.F.);
#8135=ORIENTED_EDGE('',*,*,#6187,.F.);
#8136=ORIENTED_EDGE('',*,*,#6188,.F.);
#8137=ORIENTED_EDGE('',*,*,#6189,.T.);
#8138=ORIENTED_EDGE('',*,*,#6190,.F.);
#8139=ORIENTED_EDGE('',*,*,#6191,.F.);
#8140=ORIENTED_EDGE('',*,*,#6192,.F.);
#8141=ORIENTED_EDGE('',*,*,#6193,.F.);
#8142=ORIENTED_EDGE('',*,*,#6194,.F.);
#8143=ORIENTED_EDGE('',*,*,#6195,.F.);
#8144=ORIENTED_EDGE('',*,*,#6196,.F.);
#8145=ORIENTED_EDGE('',*,*,#6197,.F.);
#8146=ORIENTED_EDGE('',*,*,#6198,.F.);
#8147=ORIENTED_EDGE('',*,*,#6199,.F.);
#8148=ORIENTED_EDGE('',*,*,#6200,.F.);
#8149=ORIENTED_EDGE('',*,*,#6197,.T.);
#8150=ORIENTED_EDGE('',*,*,#6201,.F.);
#8151=ORIENTED_EDGE('',*,*,#6189,.F.);
#8152=ORIENTED_EDGE('',*,*,#6202,.F.);
#8153=ORIENTED_EDGE('',*,*,#6190,.T.);
#8154=ORIENTED_EDGE('',*,*,#6201,.T.);
#8155=ORIENTED_EDGE('',*,*,#6196,.T.);
#8156=ORIENTED_EDGE('',*,*,#6203,.F.);
#8157=ORIENTED_EDGE('',*,*,#6204,.T.);
#8158=ORIENTED_EDGE('',*,*,#6184,.T.);
#8159=ORIENTED_EDGE('',*,*,#6195,.T.);
#8160=ORIENTED_EDGE('',*,*,#6205,.T.);
#8161=ORIENTED_EDGE('',*,*,#6206,.F.);
#8162=ORIENTED_EDGE('',*,*,#6207,.T.);
#8163=ORIENTED_EDGE('',*,*,#6203,.T.);
#8164=ORIENTED_EDGE('',*,*,#6199,.T.);
#8165=ORIENTED_EDGE('',*,*,#6208,.F.);
#8166=ORIENTED_EDGE('',*,*,#6205,.F.);
#8167=ORIENTED_EDGE('',*,*,#6209,.F.);
#8168=ORIENTED_EDGE('',*,*,#6210,.F.);
#8169=ORIENTED_EDGE('',*,*,#6211,.T.);
#8170=ORIENTED_EDGE('',*,*,#6212,.F.);
#8171=ORIENTED_EDGE('',*,*,#6213,.F.);
#8172=ORIENTED_EDGE('',*,*,#6214,.F.);
#8173=ORIENTED_EDGE('',*,*,#6215,.F.);
#8174=ORIENTED_EDGE('',*,*,#6216,.F.);
#8175=ORIENTED_EDGE('',*,*,#6217,.F.);
#8176=ORIENTED_EDGE('',*,*,#6218,.F.);
#8177=ORIENTED_EDGE('',*,*,#6215,.T.);
#8178=ORIENTED_EDGE('',*,*,#6219,.F.);
#8179=ORIENTED_EDGE('',*,*,#6220,.F.);
#8180=ORIENTED_EDGE('',*,*,#6213,.T.);
#8181=ORIENTED_EDGE('',*,*,#6221,.F.);
#8182=ORIENTED_EDGE('',*,*,#6222,.F.);
#8183=ORIENTED_EDGE('',*,*,#6217,.T.);
#8184=ORIENTED_EDGE('',*,*,#6223,.F.);
#8185=ORIENTED_EDGE('',*,*,#6224,.T.);
#8186=ORIENTED_EDGE('',*,*,#6225,.T.);
#8187=ORIENTED_EDGE('',*,*,#6221,.T.);
#8188=ORIENTED_EDGE('',*,*,#6226,.F.);
#8189=ORIENTED_EDGE('',*,*,#6227,.T.);
#8190=ORIENTED_EDGE('',*,*,#6228,.F.);
#8191=ORIENTED_EDGE('',*,*,#6227,.F.);
#8192=ORIENTED_EDGE('',*,*,#6229,.F.);
#8193=ORIENTED_EDGE('',*,*,#6230,.F.);
#8194=ORIENTED_EDGE('',*,*,#6231,.T.);
#8195=ORIENTED_EDGE('',*,*,#6232,.F.);
#8196=ORIENTED_EDGE('',*,*,#6233,.F.);
#8197=ORIENTED_EDGE('',*,*,#6234,.T.);
#8198=ORIENTED_EDGE('',*,*,#6235,.F.);
#8199=ORIENTED_EDGE('',*,*,#6231,.F.);
#8200=ORIENTED_EDGE('',*,*,#6232,.T.);
#8201=ORIENTED_EDGE('',*,*,#6235,.T.);
#8202=ORIENTED_EDGE('',*,*,#6236,.F.);
#8203=ORIENTED_EDGE('',*,*,#6237,.F.);
#8204=ORIENTED_EDGE('',*,*,#6238,.T.);
#8205=ORIENTED_EDGE('',*,*,#6239,.T.);
#8206=ORIENTED_EDGE('',*,*,#6228,.T.);
#8207=ORIENTED_EDGE('',*,*,#6240,.F.);
#8208=ORIENTED_EDGE('',*,*,#6241,.T.);
#8209=ORIENTED_EDGE('',*,*,#6242,.F.);
#8210=ORIENTED_EDGE('',*,*,#6241,.F.);
#8211=ORIENTED_EDGE('',*,*,#6243,.F.);
#8212=ORIENTED_EDGE('',*,*,#6244,.F.);
#8213=ORIENTED_EDGE('',*,*,#6245,.T.);
#8214=ORIENTED_EDGE('',*,*,#6246,.F.);
#8215=ORIENTED_EDGE('',*,*,#6247,.F.);
#8216=ORIENTED_EDGE('',*,*,#6248,.T.);
#8217=ORIENTED_EDGE('',*,*,#6249,.F.);
#8218=ORIENTED_EDGE('',*,*,#6245,.F.);
#8219=ORIENTED_EDGE('',*,*,#6243,.T.);
#8220=ORIENTED_EDGE('',*,*,#6250,.F.);
#8221=ORIENTED_EDGE('',*,*,#6251,.T.);
#8222=ORIENTED_EDGE('',*,*,#6252,.T.);
#8223=ORIENTED_EDGE('',*,*,#6246,.T.);
#8224=ORIENTED_EDGE('',*,*,#6249,.T.);
#8225=ORIENTED_EDGE('',*,*,#6253,.T.);
#8226=ORIENTED_EDGE('',*,*,#6254,.F.);
#8227=ORIENTED_EDGE('',*,*,#6255,.T.);
#8228=ORIENTED_EDGE('',*,*,#6250,.T.);
#8229=ORIENTED_EDGE('',*,*,#6240,.T.);
#8230=ORIENTED_EDGE('',*,*,#6256,.F.);
#8231=ORIENTED_EDGE('',*,*,#6257,.F.);
#8232=ORIENTED_EDGE('',*,*,#6258,.T.);
#8233=ORIENTED_EDGE('',*,*,#6259,.T.);
#8234=ORIENTED_EDGE('',*,*,#6260,.T.);
#8235=ORIENTED_EDGE('',*,*,#6261,.T.);
#8236=ORIENTED_EDGE('',*,*,#6262,.F.);
#8237=ORIENTED_EDGE('',*,*,#6261,.F.);
#8238=ORIENTED_EDGE('',*,*,#6263,.T.);
#8239=ORIENTED_EDGE('',*,*,#6264,.F.);
#8240=ORIENTED_EDGE('',*,*,#6265,.T.);
#8241=ORIENTED_EDGE('',*,*,#6266,.F.);
#8242=ORIENTED_EDGE('',*,*,#6267,.F.);
#8243=ORIENTED_EDGE('',*,*,#6258,.F.);
#8244=ORIENTED_EDGE('',*,*,#6268,.F.);
#8245=ORIENTED_EDGE('',*,*,#6191,.T.);
#8246=ORIENTED_EDGE('',*,*,#6259,.F.);
#8247=ORIENTED_EDGE('',*,*,#6267,.T.);
#8248=ORIENTED_EDGE('',*,*,#6269,.F.);
#8249=ORIENTED_EDGE('',*,*,#6270,.F.);
#8250=ORIENTED_EDGE('',*,*,#6260,.F.);
#8251=ORIENTED_EDGE('',*,*,#6270,.T.);
#8252=ORIENTED_EDGE('',*,*,#6271,.F.);
#8253=ORIENTED_EDGE('',*,*,#6263,.F.);
#8254=ORIENTED_EDGE('',*,*,#6202,.T.);
#8255=ORIENTED_EDGE('',*,*,#6272,.T.);
#8256=ORIENTED_EDGE('',*,*,#6237,.T.);
#8257=ORIENTED_EDGE('',*,*,#6273,.F.);
#8258=ORIENTED_EDGE('',*,*,#6264,.T.);
#8259=ORIENTED_EDGE('',*,*,#6271,.T.);
#8260=ORIENTED_EDGE('',*,*,#6269,.T.);
#8261=ORIENTED_EDGE('',*,*,#6266,.T.);
#8262=ORIENTED_EDGE('',*,*,#6274,.T.);
#8263=ORIENTED_EDGE('',*,*,#6187,.T.);
#8264=ORIENTED_EDGE('',*,*,#6275,.F.);
#8265=ORIENTED_EDGE('',*,*,#6276,.F.);
#8266=ORIENTED_EDGE('',*,*,#6277,.T.);
#8267=ORIENTED_EDGE('',*,*,#6278,.T.);
#8268=ORIENTED_EDGE('',*,*,#6279,.T.);
#8269=ORIENTED_EDGE('',*,*,#6280,.T.);
#8270=ORIENTED_EDGE('',*,*,#6281,.T.);
#8271=ORIENTED_EDGE('',*,*,#6282,.T.);
#8272=ORIENTED_EDGE('',*,*,#6279,.F.);
#8273=ORIENTED_EDGE('',*,*,#6283,.F.);
#8274=ORIENTED_EDGE('',*,*,#6284,.T.);
#8275=ORIENTED_EDGE('',*,*,#6283,.T.);
#8276=ORIENTED_EDGE('',*,*,#6278,.F.);
#8277=ORIENTED_EDGE('',*,*,#6285,.F.);
#8278=ORIENTED_EDGE('',*,*,#6286,.T.);
#8279=ORIENTED_EDGE('',*,*,#6285,.T.);
#8280=ORIENTED_EDGE('',*,*,#6277,.F.);
#8281=ORIENTED_EDGE('',*,*,#6287,.F.);
#8282=ORIENTED_EDGE('',*,*,#6288,.F.);
#8283=ORIENTED_EDGE('',*,*,#6280,.F.);
#8284=ORIENTED_EDGE('',*,*,#6282,.F.);
#8285=ORIENTED_EDGE('',*,*,#6289,.T.);
#8286=ORIENTED_EDGE('',*,*,#6290,.T.);
#8287=ORIENTED_EDGE('',*,*,#6291,.T.);
#8288=ORIENTED_EDGE('',*,*,#6254,.T.);
#8289=ORIENTED_EDGE('',*,*,#6292,.T.);
#8290=ORIENTED_EDGE('',*,*,#6289,.F.);
#8291=ORIENTED_EDGE('',*,*,#6281,.F.);
#8292=ORIENTED_EDGE('',*,*,#6284,.F.);
#8293=ORIENTED_EDGE('',*,*,#6286,.F.);
#8294=ORIENTED_EDGE('',*,*,#6293,.F.);
#8295=ORIENTED_EDGE('',*,*,#6294,.F.);
#8296=ORIENTED_EDGE('',*,*,#6295,.T.);
#8297=ORIENTED_EDGE('',*,*,#6296,.F.);
#8298=ORIENTED_EDGE('',*,*,#6192,.T.);
#8299=ORIENTED_EDGE('',*,*,#6268,.T.);
#8300=ORIENTED_EDGE('',*,*,#6257,.T.);
#8301=ORIENTED_EDGE('',*,*,#6297,.F.);
#8302=ORIENTED_EDGE('',*,*,#6295,.F.);
#8303=ORIENTED_EDGE('',*,*,#6298,.F.);
#8304=ORIENTED_EDGE('',*,*,#6262,.T.);
#8305=ORIENTED_EDGE('',*,*,#6273,.T.);
#8306=ORIENTED_EDGE('',*,*,#6236,.T.);
#8307=ORIENTED_EDGE('',*,*,#6234,.F.);
#8308=ORIENTED_EDGE('',*,*,#6299,.F.);
#8309=ORIENTED_EDGE('',*,*,#6296,.T.);
#8310=ORIENTED_EDGE('',*,*,#6297,.T.);
#8311=ORIENTED_EDGE('',*,*,#6256,.T.);
#8312=ORIENTED_EDGE('',*,*,#6193,.T.);
#8313=ORIENTED_EDGE('',*,*,#6298,.T.);
#8314=ORIENTED_EDGE('',*,*,#6294,.T.);
#8315=ORIENTED_EDGE('',*,*,#6300,.T.);
#8316=ORIENTED_EDGE('',*,*,#6209,.T.);
#8317=ORIENTED_EDGE('',*,*,#6301,.T.);
#8318=ORIENTED_EDGE('',*,*,#6302,.T.);
#8319=ORIENTED_EDGE('',*,*,#6303,.T.);
#8320=ORIENTED_EDGE('',*,*,#6304,.F.);
#8321=ORIENTED_EDGE('',*,*,#6305,.F.);
#8322=ORIENTED_EDGE('',*,*,#6238,.F.);
#8323=ORIENTED_EDGE('',*,*,#6272,.F.);
#8324=ORIENTED_EDGE('',*,*,#6204,.F.);
#8325=ORIENTED_EDGE('',*,*,#6207,.F.);
#8326=ORIENTED_EDGE('',*,*,#6306,.F.);
#8327=ORIENTED_EDGE('',*,*,#6307,.F.);
#8328=ORIENTED_EDGE('',*,*,#6308,.F.);
#8329=ORIENTED_EDGE('',*,*,#6224,.F.);
#8330=ORIENTED_EDGE('',*,*,#6309,.F.);
#8331=ORIENTED_EDGE('',*,*,#6310,.F.);
#8332=ORIENTED_EDGE('',*,*,#6311,.F.);
#8333=ORIENTED_EDGE('',*,*,#6251,.F.);
#8334=ORIENTED_EDGE('',*,*,#6255,.F.);
#8335=ORIENTED_EDGE('',*,*,#6291,.F.);
#8336=ORIENTED_EDGE('',*,*,#6210,.T.);
#8337=ORIENTED_EDGE('',*,*,#6300,.F.);
#8338=ORIENTED_EDGE('',*,*,#6293,.T.);
#8339=ORIENTED_EDGE('',*,*,#6287,.T.);
#8340=ORIENTED_EDGE('',*,*,#6276,.T.);
#8341=ORIENTED_EDGE('',*,*,#6312,.F.);
#8342=ORIENTED_EDGE('',*,*,#6312,.T.);
#8343=ORIENTED_EDGE('',*,*,#6275,.T.);
#8344=ORIENTED_EDGE('',*,*,#6288,.T.);
#8345=ORIENTED_EDGE('',*,*,#6292,.F.);
#8346=ORIENTED_EDGE('',*,*,#6253,.F.);
#8347=ORIENTED_EDGE('',*,*,#6248,.F.);
#8348=ORIENTED_EDGE('',*,*,#6313,.F.);
#8349=ORIENTED_EDGE('',*,*,#6314,.T.);
#8350=ORIENTED_EDGE('',*,*,#6315,.F.);
#8351=ORIENTED_EDGE('',*,*,#6220,.T.);
#8352=ORIENTED_EDGE('',*,*,#6316,.F.);
#8353=ORIENTED_EDGE('',*,*,#6211,.F.);
#8354=ORIENTED_EDGE('',*,*,#6208,.T.);
#8355=ORIENTED_EDGE('',*,*,#6198,.T.);
#8356=ORIENTED_EDGE('',*,*,#6200,.T.);
#8357=ORIENTED_EDGE('',*,*,#6188,.T.);
#8358=ORIENTED_EDGE('',*,*,#6274,.F.);
#8359=ORIENTED_EDGE('',*,*,#6265,.F.);
#8360=ORIENTED_EDGE('',*,*,#6194,.T.);
#8361=ORIENTED_EDGE('',*,*,#6303,.F.);
#8362=ORIENTED_EDGE('',*,*,#6317,.F.);
#8363=ORIENTED_EDGE('',*,*,#6306,.T.);
#8364=ORIENTED_EDGE('',*,*,#6206,.T.);
#8365=ORIENTED_EDGE('',*,*,#6317,.T.);
#8366=ORIENTED_EDGE('',*,*,#6302,.F.);
#8367=ORIENTED_EDGE('',*,*,#6318,.T.);
#8368=ORIENTED_EDGE('',*,*,#6307,.T.);
#8369=ORIENTED_EDGE('',*,*,#6252,.F.);
#8370=ORIENTED_EDGE('',*,*,#6311,.T.);
#8371=ORIENTED_EDGE('',*,*,#6319,.T.);
#8372=ORIENTED_EDGE('',*,*,#6313,.T.);
#8373=ORIENTED_EDGE('',*,*,#6247,.T.);
#8374=ORIENTED_EDGE('',*,*,#6244,.T.);
#8375=ORIENTED_EDGE('',*,*,#6242,.T.);
#8376=ORIENTED_EDGE('',*,*,#6320,.F.);
#8377=ORIENTED_EDGE('',*,*,#6304,.T.);
#8378=ORIENTED_EDGE('',*,*,#6290,.F.);
#8379=ORIENTED_EDGE('',*,*,#6299,.T.);
#8380=ORIENTED_EDGE('',*,*,#6233,.T.);
#8381=ORIENTED_EDGE('',*,*,#6230,.T.);
#8382=ORIENTED_EDGE('',*,*,#6226,.T.);
#8383=ORIENTED_EDGE('',*,*,#6229,.T.);
#8384=ORIENTED_EDGE('',*,*,#6239,.F.);
#8385=ORIENTED_EDGE('',*,*,#6305,.T.);
#8386=ORIENTED_EDGE('',*,*,#6320,.T.);
#8387=ORIENTED_EDGE('',*,*,#6222,.T.);
#8388=ORIENTED_EDGE('',*,*,#6225,.F.);
#8389=ORIENTED_EDGE('',*,*,#6308,.T.);
#8390=ORIENTED_EDGE('',*,*,#6318,.F.);
#8391=ORIENTED_EDGE('',*,*,#6301,.F.);
#8392=ORIENTED_EDGE('',*,*,#6212,.T.);
#8393=ORIENTED_EDGE('',*,*,#6316,.T.);
#8394=ORIENTED_EDGE('',*,*,#6219,.T.);
#8395=ORIENTED_EDGE('',*,*,#6214,.T.);
#8396=ORIENTED_EDGE('',*,*,#6321,.F.);
#8397=ORIENTED_EDGE('',*,*,#6309,.T.);
#8398=ORIENTED_EDGE('',*,*,#6223,.T.);
#8399=ORIENTED_EDGE('',*,*,#6216,.T.);
#8400=ORIENTED_EDGE('',*,*,#6218,.T.);
#8401=ORIENTED_EDGE('',*,*,#6315,.T.);
#8402=ORIENTED_EDGE('',*,*,#6185,.T.);
#8403=ORIENTED_EDGE('',*,*,#6321,.T.);
#8404=ORIENTED_EDGE('',*,*,#6314,.F.);
#8405=ORIENTED_EDGE('',*,*,#6319,.F.);
#8406=ORIENTED_EDGE('',*,*,#6310,.T.);
#8407=ORIENTED_EDGE('',*,*,#6322,.T.);
#8408=ORIENTED_EDGE('',*,*,#6323,.F.);
#8409=ORIENTED_EDGE('',*,*,#6322,.F.);
#8410=ORIENTED_EDGE('',*,*,#6324,.F.);
#8411=ORIENTED_EDGE('',*,*,#6325,.T.);
#8412=ORIENTED_EDGE('',*,*,#6325,.F.);
#8413=ORIENTED_EDGE('',*,*,#6326,.F.);
#8414=ORIENTED_EDGE('',*,*,#6327,.F.);
#8415=ORIENTED_EDGE('',*,*,#6328,.T.);
#8416=ORIENTED_EDGE('',*,*,#6329,.F.);
#8417=ORIENTED_EDGE('',*,*,#6330,.F.);
#8418=ORIENTED_EDGE('',*,*,#6331,.F.);
#8419=ORIENTED_EDGE('',*,*,#6332,.F.);
#8420=ORIENTED_EDGE('',*,*,#6333,.F.);
#8421=ORIENTED_EDGE('',*,*,#6334,.F.);
#8422=ORIENTED_EDGE('',*,*,#6335,.F.);
#8423=ORIENTED_EDGE('',*,*,#6336,.F.);
#8424=ORIENTED_EDGE('',*,*,#6337,.F.);
#8425=ORIENTED_EDGE('',*,*,#6338,.F.);
#8426=ORIENTED_EDGE('',*,*,#6339,.F.);
#8427=ORIENTED_EDGE('',*,*,#6336,.T.);
#8428=ORIENTED_EDGE('',*,*,#6340,.F.);
#8429=ORIENTED_EDGE('',*,*,#6328,.F.);
#8430=ORIENTED_EDGE('',*,*,#6341,.F.);
#8431=ORIENTED_EDGE('',*,*,#6329,.T.);
#8432=ORIENTED_EDGE('',*,*,#6340,.T.);
#8433=ORIENTED_EDGE('',*,*,#6335,.T.);
#8434=ORIENTED_EDGE('',*,*,#6342,.F.);
#8435=ORIENTED_EDGE('',*,*,#6343,.T.);
#8436=ORIENTED_EDGE('',*,*,#6323,.T.);
#8437=ORIENTED_EDGE('',*,*,#6334,.T.);
#8438=ORIENTED_EDGE('',*,*,#6344,.T.);
#8439=ORIENTED_EDGE('',*,*,#6345,.F.);
#8440=ORIENTED_EDGE('',*,*,#6346,.T.);
#8441=ORIENTED_EDGE('',*,*,#6342,.T.);
#8442=ORIENTED_EDGE('',*,*,#6338,.T.);
#8443=ORIENTED_EDGE('',*,*,#6347,.F.);
#8444=ORIENTED_EDGE('',*,*,#6344,.F.);
#8445=ORIENTED_EDGE('',*,*,#6348,.F.);
#8446=ORIENTED_EDGE('',*,*,#6349,.F.);
#8447=ORIENTED_EDGE('',*,*,#6350,.T.);
#8448=ORIENTED_EDGE('',*,*,#6351,.F.);
#8449=ORIENTED_EDGE('',*,*,#6352,.F.);
#8450=ORIENTED_EDGE('',*,*,#6353,.F.);
#8451=ORIENTED_EDGE('',*,*,#6354,.F.);
#8452=ORIENTED_EDGE('',*,*,#6355,.F.);
#8453=ORIENTED_EDGE('',*,*,#6356,.F.);
#8454=ORIENTED_EDGE('',*,*,#6357,.F.);
#8455=ORIENTED_EDGE('',*,*,#6354,.T.);
#8456=ORIENTED_EDGE('',*,*,#6358,.F.);
#8457=ORIENTED_EDGE('',*,*,#6359,.F.);
#8458=ORIENTED_EDGE('',*,*,#6352,.T.);
#8459=ORIENTED_EDGE('',*,*,#6360,.F.);
#8460=ORIENTED_EDGE('',*,*,#6361,.F.);
#8461=ORIENTED_EDGE('',*,*,#6356,.T.);
#8462=ORIENTED_EDGE('',*,*,#6362,.F.);
#8463=ORIENTED_EDGE('',*,*,#6363,.T.);
#8464=ORIENTED_EDGE('',*,*,#6364,.T.);
#8465=ORIENTED_EDGE('',*,*,#6360,.T.);
#8466=ORIENTED_EDGE('',*,*,#6365,.F.);
#8467=ORIENTED_EDGE('',*,*,#6366,.T.);
#8468=ORIENTED_EDGE('',*,*,#6367,.F.);
#8469=ORIENTED_EDGE('',*,*,#6366,.F.);
#8470=ORIENTED_EDGE('',*,*,#6368,.F.);
#8471=ORIENTED_EDGE('',*,*,#6369,.F.);
#8472=ORIENTED_EDGE('',*,*,#6370,.T.);
#8473=ORIENTED_EDGE('',*,*,#6371,.F.);
#8474=ORIENTED_EDGE('',*,*,#6372,.F.);
#8475=ORIENTED_EDGE('',*,*,#6373,.T.);
#8476=ORIENTED_EDGE('',*,*,#6374,.F.);
#8477=ORIENTED_EDGE('',*,*,#6370,.F.);
#8478=ORIENTED_EDGE('',*,*,#6371,.T.);
#8479=ORIENTED_EDGE('',*,*,#6374,.T.);
#8480=ORIENTED_EDGE('',*,*,#6375,.F.);
#8481=ORIENTED_EDGE('',*,*,#6376,.F.);
#8482=ORIENTED_EDGE('',*,*,#6377,.T.);
#8483=ORIENTED_EDGE('',*,*,#6378,.T.);
#8484=ORIENTED_EDGE('',*,*,#6367,.T.);
#8485=ORIENTED_EDGE('',*,*,#6379,.F.);
#8486=ORIENTED_EDGE('',*,*,#6380,.T.);
#8487=ORIENTED_EDGE('',*,*,#6381,.F.);
#8488=ORIENTED_EDGE('',*,*,#6380,.F.);
#8489=ORIENTED_EDGE('',*,*,#6382,.F.);
#8490=ORIENTED_EDGE('',*,*,#6383,.F.);
#8491=ORIENTED_EDGE('',*,*,#6384,.T.);
#8492=ORIENTED_EDGE('',*,*,#6385,.F.);
#8493=ORIENTED_EDGE('',*,*,#6386,.F.);
#8494=ORIENTED_EDGE('',*,*,#6387,.T.);
#8495=ORIENTED_EDGE('',*,*,#6388,.F.);
#8496=ORIENTED_EDGE('',*,*,#6384,.F.);
#8497=ORIENTED_EDGE('',*,*,#6382,.T.);
#8498=ORIENTED_EDGE('',*,*,#6389,.F.);
#8499=ORIENTED_EDGE('',*,*,#6390,.T.);
#8500=ORIENTED_EDGE('',*,*,#6391,.T.);
#8501=ORIENTED_EDGE('',*,*,#6385,.T.);
#8502=ORIENTED_EDGE('',*,*,#6388,.T.);
#8503=ORIENTED_EDGE('',*,*,#6392,.T.);
#8504=ORIENTED_EDGE('',*,*,#6393,.F.);
#8505=ORIENTED_EDGE('',*,*,#6394,.T.);
#8506=ORIENTED_EDGE('',*,*,#6389,.T.);
#8507=ORIENTED_EDGE('',*,*,#6379,.T.);
#8508=ORIENTED_EDGE('',*,*,#6395,.F.);
#8509=ORIENTED_EDGE('',*,*,#6396,.F.);
#8510=ORIENTED_EDGE('',*,*,#6397,.T.);
#8511=ORIENTED_EDGE('',*,*,#6398,.T.);
#8512=ORIENTED_EDGE('',*,*,#6399,.T.);
#8513=ORIENTED_EDGE('',*,*,#6400,.T.);
#8514=ORIENTED_EDGE('',*,*,#6401,.F.);
#8515=ORIENTED_EDGE('',*,*,#6400,.F.);
#8516=ORIENTED_EDGE('',*,*,#6402,.T.);
#8517=ORIENTED_EDGE('',*,*,#6403,.F.);
#8518=ORIENTED_EDGE('',*,*,#6404,.T.);
#8519=ORIENTED_EDGE('',*,*,#6405,.F.);
#8520=ORIENTED_EDGE('',*,*,#6406,.F.);
#8521=ORIENTED_EDGE('',*,*,#6397,.F.);
#8522=ORIENTED_EDGE('',*,*,#6407,.F.);
#8523=ORIENTED_EDGE('',*,*,#6330,.T.);
#8524=ORIENTED_EDGE('',*,*,#6398,.F.);
#8525=ORIENTED_EDGE('',*,*,#6406,.T.);
#8526=ORIENTED_EDGE('',*,*,#6408,.F.);
#8527=ORIENTED_EDGE('',*,*,#6409,.F.);
#8528=ORIENTED_EDGE('',*,*,#6399,.F.);
#8529=ORIENTED_EDGE('',*,*,#6409,.T.);
#8530=ORIENTED_EDGE('',*,*,#6410,.F.);
#8531=ORIENTED_EDGE('',*,*,#6402,.F.);
#8532=ORIENTED_EDGE('',*,*,#6341,.T.);
#8533=ORIENTED_EDGE('',*,*,#6411,.T.);
#8534=ORIENTED_EDGE('',*,*,#6376,.T.);
#8535=ORIENTED_EDGE('',*,*,#6412,.F.);
#8536=ORIENTED_EDGE('',*,*,#6403,.T.);
#8537=ORIENTED_EDGE('',*,*,#6410,.T.);
#8538=ORIENTED_EDGE('',*,*,#6408,.T.);
#8539=ORIENTED_EDGE('',*,*,#6405,.T.);
#8540=ORIENTED_EDGE('',*,*,#6413,.T.);
#8541=ORIENTED_EDGE('',*,*,#6326,.T.);
#8542=ORIENTED_EDGE('',*,*,#6414,.F.);
#8543=ORIENTED_EDGE('',*,*,#6415,.F.);
#8544=ORIENTED_EDGE('',*,*,#6416,.T.);
#8545=ORIENTED_EDGE('',*,*,#6417,.T.);
#8546=ORIENTED_EDGE('',*,*,#6418,.T.);
#8547=ORIENTED_EDGE('',*,*,#6419,.T.);
#8548=ORIENTED_EDGE('',*,*,#6420,.T.);
#8549=ORIENTED_EDGE('',*,*,#6421,.T.);
#8550=ORIENTED_EDGE('',*,*,#6418,.F.);
#8551=ORIENTED_EDGE('',*,*,#6422,.F.);
#8552=ORIENTED_EDGE('',*,*,#6423,.T.);
#8553=ORIENTED_EDGE('',*,*,#6422,.T.);
#8554=ORIENTED_EDGE('',*,*,#6417,.F.);
#8555=ORIENTED_EDGE('',*,*,#6424,.F.);
#8556=ORIENTED_EDGE('',*,*,#6425,.T.);
#8557=ORIENTED_EDGE('',*,*,#6424,.T.);
#8558=ORIENTED_EDGE('',*,*,#6416,.F.);
#8559=ORIENTED_EDGE('',*,*,#6426,.F.);
#8560=ORIENTED_EDGE('',*,*,#6427,.F.);
#8561=ORIENTED_EDGE('',*,*,#6419,.F.);
#8562=ORIENTED_EDGE('',*,*,#6421,.F.);
#8563=ORIENTED_EDGE('',*,*,#6428,.T.);
#8564=ORIENTED_EDGE('',*,*,#6429,.T.);
#8565=ORIENTED_EDGE('',*,*,#6430,.T.);
#8566=ORIENTED_EDGE('',*,*,#6393,.T.);
#8567=ORIENTED_EDGE('',*,*,#6431,.T.);
#8568=ORIENTED_EDGE('',*,*,#6428,.F.);
#8569=ORIENTED_EDGE('',*,*,#6420,.F.);
#8570=ORIENTED_EDGE('',*,*,#6423,.F.);
#8571=ORIENTED_EDGE('',*,*,#6425,.F.);
#8572=ORIENTED_EDGE('',*,*,#6432,.F.);
#8573=ORIENTED_EDGE('',*,*,#6433,.F.);
#8574=ORIENTED_EDGE('',*,*,#6434,.T.);
#8575=ORIENTED_EDGE('',*,*,#6435,.F.);
#8576=ORIENTED_EDGE('',*,*,#6331,.T.);
#8577=ORIENTED_EDGE('',*,*,#6407,.T.);
#8578=ORIENTED_EDGE('',*,*,#6396,.T.);
#8579=ORIENTED_EDGE('',*,*,#6436,.F.);
#8580=ORIENTED_EDGE('',*,*,#6434,.F.);
#8581=ORIENTED_EDGE('',*,*,#6437,.F.);
#8582=ORIENTED_EDGE('',*,*,#6401,.T.);
#8583=ORIENTED_EDGE('',*,*,#6412,.T.);
#8584=ORIENTED_EDGE('',*,*,#6375,.T.);
#8585=ORIENTED_EDGE('',*,*,#6373,.F.);
#8586=ORIENTED_EDGE('',*,*,#6438,.F.);
#8587=ORIENTED_EDGE('',*,*,#6435,.T.);
#8588=ORIENTED_EDGE('',*,*,#6436,.T.);
#8589=ORIENTED_EDGE('',*,*,#6395,.T.);
#8590=ORIENTED_EDGE('',*,*,#6332,.T.);
#8591=ORIENTED_EDGE('',*,*,#6437,.T.);
#8592=ORIENTED_EDGE('',*,*,#6433,.T.);
#8593=ORIENTED_EDGE('',*,*,#6439,.T.);
#8594=ORIENTED_EDGE('',*,*,#6348,.T.);
#8595=ORIENTED_EDGE('',*,*,#6440,.T.);
#8596=ORIENTED_EDGE('',*,*,#6441,.T.);
#8597=ORIENTED_EDGE('',*,*,#6442,.T.);
#8598=ORIENTED_EDGE('',*,*,#6443,.F.);
#8599=ORIENTED_EDGE('',*,*,#6444,.F.);
#8600=ORIENTED_EDGE('',*,*,#6377,.F.);
#8601=ORIENTED_EDGE('',*,*,#6411,.F.);
#8602=ORIENTED_EDGE('',*,*,#6343,.F.);
#8603=ORIENTED_EDGE('',*,*,#6346,.F.);
#8604=ORIENTED_EDGE('',*,*,#6445,.F.);
#8605=ORIENTED_EDGE('',*,*,#6446,.F.);
#8606=ORIENTED_EDGE('',*,*,#6447,.F.);
#8607=ORIENTED_EDGE('',*,*,#6363,.F.);
#8608=ORIENTED_EDGE('',*,*,#6448,.F.);
#8609=ORIENTED_EDGE('',*,*,#6449,.F.);
#8610=ORIENTED_EDGE('',*,*,#6450,.F.);
#8611=ORIENTED_EDGE('',*,*,#6390,.F.);
#8612=ORIENTED_EDGE('',*,*,#6394,.F.);
#8613=ORIENTED_EDGE('',*,*,#6430,.F.);
#8614=ORIENTED_EDGE('',*,*,#6349,.T.);
#8615=ORIENTED_EDGE('',*,*,#6439,.F.);
#8616=ORIENTED_EDGE('',*,*,#6432,.T.);
#8617=ORIENTED_EDGE('',*,*,#6426,.T.);
#8618=ORIENTED_EDGE('',*,*,#6415,.T.);
#8619=ORIENTED_EDGE('',*,*,#6451,.F.);
#8620=ORIENTED_EDGE('',*,*,#6451,.T.);
#8621=ORIENTED_EDGE('',*,*,#6414,.T.);
#8622=ORIENTED_EDGE('',*,*,#6427,.T.);
#8623=ORIENTED_EDGE('',*,*,#6431,.F.);
#8624=ORIENTED_EDGE('',*,*,#6392,.F.);
#8625=ORIENTED_EDGE('',*,*,#6387,.F.);
#8626=ORIENTED_EDGE('',*,*,#6452,.F.);
#8627=ORIENTED_EDGE('',*,*,#6453,.T.);
#8628=ORIENTED_EDGE('',*,*,#6454,.F.);
#8629=ORIENTED_EDGE('',*,*,#6359,.T.);
#8630=ORIENTED_EDGE('',*,*,#6455,.F.);
#8631=ORIENTED_EDGE('',*,*,#6350,.F.);
#8632=ORIENTED_EDGE('',*,*,#6347,.T.);
#8633=ORIENTED_EDGE('',*,*,#6337,.T.);
#8634=ORIENTED_EDGE('',*,*,#6339,.T.);
#8635=ORIENTED_EDGE('',*,*,#6327,.T.);
#8636=ORIENTED_EDGE('',*,*,#6413,.F.);
#8637=ORIENTED_EDGE('',*,*,#6404,.F.);
#8638=ORIENTED_EDGE('',*,*,#6333,.T.);
#8639=ORIENTED_EDGE('',*,*,#6442,.F.);
#8640=ORIENTED_EDGE('',*,*,#6456,.F.);
#8641=ORIENTED_EDGE('',*,*,#6445,.T.);
#8642=ORIENTED_EDGE('',*,*,#6345,.T.);
#8643=ORIENTED_EDGE('',*,*,#6456,.T.);
#8644=ORIENTED_EDGE('',*,*,#6441,.F.);
#8645=ORIENTED_EDGE('',*,*,#6457,.T.);
#8646=ORIENTED_EDGE('',*,*,#6446,.T.);
#8647=ORIENTED_EDGE('',*,*,#6391,.F.);
#8648=ORIENTED_EDGE('',*,*,#6450,.T.);
#8649=ORIENTED_EDGE('',*,*,#6458,.T.);
#8650=ORIENTED_EDGE('',*,*,#6452,.T.);
#8651=ORIENTED_EDGE('',*,*,#6386,.T.);
#8652=ORIENTED_EDGE('',*,*,#6383,.T.);
#8653=ORIENTED_EDGE('',*,*,#6381,.T.);
#8654=ORIENTED_EDGE('',*,*,#6459,.F.);
#8655=ORIENTED_EDGE('',*,*,#6443,.T.);
#8656=ORIENTED_EDGE('',*,*,#6429,.F.);
#8657=ORIENTED_EDGE('',*,*,#6438,.T.);
#8658=ORIENTED_EDGE('',*,*,#6372,.T.);
#8659=ORIENTED_EDGE('',*,*,#6369,.T.);
#8660=ORIENTED_EDGE('',*,*,#6365,.T.);
#8661=ORIENTED_EDGE('',*,*,#6368,.T.);
#8662=ORIENTED_EDGE('',*,*,#6378,.F.);
#8663=ORIENTED_EDGE('',*,*,#6444,.T.);
#8664=ORIENTED_EDGE('',*,*,#6459,.T.);
#8665=ORIENTED_EDGE('',*,*,#6361,.T.);
#8666=ORIENTED_EDGE('',*,*,#6364,.F.);
#8667=ORIENTED_EDGE('',*,*,#6447,.T.);
#8668=ORIENTED_EDGE('',*,*,#6457,.F.);
#8669=ORIENTED_EDGE('',*,*,#6440,.F.);
#8670=ORIENTED_EDGE('',*,*,#6351,.T.);
#8671=ORIENTED_EDGE('',*,*,#6455,.T.);
#8672=ORIENTED_EDGE('',*,*,#6358,.T.);
#8673=ORIENTED_EDGE('',*,*,#6353,.T.);
#8674=ORIENTED_EDGE('',*,*,#6460,.F.);
#8675=ORIENTED_EDGE('',*,*,#6448,.T.);
#8676=ORIENTED_EDGE('',*,*,#6362,.T.);
#8677=ORIENTED_EDGE('',*,*,#6355,.T.);
#8678=ORIENTED_EDGE('',*,*,#6357,.T.);
#8679=ORIENTED_EDGE('',*,*,#6454,.T.);
#8680=ORIENTED_EDGE('',*,*,#6324,.T.);
#8681=ORIENTED_EDGE('',*,*,#6460,.T.);
#8682=ORIENTED_EDGE('',*,*,#6453,.F.);
#8683=ORIENTED_EDGE('',*,*,#6458,.F.);
#8684=ORIENTED_EDGE('',*,*,#6449,.T.);
#8685=ORIENTED_EDGE('',*,*,#6461,.T.);
#8686=ORIENTED_EDGE('',*,*,#6462,.F.);
#8687=ORIENTED_EDGE('',*,*,#6461,.F.);
#8688=ORIENTED_EDGE('',*,*,#6463,.F.);
#8689=ORIENTED_EDGE('',*,*,#6464,.T.);
#8690=ORIENTED_EDGE('',*,*,#6464,.F.);
#8691=ORIENTED_EDGE('',*,*,#6465,.F.);
#8692=ORIENTED_EDGE('',*,*,#6466,.F.);
#8693=ORIENTED_EDGE('',*,*,#6467,.T.);
#8694=ORIENTED_EDGE('',*,*,#6468,.F.);
#8695=ORIENTED_EDGE('',*,*,#6469,.F.);
#8696=ORIENTED_EDGE('',*,*,#6470,.F.);
#8697=ORIENTED_EDGE('',*,*,#6471,.F.);
#8698=ORIENTED_EDGE('',*,*,#6472,.F.);
#8699=ORIENTED_EDGE('',*,*,#6473,.F.);
#8700=ORIENTED_EDGE('',*,*,#6474,.F.);
#8701=ORIENTED_EDGE('',*,*,#6475,.F.);
#8702=ORIENTED_EDGE('',*,*,#6476,.F.);
#8703=ORIENTED_EDGE('',*,*,#6477,.F.);
#8704=ORIENTED_EDGE('',*,*,#6478,.F.);
#8705=ORIENTED_EDGE('',*,*,#6475,.T.);
#8706=ORIENTED_EDGE('',*,*,#6479,.F.);
#8707=ORIENTED_EDGE('',*,*,#6467,.F.);
#8708=ORIENTED_EDGE('',*,*,#6480,.F.);
#8709=ORIENTED_EDGE('',*,*,#6468,.T.);
#8710=ORIENTED_EDGE('',*,*,#6479,.T.);
#8711=ORIENTED_EDGE('',*,*,#6474,.T.);
#8712=ORIENTED_EDGE('',*,*,#6481,.F.);
#8713=ORIENTED_EDGE('',*,*,#6482,.T.);
#8714=ORIENTED_EDGE('',*,*,#6462,.T.);
#8715=ORIENTED_EDGE('',*,*,#6473,.T.);
#8716=ORIENTED_EDGE('',*,*,#6483,.T.);
#8717=ORIENTED_EDGE('',*,*,#6484,.F.);
#8718=ORIENTED_EDGE('',*,*,#6485,.T.);
#8719=ORIENTED_EDGE('',*,*,#6481,.T.);
#8720=ORIENTED_EDGE('',*,*,#6477,.T.);
#8721=ORIENTED_EDGE('',*,*,#6486,.F.);
#8722=ORIENTED_EDGE('',*,*,#6483,.F.);
#8723=ORIENTED_EDGE('',*,*,#6487,.F.);
#8724=ORIENTED_EDGE('',*,*,#6488,.F.);
#8725=ORIENTED_EDGE('',*,*,#6489,.T.);
#8726=ORIENTED_EDGE('',*,*,#6490,.F.);
#8727=ORIENTED_EDGE('',*,*,#6491,.F.);
#8728=ORIENTED_EDGE('',*,*,#6492,.F.);
#8729=ORIENTED_EDGE('',*,*,#6493,.F.);
#8730=ORIENTED_EDGE('',*,*,#6494,.F.);
#8731=ORIENTED_EDGE('',*,*,#6495,.F.);
#8732=ORIENTED_EDGE('',*,*,#6496,.F.);
#8733=ORIENTED_EDGE('',*,*,#6493,.T.);
#8734=ORIENTED_EDGE('',*,*,#6497,.F.);
#8735=ORIENTED_EDGE('',*,*,#6498,.F.);
#8736=ORIENTED_EDGE('',*,*,#6491,.T.);
#8737=ORIENTED_EDGE('',*,*,#6499,.F.);
#8738=ORIENTED_EDGE('',*,*,#6500,.F.);
#8739=ORIENTED_EDGE('',*,*,#6495,.T.);
#8740=ORIENTED_EDGE('',*,*,#6501,.F.);
#8741=ORIENTED_EDGE('',*,*,#6502,.T.);
#8742=ORIENTED_EDGE('',*,*,#6503,.T.);
#8743=ORIENTED_EDGE('',*,*,#6499,.T.);
#8744=ORIENTED_EDGE('',*,*,#6504,.F.);
#8745=ORIENTED_EDGE('',*,*,#6505,.T.);
#8746=ORIENTED_EDGE('',*,*,#6506,.F.);
#8747=ORIENTED_EDGE('',*,*,#6505,.F.);
#8748=ORIENTED_EDGE('',*,*,#6507,.F.);
#8749=ORIENTED_EDGE('',*,*,#6508,.F.);
#8750=ORIENTED_EDGE('',*,*,#6509,.T.);
#8751=ORIENTED_EDGE('',*,*,#6510,.F.);
#8752=ORIENTED_EDGE('',*,*,#6511,.F.);
#8753=ORIENTED_EDGE('',*,*,#6512,.T.);
#8754=ORIENTED_EDGE('',*,*,#6513,.F.);
#8755=ORIENTED_EDGE('',*,*,#6509,.F.);
#8756=ORIENTED_EDGE('',*,*,#6510,.T.);
#8757=ORIENTED_EDGE('',*,*,#6513,.T.);
#8758=ORIENTED_EDGE('',*,*,#6514,.F.);
#8759=ORIENTED_EDGE('',*,*,#6515,.F.);
#8760=ORIENTED_EDGE('',*,*,#6516,.T.);
#8761=ORIENTED_EDGE('',*,*,#6517,.T.);
#8762=ORIENTED_EDGE('',*,*,#6506,.T.);
#8763=ORIENTED_EDGE('',*,*,#6518,.F.);
#8764=ORIENTED_EDGE('',*,*,#6519,.T.);
#8765=ORIENTED_EDGE('',*,*,#6520,.F.);
#8766=ORIENTED_EDGE('',*,*,#6519,.F.);
#8767=ORIENTED_EDGE('',*,*,#6521,.F.);
#8768=ORIENTED_EDGE('',*,*,#6522,.F.);
#8769=ORIENTED_EDGE('',*,*,#6523,.T.);
#8770=ORIENTED_EDGE('',*,*,#6524,.F.);
#8771=ORIENTED_EDGE('',*,*,#6525,.F.);
#8772=ORIENTED_EDGE('',*,*,#6526,.T.);
#8773=ORIENTED_EDGE('',*,*,#6527,.F.);
#8774=ORIENTED_EDGE('',*,*,#6523,.F.);
#8775=ORIENTED_EDGE('',*,*,#6521,.T.);
#8776=ORIENTED_EDGE('',*,*,#6528,.F.);
#8777=ORIENTED_EDGE('',*,*,#6529,.T.);
#8778=ORIENTED_EDGE('',*,*,#6530,.T.);
#8779=ORIENTED_EDGE('',*,*,#6524,.T.);
#8780=ORIENTED_EDGE('',*,*,#6527,.T.);
#8781=ORIENTED_EDGE('',*,*,#6531,.T.);
#8782=ORIENTED_EDGE('',*,*,#6532,.F.);
#8783=ORIENTED_EDGE('',*,*,#6533,.T.);
#8784=ORIENTED_EDGE('',*,*,#6528,.T.);
#8785=ORIENTED_EDGE('',*,*,#6518,.T.);
#8786=ORIENTED_EDGE('',*,*,#6534,.F.);
#8787=ORIENTED_EDGE('',*,*,#6535,.F.);
#8788=ORIENTED_EDGE('',*,*,#6536,.T.);
#8789=ORIENTED_EDGE('',*,*,#6537,.T.);
#8790=ORIENTED_EDGE('',*,*,#6538,.T.);
#8791=ORIENTED_EDGE('',*,*,#6539,.T.);
#8792=ORIENTED_EDGE('',*,*,#6540,.F.);
#8793=ORIENTED_EDGE('',*,*,#6539,.F.);
#8794=ORIENTED_EDGE('',*,*,#6541,.T.);
#8795=ORIENTED_EDGE('',*,*,#6542,.F.);
#8796=ORIENTED_EDGE('',*,*,#6543,.T.);
#8797=ORIENTED_EDGE('',*,*,#6544,.F.);
#8798=ORIENTED_EDGE('',*,*,#6545,.F.);
#8799=ORIENTED_EDGE('',*,*,#6536,.F.);
#8800=ORIENTED_EDGE('',*,*,#6546,.F.);
#8801=ORIENTED_EDGE('',*,*,#6469,.T.);
#8802=ORIENTED_EDGE('',*,*,#6537,.F.);
#8803=ORIENTED_EDGE('',*,*,#6545,.T.);
#8804=ORIENTED_EDGE('',*,*,#6547,.F.);
#8805=ORIENTED_EDGE('',*,*,#6548,.F.);
#8806=ORIENTED_EDGE('',*,*,#6538,.F.);
#8807=ORIENTED_EDGE('',*,*,#6548,.T.);
#8808=ORIENTED_EDGE('',*,*,#6549,.F.);
#8809=ORIENTED_EDGE('',*,*,#6541,.F.);
#8810=ORIENTED_EDGE('',*,*,#6480,.T.);
#8811=ORIENTED_EDGE('',*,*,#6550,.T.);
#8812=ORIENTED_EDGE('',*,*,#6515,.T.);
#8813=ORIENTED_EDGE('',*,*,#6551,.F.);
#8814=ORIENTED_EDGE('',*,*,#6542,.T.);
#8815=ORIENTED_EDGE('',*,*,#6549,.T.);
#8816=ORIENTED_EDGE('',*,*,#6547,.T.);
#8817=ORIENTED_EDGE('',*,*,#6544,.T.);
#8818=ORIENTED_EDGE('',*,*,#6552,.T.);
#8819=ORIENTED_EDGE('',*,*,#6465,.T.);
#8820=ORIENTED_EDGE('',*,*,#6553,.F.);
#8821=ORIENTED_EDGE('',*,*,#6554,.F.);
#8822=ORIENTED_EDGE('',*,*,#6555,.T.);
#8823=ORIENTED_EDGE('',*,*,#6556,.T.);
#8824=ORIENTED_EDGE('',*,*,#6557,.T.);
#8825=ORIENTED_EDGE('',*,*,#6558,.T.);
#8826=ORIENTED_EDGE('',*,*,#6559,.T.);
#8827=ORIENTED_EDGE('',*,*,#6560,.T.);
#8828=ORIENTED_EDGE('',*,*,#6557,.F.);
#8829=ORIENTED_EDGE('',*,*,#6561,.F.);
#8830=ORIENTED_EDGE('',*,*,#6562,.T.);
#8831=ORIENTED_EDGE('',*,*,#6561,.T.);
#8832=ORIENTED_EDGE('',*,*,#6556,.F.);
#8833=ORIENTED_EDGE('',*,*,#6563,.F.);
#8834=ORIENTED_EDGE('',*,*,#6564,.T.);
#8835=ORIENTED_EDGE('',*,*,#6563,.T.);
#8836=ORIENTED_EDGE('',*,*,#6555,.F.);
#8837=ORIENTED_EDGE('',*,*,#6565,.F.);
#8838=ORIENTED_EDGE('',*,*,#6566,.F.);
#8839=ORIENTED_EDGE('',*,*,#6558,.F.);
#8840=ORIENTED_EDGE('',*,*,#6560,.F.);
#8841=ORIENTED_EDGE('',*,*,#6567,.T.);
#8842=ORIENTED_EDGE('',*,*,#6568,.T.);
#8843=ORIENTED_EDGE('',*,*,#6569,.T.);
#8844=ORIENTED_EDGE('',*,*,#6532,.T.);
#8845=ORIENTED_EDGE('',*,*,#6570,.T.);
#8846=ORIENTED_EDGE('',*,*,#6567,.F.);
#8847=ORIENTED_EDGE('',*,*,#6559,.F.);
#8848=ORIENTED_EDGE('',*,*,#6562,.F.);
#8849=ORIENTED_EDGE('',*,*,#6564,.F.);
#8850=ORIENTED_EDGE('',*,*,#6571,.F.);
#8851=ORIENTED_EDGE('',*,*,#6572,.F.);
#8852=ORIENTED_EDGE('',*,*,#6573,.T.);
#8853=ORIENTED_EDGE('',*,*,#6574,.F.);
#8854=ORIENTED_EDGE('',*,*,#6470,.T.);
#8855=ORIENTED_EDGE('',*,*,#6546,.T.);
#8856=ORIENTED_EDGE('',*,*,#6535,.T.);
#8857=ORIENTED_EDGE('',*,*,#6575,.F.);
#8858=ORIENTED_EDGE('',*,*,#6573,.F.);
#8859=ORIENTED_EDGE('',*,*,#6576,.F.);
#8860=ORIENTED_EDGE('',*,*,#6540,.T.);
#8861=ORIENTED_EDGE('',*,*,#6551,.T.);
#8862=ORIENTED_EDGE('',*,*,#6514,.T.);
#8863=ORIENTED_EDGE('',*,*,#6512,.F.);
#8864=ORIENTED_EDGE('',*,*,#6577,.F.);
#8865=ORIENTED_EDGE('',*,*,#6574,.T.);
#8866=ORIENTED_EDGE('',*,*,#6575,.T.);
#8867=ORIENTED_EDGE('',*,*,#6534,.T.);
#8868=ORIENTED_EDGE('',*,*,#6471,.T.);
#8869=ORIENTED_EDGE('',*,*,#6576,.T.);
#8870=ORIENTED_EDGE('',*,*,#6572,.T.);
#8871=ORIENTED_EDGE('',*,*,#6578,.T.);
#8872=ORIENTED_EDGE('',*,*,#6487,.T.);
#8873=ORIENTED_EDGE('',*,*,#6579,.T.);
#8874=ORIENTED_EDGE('',*,*,#6580,.T.);
#8875=ORIENTED_EDGE('',*,*,#6581,.T.);
#8876=ORIENTED_EDGE('',*,*,#6582,.F.);
#8877=ORIENTED_EDGE('',*,*,#6583,.F.);
#8878=ORIENTED_EDGE('',*,*,#6516,.F.);
#8879=ORIENTED_EDGE('',*,*,#6550,.F.);
#8880=ORIENTED_EDGE('',*,*,#6482,.F.);
#8881=ORIENTED_EDGE('',*,*,#6485,.F.);
#8882=ORIENTED_EDGE('',*,*,#6584,.F.);
#8883=ORIENTED_EDGE('',*,*,#6585,.F.);
#8884=ORIENTED_EDGE('',*,*,#6586,.F.);
#8885=ORIENTED_EDGE('',*,*,#6502,.F.);
#8886=ORIENTED_EDGE('',*,*,#6587,.F.);
#8887=ORIENTED_EDGE('',*,*,#6588,.F.);
#8888=ORIENTED_EDGE('',*,*,#6589,.F.);
#8889=ORIENTED_EDGE('',*,*,#6529,.F.);
#8890=ORIENTED_EDGE('',*,*,#6533,.F.);
#8891=ORIENTED_EDGE('',*,*,#6569,.F.);
#8892=ORIENTED_EDGE('',*,*,#6488,.T.);
#8893=ORIENTED_EDGE('',*,*,#6578,.F.);
#8894=ORIENTED_EDGE('',*,*,#6571,.T.);
#8895=ORIENTED_EDGE('',*,*,#6565,.T.);
#8896=ORIENTED_EDGE('',*,*,#6554,.T.);
#8897=ORIENTED_EDGE('',*,*,#6590,.F.);
#8898=ORIENTED_EDGE('',*,*,#6590,.T.);
#8899=ORIENTED_EDGE('',*,*,#6553,.T.);
#8900=ORIENTED_EDGE('',*,*,#6566,.T.);
#8901=ORIENTED_EDGE('',*,*,#6570,.F.);
#8902=ORIENTED_EDGE('',*,*,#6531,.F.);
#8903=ORIENTED_EDGE('',*,*,#6526,.F.);
#8904=ORIENTED_EDGE('',*,*,#6591,.F.);
#8905=ORIENTED_EDGE('',*,*,#6592,.T.);
#8906=ORIENTED_EDGE('',*,*,#6593,.F.);
#8907=ORIENTED_EDGE('',*,*,#6498,.T.);
#8908=ORIENTED_EDGE('',*,*,#6594,.F.);
#8909=ORIENTED_EDGE('',*,*,#6489,.F.);
#8910=ORIENTED_EDGE('',*,*,#6486,.T.);
#8911=ORIENTED_EDGE('',*,*,#6476,.T.);
#8912=ORIENTED_EDGE('',*,*,#6478,.T.);
#8913=ORIENTED_EDGE('',*,*,#6466,.T.);
#8914=ORIENTED_EDGE('',*,*,#6552,.F.);
#8915=ORIENTED_EDGE('',*,*,#6543,.F.);
#8916=ORIENTED_EDGE('',*,*,#6472,.T.);
#8917=ORIENTED_EDGE('',*,*,#6581,.F.);
#8918=ORIENTED_EDGE('',*,*,#6595,.F.);
#8919=ORIENTED_EDGE('',*,*,#6584,.T.);
#8920=ORIENTED_EDGE('',*,*,#6484,.T.);
#8921=ORIENTED_EDGE('',*,*,#6595,.T.);
#8922=ORIENTED_EDGE('',*,*,#6580,.F.);
#8923=ORIENTED_EDGE('',*,*,#6596,.T.);
#8924=ORIENTED_EDGE('',*,*,#6585,.T.);
#8925=ORIENTED_EDGE('',*,*,#6530,.F.);
#8926=ORIENTED_EDGE('',*,*,#6589,.T.);
#8927=ORIENTED_EDGE('',*,*,#6597,.T.);
#8928=ORIENTED_EDGE('',*,*,#6591,.T.);
#8929=ORIENTED_EDGE('',*,*,#6525,.T.);
#8930=ORIENTED_EDGE('',*,*,#6522,.T.);
#8931=ORIENTED_EDGE('',*,*,#6520,.T.);
#8932=ORIENTED_EDGE('',*,*,#6598,.F.);
#8933=ORIENTED_EDGE('',*,*,#6582,.T.);
#8934=ORIENTED_EDGE('',*,*,#6568,.F.);
#8935=ORIENTED_EDGE('',*,*,#6577,.T.);
#8936=ORIENTED_EDGE('',*,*,#6511,.T.);
#8937=ORIENTED_EDGE('',*,*,#6508,.T.);
#8938=ORIENTED_EDGE('',*,*,#6504,.T.);
#8939=ORIENTED_EDGE('',*,*,#6507,.T.);
#8940=ORIENTED_EDGE('',*,*,#6517,.F.);
#8941=ORIENTED_EDGE('',*,*,#6583,.T.);
#8942=ORIENTED_EDGE('',*,*,#6598,.T.);
#8943=ORIENTED_EDGE('',*,*,#6500,.T.);
#8944=ORIENTED_EDGE('',*,*,#6503,.F.);
#8945=ORIENTED_EDGE('',*,*,#6586,.T.);
#8946=ORIENTED_EDGE('',*,*,#6596,.F.);
#8947=ORIENTED_EDGE('',*,*,#6579,.F.);
#8948=ORIENTED_EDGE('',*,*,#6490,.T.);
#8949=ORIENTED_EDGE('',*,*,#6594,.T.);
#8950=ORIENTED_EDGE('',*,*,#6497,.T.);
#8951=ORIENTED_EDGE('',*,*,#6492,.T.);
#8952=ORIENTED_EDGE('',*,*,#6599,.F.);
#8953=ORIENTED_EDGE('',*,*,#6587,.T.);
#8954=ORIENTED_EDGE('',*,*,#6501,.T.);
#8955=ORIENTED_EDGE('',*,*,#6494,.T.);
#8956=ORIENTED_EDGE('',*,*,#6496,.T.);
#8957=ORIENTED_EDGE('',*,*,#6593,.T.);
#8958=ORIENTED_EDGE('',*,*,#6463,.T.);
#8959=ORIENTED_EDGE('',*,*,#6599,.T.);
#8960=ORIENTED_EDGE('',*,*,#6592,.F.);
#8961=ORIENTED_EDGE('',*,*,#6597,.F.);
#8962=ORIENTED_EDGE('',*,*,#6588,.T.);
#8963=ORIENTED_EDGE('',*,*,#6600,.T.);
#8964=ORIENTED_EDGE('',*,*,#6601,.F.);
#8965=ORIENTED_EDGE('',*,*,#6600,.F.);
#8966=ORIENTED_EDGE('',*,*,#6602,.F.);
#8967=ORIENTED_EDGE('',*,*,#6603,.T.);
#8968=ORIENTED_EDGE('',*,*,#6603,.F.);
#8969=ORIENTED_EDGE('',*,*,#6604,.F.);
#8970=ORIENTED_EDGE('',*,*,#6605,.F.);
#8971=ORIENTED_EDGE('',*,*,#6606,.T.);
#8972=ORIENTED_EDGE('',*,*,#6607,.F.);
#8973=ORIENTED_EDGE('',*,*,#6608,.F.);
#8974=ORIENTED_EDGE('',*,*,#6609,.F.);
#8975=ORIENTED_EDGE('',*,*,#6610,.F.);
#8976=ORIENTED_EDGE('',*,*,#6611,.F.);
#8977=ORIENTED_EDGE('',*,*,#6612,.F.);
#8978=ORIENTED_EDGE('',*,*,#6613,.F.);
#8979=ORIENTED_EDGE('',*,*,#6614,.F.);
#8980=ORIENTED_EDGE('',*,*,#6615,.F.);
#8981=ORIENTED_EDGE('',*,*,#6616,.F.);
#8982=ORIENTED_EDGE('',*,*,#6617,.F.);
#8983=ORIENTED_EDGE('',*,*,#6614,.T.);
#8984=ORIENTED_EDGE('',*,*,#6618,.F.);
#8985=ORIENTED_EDGE('',*,*,#6606,.F.);
#8986=ORIENTED_EDGE('',*,*,#6619,.F.);
#8987=ORIENTED_EDGE('',*,*,#6607,.T.);
#8988=ORIENTED_EDGE('',*,*,#6618,.T.);
#8989=ORIENTED_EDGE('',*,*,#6613,.T.);
#8990=ORIENTED_EDGE('',*,*,#6620,.F.);
#8991=ORIENTED_EDGE('',*,*,#6621,.T.);
#8992=ORIENTED_EDGE('',*,*,#6601,.T.);
#8993=ORIENTED_EDGE('',*,*,#6612,.T.);
#8994=ORIENTED_EDGE('',*,*,#6622,.T.);
#8995=ORIENTED_EDGE('',*,*,#6623,.F.);
#8996=ORIENTED_EDGE('',*,*,#6624,.T.);
#8997=ORIENTED_EDGE('',*,*,#6620,.T.);
#8998=ORIENTED_EDGE('',*,*,#6616,.T.);
#8999=ORIENTED_EDGE('',*,*,#6625,.F.);
#9000=ORIENTED_EDGE('',*,*,#6622,.F.);
#9001=ORIENTED_EDGE('',*,*,#6626,.F.);
#9002=ORIENTED_EDGE('',*,*,#6627,.F.);
#9003=ORIENTED_EDGE('',*,*,#6628,.T.);
#9004=ORIENTED_EDGE('',*,*,#6629,.F.);
#9005=ORIENTED_EDGE('',*,*,#6630,.F.);
#9006=ORIENTED_EDGE('',*,*,#6631,.F.);
#9007=ORIENTED_EDGE('',*,*,#6632,.F.);
#9008=ORIENTED_EDGE('',*,*,#6633,.F.);
#9009=ORIENTED_EDGE('',*,*,#6634,.F.);
#9010=ORIENTED_EDGE('',*,*,#6635,.F.);
#9011=ORIENTED_EDGE('',*,*,#6632,.T.);
#9012=ORIENTED_EDGE('',*,*,#6636,.F.);
#9013=ORIENTED_EDGE('',*,*,#6637,.F.);
#9014=ORIENTED_EDGE('',*,*,#6630,.T.);
#9015=ORIENTED_EDGE('',*,*,#6638,.F.);
#9016=ORIENTED_EDGE('',*,*,#6639,.F.);
#9017=ORIENTED_EDGE('',*,*,#6634,.T.);
#9018=ORIENTED_EDGE('',*,*,#6640,.F.);
#9019=ORIENTED_EDGE('',*,*,#6641,.T.);
#9020=ORIENTED_EDGE('',*,*,#6642,.T.);
#9021=ORIENTED_EDGE('',*,*,#6638,.T.);
#9022=ORIENTED_EDGE('',*,*,#6643,.F.);
#9023=ORIENTED_EDGE('',*,*,#6644,.T.);
#9024=ORIENTED_EDGE('',*,*,#6645,.F.);
#9025=ORIENTED_EDGE('',*,*,#6644,.F.);
#9026=ORIENTED_EDGE('',*,*,#6646,.F.);
#9027=ORIENTED_EDGE('',*,*,#6647,.F.);
#9028=ORIENTED_EDGE('',*,*,#6648,.T.);
#9029=ORIENTED_EDGE('',*,*,#6649,.F.);
#9030=ORIENTED_EDGE('',*,*,#6650,.F.);
#9031=ORIENTED_EDGE('',*,*,#6651,.T.);
#9032=ORIENTED_EDGE('',*,*,#6652,.F.);
#9033=ORIENTED_EDGE('',*,*,#6648,.F.);
#9034=ORIENTED_EDGE('',*,*,#6649,.T.);
#9035=ORIENTED_EDGE('',*,*,#6652,.T.);
#9036=ORIENTED_EDGE('',*,*,#6653,.F.);
#9037=ORIENTED_EDGE('',*,*,#6654,.F.);
#9038=ORIENTED_EDGE('',*,*,#6655,.T.);
#9039=ORIENTED_EDGE('',*,*,#6656,.T.);
#9040=ORIENTED_EDGE('',*,*,#6645,.T.);
#9041=ORIENTED_EDGE('',*,*,#6657,.F.);
#9042=ORIENTED_EDGE('',*,*,#6658,.T.);
#9043=ORIENTED_EDGE('',*,*,#6659,.F.);
#9044=ORIENTED_EDGE('',*,*,#6658,.F.);
#9045=ORIENTED_EDGE('',*,*,#6660,.F.);
#9046=ORIENTED_EDGE('',*,*,#6661,.F.);
#9047=ORIENTED_EDGE('',*,*,#6662,.T.);
#9048=ORIENTED_EDGE('',*,*,#6663,.F.);
#9049=ORIENTED_EDGE('',*,*,#6664,.F.);
#9050=ORIENTED_EDGE('',*,*,#6665,.T.);
#9051=ORIENTED_EDGE('',*,*,#6666,.F.);
#9052=ORIENTED_EDGE('',*,*,#6662,.F.);
#9053=ORIENTED_EDGE('',*,*,#6660,.T.);
#9054=ORIENTED_EDGE('',*,*,#6667,.F.);
#9055=ORIENTED_EDGE('',*,*,#6668,.T.);
#9056=ORIENTED_EDGE('',*,*,#6669,.T.);
#9057=ORIENTED_EDGE('',*,*,#6663,.T.);
#9058=ORIENTED_EDGE('',*,*,#6666,.T.);
#9059=ORIENTED_EDGE('',*,*,#6670,.T.);
#9060=ORIENTED_EDGE('',*,*,#6671,.F.);
#9061=ORIENTED_EDGE('',*,*,#6672,.T.);
#9062=ORIENTED_EDGE('',*,*,#6667,.T.);
#9063=ORIENTED_EDGE('',*,*,#6657,.T.);
#9064=ORIENTED_EDGE('',*,*,#6673,.F.);
#9065=ORIENTED_EDGE('',*,*,#6674,.F.);
#9066=ORIENTED_EDGE('',*,*,#6675,.T.);
#9067=ORIENTED_EDGE('',*,*,#6676,.T.);
#9068=ORIENTED_EDGE('',*,*,#6677,.T.);
#9069=ORIENTED_EDGE('',*,*,#6678,.T.);
#9070=ORIENTED_EDGE('',*,*,#6679,.F.);
#9071=ORIENTED_EDGE('',*,*,#6678,.F.);
#9072=ORIENTED_EDGE('',*,*,#6680,.T.);
#9073=ORIENTED_EDGE('',*,*,#6681,.F.);
#9074=ORIENTED_EDGE('',*,*,#6682,.T.);
#9075=ORIENTED_EDGE('',*,*,#6683,.F.);
#9076=ORIENTED_EDGE('',*,*,#6684,.F.);
#9077=ORIENTED_EDGE('',*,*,#6675,.F.);
#9078=ORIENTED_EDGE('',*,*,#6685,.F.);
#9079=ORIENTED_EDGE('',*,*,#6608,.T.);
#9080=ORIENTED_EDGE('',*,*,#6676,.F.);
#9081=ORIENTED_EDGE('',*,*,#6684,.T.);
#9082=ORIENTED_EDGE('',*,*,#6686,.F.);
#9083=ORIENTED_EDGE('',*,*,#6687,.F.);
#9084=ORIENTED_EDGE('',*,*,#6677,.F.);
#9085=ORIENTED_EDGE('',*,*,#6687,.T.);
#9086=ORIENTED_EDGE('',*,*,#6688,.F.);
#9087=ORIENTED_EDGE('',*,*,#6680,.F.);
#9088=ORIENTED_EDGE('',*,*,#6619,.T.);
#9089=ORIENTED_EDGE('',*,*,#6689,.T.);
#9090=ORIENTED_EDGE('',*,*,#6654,.T.);
#9091=ORIENTED_EDGE('',*,*,#6690,.F.);
#9092=ORIENTED_EDGE('',*,*,#6681,.T.);
#9093=ORIENTED_EDGE('',*,*,#6688,.T.);
#9094=ORIENTED_EDGE('',*,*,#6686,.T.);
#9095=ORIENTED_EDGE('',*,*,#6683,.T.);
#9096=ORIENTED_EDGE('',*,*,#6691,.T.);
#9097=ORIENTED_EDGE('',*,*,#6604,.T.);
#9098=ORIENTED_EDGE('',*,*,#6692,.F.);
#9099=ORIENTED_EDGE('',*,*,#6693,.F.);
#9100=ORIENTED_EDGE('',*,*,#6694,.T.);
#9101=ORIENTED_EDGE('',*,*,#6695,.T.);
#9102=ORIENTED_EDGE('',*,*,#6696,.T.);
#9103=ORIENTED_EDGE('',*,*,#6697,.T.);
#9104=ORIENTED_EDGE('',*,*,#6698,.T.);
#9105=ORIENTED_EDGE('',*,*,#6699,.T.);
#9106=ORIENTED_EDGE('',*,*,#6696,.F.);
#9107=ORIENTED_EDGE('',*,*,#6700,.F.);
#9108=ORIENTED_EDGE('',*,*,#6701,.T.);
#9109=ORIENTED_EDGE('',*,*,#6700,.T.);
#9110=ORIENTED_EDGE('',*,*,#6695,.F.);
#9111=ORIENTED_EDGE('',*,*,#6702,.F.);
#9112=ORIENTED_EDGE('',*,*,#6703,.T.);
#9113=ORIENTED_EDGE('',*,*,#6702,.T.);
#9114=ORIENTED_EDGE('',*,*,#6694,.F.);
#9115=ORIENTED_EDGE('',*,*,#6704,.F.);
#9116=ORIENTED_EDGE('',*,*,#6705,.F.);
#9117=ORIENTED_EDGE('',*,*,#6697,.F.);
#9118=ORIENTED_EDGE('',*,*,#6699,.F.);
#9119=ORIENTED_EDGE('',*,*,#6706,.T.);
#9120=ORIENTED_EDGE('',*,*,#6707,.T.);
#9121=ORIENTED_EDGE('',*,*,#6708,.T.);
#9122=ORIENTED_EDGE('',*,*,#6671,.T.);
#9123=ORIENTED_EDGE('',*,*,#6709,.T.);
#9124=ORIENTED_EDGE('',*,*,#6706,.F.);
#9125=ORIENTED_EDGE('',*,*,#6698,.F.);
#9126=ORIENTED_EDGE('',*,*,#6701,.F.);
#9127=ORIENTED_EDGE('',*,*,#6703,.F.);
#9128=ORIENTED_EDGE('',*,*,#6710,.F.);
#9129=ORIENTED_EDGE('',*,*,#6711,.F.);
#9130=ORIENTED_EDGE('',*,*,#6712,.T.);
#9131=ORIENTED_EDGE('',*,*,#6713,.F.);
#9132=ORIENTED_EDGE('',*,*,#6609,.T.);
#9133=ORIENTED_EDGE('',*,*,#6685,.T.);
#9134=ORIENTED_EDGE('',*,*,#6674,.T.);
#9135=ORIENTED_EDGE('',*,*,#6714,.F.);
#9136=ORIENTED_EDGE('',*,*,#6712,.F.);
#9137=ORIENTED_EDGE('',*,*,#6715,.F.);
#9138=ORIENTED_EDGE('',*,*,#6679,.T.);
#9139=ORIENTED_EDGE('',*,*,#6690,.T.);
#9140=ORIENTED_EDGE('',*,*,#6653,.T.);
#9141=ORIENTED_EDGE('',*,*,#6651,.F.);
#9142=ORIENTED_EDGE('',*,*,#6716,.F.);
#9143=ORIENTED_EDGE('',*,*,#6713,.T.);
#9144=ORIENTED_EDGE('',*,*,#6714,.T.);
#9145=ORIENTED_EDGE('',*,*,#6673,.T.);
#9146=ORIENTED_EDGE('',*,*,#6610,.T.);
#9147=ORIENTED_EDGE('',*,*,#6715,.T.);
#9148=ORIENTED_EDGE('',*,*,#6711,.T.);
#9149=ORIENTED_EDGE('',*,*,#6717,.T.);
#9150=ORIENTED_EDGE('',*,*,#6626,.T.);
#9151=ORIENTED_EDGE('',*,*,#6718,.T.);
#9152=ORIENTED_EDGE('',*,*,#6719,.T.);
#9153=ORIENTED_EDGE('',*,*,#6720,.T.);
#9154=ORIENTED_EDGE('',*,*,#6721,.F.);
#9155=ORIENTED_EDGE('',*,*,#6722,.F.);
#9156=ORIENTED_EDGE('',*,*,#6655,.F.);
#9157=ORIENTED_EDGE('',*,*,#6689,.F.);
#9158=ORIENTED_EDGE('',*,*,#6621,.F.);
#9159=ORIENTED_EDGE('',*,*,#6624,.F.);
#9160=ORIENTED_EDGE('',*,*,#6723,.F.);
#9161=ORIENTED_EDGE('',*,*,#6724,.F.);
#9162=ORIENTED_EDGE('',*,*,#6725,.F.);
#9163=ORIENTED_EDGE('',*,*,#6641,.F.);
#9164=ORIENTED_EDGE('',*,*,#6726,.F.);
#9165=ORIENTED_EDGE('',*,*,#6727,.F.);
#9166=ORIENTED_EDGE('',*,*,#6728,.F.);
#9167=ORIENTED_EDGE('',*,*,#6668,.F.);
#9168=ORIENTED_EDGE('',*,*,#6672,.F.);
#9169=ORIENTED_EDGE('',*,*,#6708,.F.);
#9170=ORIENTED_EDGE('',*,*,#6627,.T.);
#9171=ORIENTED_EDGE('',*,*,#6717,.F.);
#9172=ORIENTED_EDGE('',*,*,#6710,.T.);
#9173=ORIENTED_EDGE('',*,*,#6704,.T.);
#9174=ORIENTED_EDGE('',*,*,#6693,.T.);
#9175=ORIENTED_EDGE('',*,*,#6729,.F.);
#9176=ORIENTED_EDGE('',*,*,#6729,.T.);
#9177=ORIENTED_EDGE('',*,*,#6692,.T.);
#9178=ORIENTED_EDGE('',*,*,#6705,.T.);
#9179=ORIENTED_EDGE('',*,*,#6709,.F.);
#9180=ORIENTED_EDGE('',*,*,#6670,.F.);
#9181=ORIENTED_EDGE('',*,*,#6665,.F.);
#9182=ORIENTED_EDGE('',*,*,#6730,.F.);
#9183=ORIENTED_EDGE('',*,*,#6731,.T.);
#9184=ORIENTED_EDGE('',*,*,#6732,.F.);
#9185=ORIENTED_EDGE('',*,*,#6637,.T.);
#9186=ORIENTED_EDGE('',*,*,#6733,.F.);
#9187=ORIENTED_EDGE('',*,*,#6628,.F.);
#9188=ORIENTED_EDGE('',*,*,#6625,.T.);
#9189=ORIENTED_EDGE('',*,*,#6615,.T.);
#9190=ORIENTED_EDGE('',*,*,#6617,.T.);
#9191=ORIENTED_EDGE('',*,*,#6605,.T.);
#9192=ORIENTED_EDGE('',*,*,#6691,.F.);
#9193=ORIENTED_EDGE('',*,*,#6682,.F.);
#9194=ORIENTED_EDGE('',*,*,#6611,.T.);
#9195=ORIENTED_EDGE('',*,*,#6720,.F.);
#9196=ORIENTED_EDGE('',*,*,#6734,.F.);
#9197=ORIENTED_EDGE('',*,*,#6723,.T.);
#9198=ORIENTED_EDGE('',*,*,#6623,.T.);
#9199=ORIENTED_EDGE('',*,*,#6734,.T.);
#9200=ORIENTED_EDGE('',*,*,#6719,.F.);
#9201=ORIENTED_EDGE('',*,*,#6735,.T.);
#9202=ORIENTED_EDGE('',*,*,#6724,.T.);
#9203=ORIENTED_EDGE('',*,*,#6669,.F.);
#9204=ORIENTED_EDGE('',*,*,#6728,.T.);
#9205=ORIENTED_EDGE('',*,*,#6736,.T.);
#9206=ORIENTED_EDGE('',*,*,#6730,.T.);
#9207=ORIENTED_EDGE('',*,*,#6664,.T.);
#9208=ORIENTED_EDGE('',*,*,#6661,.T.);
#9209=ORIENTED_EDGE('',*,*,#6659,.T.);
#9210=ORIENTED_EDGE('',*,*,#6737,.F.);
#9211=ORIENTED_EDGE('',*,*,#6721,.T.);
#9212=ORIENTED_EDGE('',*,*,#6707,.F.);
#9213=ORIENTED_EDGE('',*,*,#6716,.T.);
#9214=ORIENTED_EDGE('',*,*,#6650,.T.);
#9215=ORIENTED_EDGE('',*,*,#6647,.T.);
#9216=ORIENTED_EDGE('',*,*,#6643,.T.);
#9217=ORIENTED_EDGE('',*,*,#6646,.T.);
#9218=ORIENTED_EDGE('',*,*,#6656,.F.);
#9219=ORIENTED_EDGE('',*,*,#6722,.T.);
#9220=ORIENTED_EDGE('',*,*,#6737,.T.);
#9221=ORIENTED_EDGE('',*,*,#6639,.T.);
#9222=ORIENTED_EDGE('',*,*,#6642,.F.);
#9223=ORIENTED_EDGE('',*,*,#6725,.T.);
#9224=ORIENTED_EDGE('',*,*,#6735,.F.);
#9225=ORIENTED_EDGE('',*,*,#6718,.F.);
#9226=ORIENTED_EDGE('',*,*,#6629,.T.);
#9227=ORIENTED_EDGE('',*,*,#6733,.T.);
#9228=ORIENTED_EDGE('',*,*,#6636,.T.);
#9229=ORIENTED_EDGE('',*,*,#6631,.T.);
#9230=ORIENTED_EDGE('',*,*,#6738,.F.);
#9231=ORIENTED_EDGE('',*,*,#6726,.T.);
#9232=ORIENTED_EDGE('',*,*,#6640,.T.);
#9233=ORIENTED_EDGE('',*,*,#6633,.T.);
#9234=ORIENTED_EDGE('',*,*,#6635,.T.);
#9235=ORIENTED_EDGE('',*,*,#6732,.T.);
#9236=ORIENTED_EDGE('',*,*,#6602,.T.);
#9237=ORIENTED_EDGE('',*,*,#6738,.T.);
#9238=ORIENTED_EDGE('',*,*,#6731,.F.);
#9239=ORIENTED_EDGE('',*,*,#6736,.F.);
#9240=ORIENTED_EDGE('',*,*,#6727,.T.);
#9241=ORIENTED_EDGE('',*,*,#6739,.T.);
#9242=ORIENTED_EDGE('',*,*,#6740,.F.);
#9243=ORIENTED_EDGE('',*,*,#6739,.F.);
#9244=ORIENTED_EDGE('',*,*,#6741,.F.);
#9245=ORIENTED_EDGE('',*,*,#6742,.T.);
#9246=ORIENTED_EDGE('',*,*,#6742,.F.);
#9247=ORIENTED_EDGE('',*,*,#6743,.F.);
#9248=ORIENTED_EDGE('',*,*,#6744,.F.);
#9249=ORIENTED_EDGE('',*,*,#6745,.T.);
#9250=ORIENTED_EDGE('',*,*,#6746,.F.);
#9251=ORIENTED_EDGE('',*,*,#6747,.F.);
#9252=ORIENTED_EDGE('',*,*,#6748,.F.);
#9253=ORIENTED_EDGE('',*,*,#6749,.F.);
#9254=ORIENTED_EDGE('',*,*,#6750,.F.);
#9255=ORIENTED_EDGE('',*,*,#6751,.F.);
#9256=ORIENTED_EDGE('',*,*,#6752,.F.);
#9257=ORIENTED_EDGE('',*,*,#6753,.F.);
#9258=ORIENTED_EDGE('',*,*,#6754,.F.);
#9259=ORIENTED_EDGE('',*,*,#6755,.F.);
#9260=ORIENTED_EDGE('',*,*,#6756,.F.);
#9261=ORIENTED_EDGE('',*,*,#6753,.T.);
#9262=ORIENTED_EDGE('',*,*,#6757,.F.);
#9263=ORIENTED_EDGE('',*,*,#6745,.F.);
#9264=ORIENTED_EDGE('',*,*,#6758,.F.);
#9265=ORIENTED_EDGE('',*,*,#6746,.T.);
#9266=ORIENTED_EDGE('',*,*,#6757,.T.);
#9267=ORIENTED_EDGE('',*,*,#6752,.T.);
#9268=ORIENTED_EDGE('',*,*,#6759,.F.);
#9269=ORIENTED_EDGE('',*,*,#6760,.T.);
#9270=ORIENTED_EDGE('',*,*,#6740,.T.);
#9271=ORIENTED_EDGE('',*,*,#6751,.T.);
#9272=ORIENTED_EDGE('',*,*,#6761,.T.);
#9273=ORIENTED_EDGE('',*,*,#6762,.F.);
#9274=ORIENTED_EDGE('',*,*,#6763,.T.);
#9275=ORIENTED_EDGE('',*,*,#6759,.T.);
#9276=ORIENTED_EDGE('',*,*,#6755,.T.);
#9277=ORIENTED_EDGE('',*,*,#6764,.F.);
#9278=ORIENTED_EDGE('',*,*,#6761,.F.);
#9279=ORIENTED_EDGE('',*,*,#6765,.F.);
#9280=ORIENTED_EDGE('',*,*,#6766,.F.);
#9281=ORIENTED_EDGE('',*,*,#6767,.T.);
#9282=ORIENTED_EDGE('',*,*,#6768,.F.);
#9283=ORIENTED_EDGE('',*,*,#6769,.F.);
#9284=ORIENTED_EDGE('',*,*,#6770,.F.);
#9285=ORIENTED_EDGE('',*,*,#6771,.F.);
#9286=ORIENTED_EDGE('',*,*,#6772,.F.);
#9287=ORIENTED_EDGE('',*,*,#6773,.F.);
#9288=ORIENTED_EDGE('',*,*,#6774,.F.);
#9289=ORIENTED_EDGE('',*,*,#6771,.T.);
#9290=ORIENTED_EDGE('',*,*,#6775,.F.);
#9291=ORIENTED_EDGE('',*,*,#6776,.F.);
#9292=ORIENTED_EDGE('',*,*,#6769,.T.);
#9293=ORIENTED_EDGE('',*,*,#6777,.F.);
#9294=ORIENTED_EDGE('',*,*,#6778,.F.);
#9295=ORIENTED_EDGE('',*,*,#6773,.T.);
#9296=ORIENTED_EDGE('',*,*,#6779,.F.);
#9297=ORIENTED_EDGE('',*,*,#6780,.T.);
#9298=ORIENTED_EDGE('',*,*,#6781,.T.);
#9299=ORIENTED_EDGE('',*,*,#6777,.T.);
#9300=ORIENTED_EDGE('',*,*,#6782,.F.);
#9301=ORIENTED_EDGE('',*,*,#6783,.T.);
#9302=ORIENTED_EDGE('',*,*,#6784,.F.);
#9303=ORIENTED_EDGE('',*,*,#6783,.F.);
#9304=ORIENTED_EDGE('',*,*,#6785,.F.);
#9305=ORIENTED_EDGE('',*,*,#6786,.F.);
#9306=ORIENTED_EDGE('',*,*,#6787,.T.);
#9307=ORIENTED_EDGE('',*,*,#6788,.F.);
#9308=ORIENTED_EDGE('',*,*,#6789,.F.);
#9309=ORIENTED_EDGE('',*,*,#6790,.T.);
#9310=ORIENTED_EDGE('',*,*,#6791,.F.);
#9311=ORIENTED_EDGE('',*,*,#6787,.F.);
#9312=ORIENTED_EDGE('',*,*,#6788,.T.);
#9313=ORIENTED_EDGE('',*,*,#6791,.T.);
#9314=ORIENTED_EDGE('',*,*,#6792,.F.);
#9315=ORIENTED_EDGE('',*,*,#6793,.F.);
#9316=ORIENTED_EDGE('',*,*,#6794,.T.);
#9317=ORIENTED_EDGE('',*,*,#6795,.T.);
#9318=ORIENTED_EDGE('',*,*,#6784,.T.);
#9319=ORIENTED_EDGE('',*,*,#6796,.F.);
#9320=ORIENTED_EDGE('',*,*,#6797,.T.);
#9321=ORIENTED_EDGE('',*,*,#6798,.F.);
#9322=ORIENTED_EDGE('',*,*,#6797,.F.);
#9323=ORIENTED_EDGE('',*,*,#6799,.F.);
#9324=ORIENTED_EDGE('',*,*,#6800,.F.);
#9325=ORIENTED_EDGE('',*,*,#6801,.T.);
#9326=ORIENTED_EDGE('',*,*,#6802,.F.);
#9327=ORIENTED_EDGE('',*,*,#6803,.F.);
#9328=ORIENTED_EDGE('',*,*,#6804,.T.);
#9329=ORIENTED_EDGE('',*,*,#6805,.F.);
#9330=ORIENTED_EDGE('',*,*,#6801,.F.);
#9331=ORIENTED_EDGE('',*,*,#6799,.T.);
#9332=ORIENTED_EDGE('',*,*,#6806,.F.);
#9333=ORIENTED_EDGE('',*,*,#6807,.T.);
#9334=ORIENTED_EDGE('',*,*,#6808,.T.);
#9335=ORIENTED_EDGE('',*,*,#6802,.T.);
#9336=ORIENTED_EDGE('',*,*,#6805,.T.);
#9337=ORIENTED_EDGE('',*,*,#6809,.T.);
#9338=ORIENTED_EDGE('',*,*,#6810,.F.);
#9339=ORIENTED_EDGE('',*,*,#6811,.T.);
#9340=ORIENTED_EDGE('',*,*,#6806,.T.);
#9341=ORIENTED_EDGE('',*,*,#6796,.T.);
#9342=ORIENTED_EDGE('',*,*,#6812,.F.);
#9343=ORIENTED_EDGE('',*,*,#6813,.F.);
#9344=ORIENTED_EDGE('',*,*,#6814,.T.);
#9345=ORIENTED_EDGE('',*,*,#6815,.T.);
#9346=ORIENTED_EDGE('',*,*,#6816,.T.);
#9347=ORIENTED_EDGE('',*,*,#6817,.T.);
#9348=ORIENTED_EDGE('',*,*,#6818,.F.);
#9349=ORIENTED_EDGE('',*,*,#6817,.F.);
#9350=ORIENTED_EDGE('',*,*,#6819,.T.);
#9351=ORIENTED_EDGE('',*,*,#6820,.F.);
#9352=ORIENTED_EDGE('',*,*,#6821,.T.);
#9353=ORIENTED_EDGE('',*,*,#6822,.F.);
#9354=ORIENTED_EDGE('',*,*,#6823,.F.);
#9355=ORIENTED_EDGE('',*,*,#6814,.F.);
#9356=ORIENTED_EDGE('',*,*,#6824,.F.);
#9357=ORIENTED_EDGE('',*,*,#6747,.T.);
#9358=ORIENTED_EDGE('',*,*,#6815,.F.);
#9359=ORIENTED_EDGE('',*,*,#6823,.T.);
#9360=ORIENTED_EDGE('',*,*,#6825,.F.);
#9361=ORIENTED_EDGE('',*,*,#6826,.F.);
#9362=ORIENTED_EDGE('',*,*,#6816,.F.);
#9363=ORIENTED_EDGE('',*,*,#6826,.T.);
#9364=ORIENTED_EDGE('',*,*,#6827,.F.);
#9365=ORIENTED_EDGE('',*,*,#6819,.F.);
#9366=ORIENTED_EDGE('',*,*,#6758,.T.);
#9367=ORIENTED_EDGE('',*,*,#6828,.T.);
#9368=ORIENTED_EDGE('',*,*,#6793,.T.);
#9369=ORIENTED_EDGE('',*,*,#6829,.F.);
#9370=ORIENTED_EDGE('',*,*,#6820,.T.);
#9371=ORIENTED_EDGE('',*,*,#6827,.T.);
#9372=ORIENTED_EDGE('',*,*,#6825,.T.);
#9373=ORIENTED_EDGE('',*,*,#6822,.T.);
#9374=ORIENTED_EDGE('',*,*,#6830,.T.);
#9375=ORIENTED_EDGE('',*,*,#6743,.T.);
#9376=ORIENTED_EDGE('',*,*,#6831,.F.);
#9377=ORIENTED_EDGE('',*,*,#6832,.F.);
#9378=ORIENTED_EDGE('',*,*,#6833,.T.);
#9379=ORIENTED_EDGE('',*,*,#6834,.T.);
#9380=ORIENTED_EDGE('',*,*,#6835,.T.);
#9381=ORIENTED_EDGE('',*,*,#6836,.T.);
#9382=ORIENTED_EDGE('',*,*,#6837,.T.);
#9383=ORIENTED_EDGE('',*,*,#6838,.T.);
#9384=ORIENTED_EDGE('',*,*,#6835,.F.);
#9385=ORIENTED_EDGE('',*,*,#6839,.F.);
#9386=ORIENTED_EDGE('',*,*,#6840,.T.);
#9387=ORIENTED_EDGE('',*,*,#6839,.T.);
#9388=ORIENTED_EDGE('',*,*,#6834,.F.);
#9389=ORIENTED_EDGE('',*,*,#6841,.F.);
#9390=ORIENTED_EDGE('',*,*,#6842,.T.);
#9391=ORIENTED_EDGE('',*,*,#6841,.T.);
#9392=ORIENTED_EDGE('',*,*,#6833,.F.);
#9393=ORIENTED_EDGE('',*,*,#6843,.F.);
#9394=ORIENTED_EDGE('',*,*,#6844,.F.);
#9395=ORIENTED_EDGE('',*,*,#6836,.F.);
#9396=ORIENTED_EDGE('',*,*,#6838,.F.);
#9397=ORIENTED_EDGE('',*,*,#6845,.T.);
#9398=ORIENTED_EDGE('',*,*,#6846,.T.);
#9399=ORIENTED_EDGE('',*,*,#6847,.T.);
#9400=ORIENTED_EDGE('',*,*,#6810,.T.);
#9401=ORIENTED_EDGE('',*,*,#6848,.T.);
#9402=ORIENTED_EDGE('',*,*,#6845,.F.);
#9403=ORIENTED_EDGE('',*,*,#6837,.F.);
#9404=ORIENTED_EDGE('',*,*,#6840,.F.);
#9405=ORIENTED_EDGE('',*,*,#6842,.F.);
#9406=ORIENTED_EDGE('',*,*,#6849,.F.);
#9407=ORIENTED_EDGE('',*,*,#6850,.F.);
#9408=ORIENTED_EDGE('',*,*,#6851,.T.);
#9409=ORIENTED_EDGE('',*,*,#6852,.F.);
#9410=ORIENTED_EDGE('',*,*,#6748,.T.);
#9411=ORIENTED_EDGE('',*,*,#6824,.T.);
#9412=ORIENTED_EDGE('',*,*,#6813,.T.);
#9413=ORIENTED_EDGE('',*,*,#6853,.F.);
#9414=ORIENTED_EDGE('',*,*,#6851,.F.);
#9415=ORIENTED_EDGE('',*,*,#6854,.F.);
#9416=ORIENTED_EDGE('',*,*,#6818,.T.);
#9417=ORIENTED_EDGE('',*,*,#6829,.T.);
#9418=ORIENTED_EDGE('',*,*,#6792,.T.);
#9419=ORIENTED_EDGE('',*,*,#6790,.F.);
#9420=ORIENTED_EDGE('',*,*,#6855,.F.);
#9421=ORIENTED_EDGE('',*,*,#6852,.T.);
#9422=ORIENTED_EDGE('',*,*,#6853,.T.);
#9423=ORIENTED_EDGE('',*,*,#6812,.T.);
#9424=ORIENTED_EDGE('',*,*,#6749,.T.);
#9425=ORIENTED_EDGE('',*,*,#6854,.T.);
#9426=ORIENTED_EDGE('',*,*,#6850,.T.);
#9427=ORIENTED_EDGE('',*,*,#6856,.T.);
#9428=ORIENTED_EDGE('',*,*,#6765,.T.);
#9429=ORIENTED_EDGE('',*,*,#6857,.T.);
#9430=ORIENTED_EDGE('',*,*,#6858,.T.);
#9431=ORIENTED_EDGE('',*,*,#6859,.T.);
#9432=ORIENTED_EDGE('',*,*,#6860,.F.);
#9433=ORIENTED_EDGE('',*,*,#6861,.F.);
#9434=ORIENTED_EDGE('',*,*,#6794,.F.);
#9435=ORIENTED_EDGE('',*,*,#6828,.F.);
#9436=ORIENTED_EDGE('',*,*,#6760,.F.);
#9437=ORIENTED_EDGE('',*,*,#6763,.F.);
#9438=ORIENTED_EDGE('',*,*,#6862,.F.);
#9439=ORIENTED_EDGE('',*,*,#6863,.F.);
#9440=ORIENTED_EDGE('',*,*,#6864,.F.);
#9441=ORIENTED_EDGE('',*,*,#6780,.F.);
#9442=ORIENTED_EDGE('',*,*,#6865,.F.);
#9443=ORIENTED_EDGE('',*,*,#6866,.F.);
#9444=ORIENTED_EDGE('',*,*,#6867,.F.);
#9445=ORIENTED_EDGE('',*,*,#6807,.F.);
#9446=ORIENTED_EDGE('',*,*,#6811,.F.);
#9447=ORIENTED_EDGE('',*,*,#6847,.F.);
#9448=ORIENTED_EDGE('',*,*,#6766,.T.);
#9449=ORIENTED_EDGE('',*,*,#6856,.F.);
#9450=ORIENTED_EDGE('',*,*,#6849,.T.);
#9451=ORIENTED_EDGE('',*,*,#6843,.T.);
#9452=ORIENTED_EDGE('',*,*,#6832,.T.);
#9453=ORIENTED_EDGE('',*,*,#6868,.F.);
#9454=ORIENTED_EDGE('',*,*,#6868,.T.);
#9455=ORIENTED_EDGE('',*,*,#6831,.T.);
#9456=ORIENTED_EDGE('',*,*,#6844,.T.);
#9457=ORIENTED_EDGE('',*,*,#6848,.F.);
#9458=ORIENTED_EDGE('',*,*,#6809,.F.);
#9459=ORIENTED_EDGE('',*,*,#6804,.F.);
#9460=ORIENTED_EDGE('',*,*,#6869,.F.);
#9461=ORIENTED_EDGE('',*,*,#6870,.T.);
#9462=ORIENTED_EDGE('',*,*,#6871,.F.);
#9463=ORIENTED_EDGE('',*,*,#6776,.T.);
#9464=ORIENTED_EDGE('',*,*,#6872,.F.);
#9465=ORIENTED_EDGE('',*,*,#6767,.F.);
#9466=ORIENTED_EDGE('',*,*,#6764,.T.);
#9467=ORIENTED_EDGE('',*,*,#6754,.T.);
#9468=ORIENTED_EDGE('',*,*,#6756,.T.);
#9469=ORIENTED_EDGE('',*,*,#6744,.T.);
#9470=ORIENTED_EDGE('',*,*,#6830,.F.);
#9471=ORIENTED_EDGE('',*,*,#6821,.F.);
#9472=ORIENTED_EDGE('',*,*,#6750,.T.);
#9473=ORIENTED_EDGE('',*,*,#6859,.F.);
#9474=ORIENTED_EDGE('',*,*,#6873,.F.);
#9475=ORIENTED_EDGE('',*,*,#6862,.T.);
#9476=ORIENTED_EDGE('',*,*,#6762,.T.);
#9477=ORIENTED_EDGE('',*,*,#6873,.T.);
#9478=ORIENTED_EDGE('',*,*,#6858,.F.);
#9479=ORIENTED_EDGE('',*,*,#6874,.T.);
#9480=ORIENTED_EDGE('',*,*,#6863,.T.);
#9481=ORIENTED_EDGE('',*,*,#6808,.F.);
#9482=ORIENTED_EDGE('',*,*,#6867,.T.);
#9483=ORIENTED_EDGE('',*,*,#6875,.T.);
#9484=ORIENTED_EDGE('',*,*,#6869,.T.);
#9485=ORIENTED_EDGE('',*,*,#6803,.T.);
#9486=ORIENTED_EDGE('',*,*,#6800,.T.);
#9487=ORIENTED_EDGE('',*,*,#6798,.T.);
#9488=ORIENTED_EDGE('',*,*,#6876,.F.);
#9489=ORIENTED_EDGE('',*,*,#6860,.T.);
#9490=ORIENTED_EDGE('',*,*,#6846,.F.);
#9491=ORIENTED_EDGE('',*,*,#6855,.T.);
#9492=ORIENTED_EDGE('',*,*,#6789,.T.);
#9493=ORIENTED_EDGE('',*,*,#6786,.T.);
#9494=ORIENTED_EDGE('',*,*,#6782,.T.);
#9495=ORIENTED_EDGE('',*,*,#6785,.T.);
#9496=ORIENTED_EDGE('',*,*,#6795,.F.);
#9497=ORIENTED_EDGE('',*,*,#6861,.T.);
#9498=ORIENTED_EDGE('',*,*,#6876,.T.);
#9499=ORIENTED_EDGE('',*,*,#6778,.T.);
#9500=ORIENTED_EDGE('',*,*,#6781,.F.);
#9501=ORIENTED_EDGE('',*,*,#6864,.T.);
#9502=ORIENTED_EDGE('',*,*,#6874,.F.);
#9503=ORIENTED_EDGE('',*,*,#6857,.F.);
#9504=ORIENTED_EDGE('',*,*,#6768,.T.);
#9505=ORIENTED_EDGE('',*,*,#6872,.T.);
#9506=ORIENTED_EDGE('',*,*,#6775,.T.);
#9507=ORIENTED_EDGE('',*,*,#6770,.T.);
#9508=ORIENTED_EDGE('',*,*,#6877,.F.);
#9509=ORIENTED_EDGE('',*,*,#6865,.T.);
#9510=ORIENTED_EDGE('',*,*,#6779,.T.);
#9511=ORIENTED_EDGE('',*,*,#6772,.T.);
#9512=ORIENTED_EDGE('',*,*,#6774,.T.);
#9513=ORIENTED_EDGE('',*,*,#6871,.T.);
#9514=ORIENTED_EDGE('',*,*,#6741,.T.);
#9515=ORIENTED_EDGE('',*,*,#6877,.T.);
#9516=ORIENTED_EDGE('',*,*,#6870,.F.);
#9517=ORIENTED_EDGE('',*,*,#6875,.F.);
#9518=ORIENTED_EDGE('',*,*,#6866,.T.);
#9519=ORIENTED_EDGE('',*,*,#6878,.T.);
#9520=ORIENTED_EDGE('',*,*,#6879,.F.);
#9521=ORIENTED_EDGE('',*,*,#6878,.F.);
#9522=ORIENTED_EDGE('',*,*,#6880,.F.);
#9523=ORIENTED_EDGE('',*,*,#6881,.T.);
#9524=ORIENTED_EDGE('',*,*,#6881,.F.);
#9525=ORIENTED_EDGE('',*,*,#6882,.F.);
#9526=ORIENTED_EDGE('',*,*,#6883,.F.);
#9527=ORIENTED_EDGE('',*,*,#6884,.T.);
#9528=ORIENTED_EDGE('',*,*,#6885,.F.);
#9529=ORIENTED_EDGE('',*,*,#6886,.F.);
#9530=ORIENTED_EDGE('',*,*,#6887,.F.);
#9531=ORIENTED_EDGE('',*,*,#6888,.F.);
#9532=ORIENTED_EDGE('',*,*,#6889,.F.);
#9533=ORIENTED_EDGE('',*,*,#6890,.F.);
#9534=ORIENTED_EDGE('',*,*,#6891,.F.);
#9535=ORIENTED_EDGE('',*,*,#6892,.F.);
#9536=ORIENTED_EDGE('',*,*,#6893,.F.);
#9537=ORIENTED_EDGE('',*,*,#6894,.F.);
#9538=ORIENTED_EDGE('',*,*,#6895,.F.);
#9539=ORIENTED_EDGE('',*,*,#6892,.T.);
#9540=ORIENTED_EDGE('',*,*,#6896,.F.);
#9541=ORIENTED_EDGE('',*,*,#6884,.F.);
#9542=ORIENTED_EDGE('',*,*,#6897,.F.);
#9543=ORIENTED_EDGE('',*,*,#6885,.T.);
#9544=ORIENTED_EDGE('',*,*,#6896,.T.);
#9545=ORIENTED_EDGE('',*,*,#6891,.T.);
#9546=ORIENTED_EDGE('',*,*,#6898,.F.);
#9547=ORIENTED_EDGE('',*,*,#6899,.T.);
#9548=ORIENTED_EDGE('',*,*,#6879,.T.);
#9549=ORIENTED_EDGE('',*,*,#6890,.T.);
#9550=ORIENTED_EDGE('',*,*,#6900,.T.);
#9551=ORIENTED_EDGE('',*,*,#6901,.F.);
#9552=ORIENTED_EDGE('',*,*,#6902,.T.);
#9553=ORIENTED_EDGE('',*,*,#6898,.T.);
#9554=ORIENTED_EDGE('',*,*,#6894,.T.);
#9555=ORIENTED_EDGE('',*,*,#6903,.F.);
#9556=ORIENTED_EDGE('',*,*,#6900,.F.);
#9557=ORIENTED_EDGE('',*,*,#6904,.F.);
#9558=ORIENTED_EDGE('',*,*,#6905,.F.);
#9559=ORIENTED_EDGE('',*,*,#6906,.T.);
#9560=ORIENTED_EDGE('',*,*,#6907,.F.);
#9561=ORIENTED_EDGE('',*,*,#6908,.F.);
#9562=ORIENTED_EDGE('',*,*,#6909,.F.);
#9563=ORIENTED_EDGE('',*,*,#6910,.F.);
#9564=ORIENTED_EDGE('',*,*,#6911,.F.);
#9565=ORIENTED_EDGE('',*,*,#6912,.F.);
#9566=ORIENTED_EDGE('',*,*,#6913,.F.);
#9567=ORIENTED_EDGE('',*,*,#6910,.T.);
#9568=ORIENTED_EDGE('',*,*,#6914,.F.);
#9569=ORIENTED_EDGE('',*,*,#6915,.F.);
#9570=ORIENTED_EDGE('',*,*,#6908,.T.);
#9571=ORIENTED_EDGE('',*,*,#6916,.F.);
#9572=ORIENTED_EDGE('',*,*,#6917,.F.);
#9573=ORIENTED_EDGE('',*,*,#6912,.T.);
#9574=ORIENTED_EDGE('',*,*,#6918,.F.);
#9575=ORIENTED_EDGE('',*,*,#6919,.T.);
#9576=ORIENTED_EDGE('',*,*,#6920,.T.);
#9577=ORIENTED_EDGE('',*,*,#6916,.T.);
#9578=ORIENTED_EDGE('',*,*,#6921,.F.);
#9579=ORIENTED_EDGE('',*,*,#6922,.T.);
#9580=ORIENTED_EDGE('',*,*,#6923,.F.);
#9581=ORIENTED_EDGE('',*,*,#6922,.F.);
#9582=ORIENTED_EDGE('',*,*,#6924,.F.);
#9583=ORIENTED_EDGE('',*,*,#6925,.F.);
#9584=ORIENTED_EDGE('',*,*,#6926,.T.);
#9585=ORIENTED_EDGE('',*,*,#6927,.F.);
#9586=ORIENTED_EDGE('',*,*,#6928,.F.);
#9587=ORIENTED_EDGE('',*,*,#6929,.T.);
#9588=ORIENTED_EDGE('',*,*,#6930,.F.);
#9589=ORIENTED_EDGE('',*,*,#6926,.F.);
#9590=ORIENTED_EDGE('',*,*,#6927,.T.);
#9591=ORIENTED_EDGE('',*,*,#6930,.T.);
#9592=ORIENTED_EDGE('',*,*,#6931,.F.);
#9593=ORIENTED_EDGE('',*,*,#6932,.F.);
#9594=ORIENTED_EDGE('',*,*,#6933,.T.);
#9595=ORIENTED_EDGE('',*,*,#6934,.T.);
#9596=ORIENTED_EDGE('',*,*,#6923,.T.);
#9597=ORIENTED_EDGE('',*,*,#6935,.F.);
#9598=ORIENTED_EDGE('',*,*,#6936,.T.);
#9599=ORIENTED_EDGE('',*,*,#6937,.F.);
#9600=ORIENTED_EDGE('',*,*,#6936,.F.);
#9601=ORIENTED_EDGE('',*,*,#6938,.F.);
#9602=ORIENTED_EDGE('',*,*,#6939,.F.);
#9603=ORIENTED_EDGE('',*,*,#6940,.T.);
#9604=ORIENTED_EDGE('',*,*,#6941,.F.);
#9605=ORIENTED_EDGE('',*,*,#6942,.F.);
#9606=ORIENTED_EDGE('',*,*,#6943,.T.);
#9607=ORIENTED_EDGE('',*,*,#6944,.F.);
#9608=ORIENTED_EDGE('',*,*,#6940,.F.);
#9609=ORIENTED_EDGE('',*,*,#6938,.T.);
#9610=ORIENTED_EDGE('',*,*,#6945,.F.);
#9611=ORIENTED_EDGE('',*,*,#6946,.T.);
#9612=ORIENTED_EDGE('',*,*,#6947,.T.);
#9613=ORIENTED_EDGE('',*,*,#6941,.T.);
#9614=ORIENTED_EDGE('',*,*,#6944,.T.);
#9615=ORIENTED_EDGE('',*,*,#6948,.T.);
#9616=ORIENTED_EDGE('',*,*,#6949,.F.);
#9617=ORIENTED_EDGE('',*,*,#6950,.T.);
#9618=ORIENTED_EDGE('',*,*,#6945,.T.);
#9619=ORIENTED_EDGE('',*,*,#6935,.T.);
#9620=ORIENTED_EDGE('',*,*,#6951,.F.);
#9621=ORIENTED_EDGE('',*,*,#6952,.F.);
#9622=ORIENTED_EDGE('',*,*,#6953,.T.);
#9623=ORIENTED_EDGE('',*,*,#6954,.T.);
#9624=ORIENTED_EDGE('',*,*,#6955,.T.);
#9625=ORIENTED_EDGE('',*,*,#6956,.T.);
#9626=ORIENTED_EDGE('',*,*,#6957,.F.);
#9627=ORIENTED_EDGE('',*,*,#6956,.F.);
#9628=ORIENTED_EDGE('',*,*,#6958,.T.);
#9629=ORIENTED_EDGE('',*,*,#6959,.F.);
#9630=ORIENTED_EDGE('',*,*,#6960,.T.);
#9631=ORIENTED_EDGE('',*,*,#6961,.F.);
#9632=ORIENTED_EDGE('',*,*,#6962,.F.);
#9633=ORIENTED_EDGE('',*,*,#6953,.F.);
#9634=ORIENTED_EDGE('',*,*,#6963,.F.);
#9635=ORIENTED_EDGE('',*,*,#6886,.T.);
#9636=ORIENTED_EDGE('',*,*,#6954,.F.);
#9637=ORIENTED_EDGE('',*,*,#6962,.T.);
#9638=ORIENTED_EDGE('',*,*,#6964,.F.);
#9639=ORIENTED_EDGE('',*,*,#6965,.F.);
#9640=ORIENTED_EDGE('',*,*,#6955,.F.);
#9641=ORIENTED_EDGE('',*,*,#6965,.T.);
#9642=ORIENTED_EDGE('',*,*,#6966,.F.);
#9643=ORIENTED_EDGE('',*,*,#6958,.F.);
#9644=ORIENTED_EDGE('',*,*,#6897,.T.);
#9645=ORIENTED_EDGE('',*,*,#6967,.T.);
#9646=ORIENTED_EDGE('',*,*,#6932,.T.);
#9647=ORIENTED_EDGE('',*,*,#6968,.F.);
#9648=ORIENTED_EDGE('',*,*,#6959,.T.);
#9649=ORIENTED_EDGE('',*,*,#6966,.T.);
#9650=ORIENTED_EDGE('',*,*,#6964,.T.);
#9651=ORIENTED_EDGE('',*,*,#6961,.T.);
#9652=ORIENTED_EDGE('',*,*,#6969,.T.);
#9653=ORIENTED_EDGE('',*,*,#6882,.T.);
#9654=ORIENTED_EDGE('',*,*,#6970,.F.);
#9655=ORIENTED_EDGE('',*,*,#6971,.F.);
#9656=ORIENTED_EDGE('',*,*,#6972,.T.);
#9657=ORIENTED_EDGE('',*,*,#6973,.T.);
#9658=ORIENTED_EDGE('',*,*,#6974,.T.);
#9659=ORIENTED_EDGE('',*,*,#6975,.T.);
#9660=ORIENTED_EDGE('',*,*,#6976,.T.);
#9661=ORIENTED_EDGE('',*,*,#6977,.T.);
#9662=ORIENTED_EDGE('',*,*,#6974,.F.);
#9663=ORIENTED_EDGE('',*,*,#6978,.F.);
#9664=ORIENTED_EDGE('',*,*,#6979,.T.);
#9665=ORIENTED_EDGE('',*,*,#6978,.T.);
#9666=ORIENTED_EDGE('',*,*,#6973,.F.);
#9667=ORIENTED_EDGE('',*,*,#6980,.F.);
#9668=ORIENTED_EDGE('',*,*,#6981,.T.);
#9669=ORIENTED_EDGE('',*,*,#6980,.T.);
#9670=ORIENTED_EDGE('',*,*,#6972,.F.);
#9671=ORIENTED_EDGE('',*,*,#6982,.F.);
#9672=ORIENTED_EDGE('',*,*,#6983,.F.);
#9673=ORIENTED_EDGE('',*,*,#6975,.F.);
#9674=ORIENTED_EDGE('',*,*,#6977,.F.);
#9675=ORIENTED_EDGE('',*,*,#6984,.T.);
#9676=ORIENTED_EDGE('',*,*,#6985,.T.);
#9677=ORIENTED_EDGE('',*,*,#6986,.T.);
#9678=ORIENTED_EDGE('',*,*,#6949,.T.);
#9679=ORIENTED_EDGE('',*,*,#6987,.T.);
#9680=ORIENTED_EDGE('',*,*,#6984,.F.);
#9681=ORIENTED_EDGE('',*,*,#6976,.F.);
#9682=ORIENTED_EDGE('',*,*,#6979,.F.);
#9683=ORIENTED_EDGE('',*,*,#6981,.F.);
#9684=ORIENTED_EDGE('',*,*,#6988,.F.);
#9685=ORIENTED_EDGE('',*,*,#6989,.F.);
#9686=ORIENTED_EDGE('',*,*,#6990,.T.);
#9687=ORIENTED_EDGE('',*,*,#6991,.F.);
#9688=ORIENTED_EDGE('',*,*,#6887,.T.);
#9689=ORIENTED_EDGE('',*,*,#6963,.T.);
#9690=ORIENTED_EDGE('',*,*,#6952,.T.);
#9691=ORIENTED_EDGE('',*,*,#6992,.F.);
#9692=ORIENTED_EDGE('',*,*,#6990,.F.);
#9693=ORIENTED_EDGE('',*,*,#6993,.F.);
#9694=ORIENTED_EDGE('',*,*,#6957,.T.);
#9695=ORIENTED_EDGE('',*,*,#6968,.T.);
#9696=ORIENTED_EDGE('',*,*,#6931,.T.);
#9697=ORIENTED_EDGE('',*,*,#6929,.F.);
#9698=ORIENTED_EDGE('',*,*,#6994,.F.);
#9699=ORIENTED_EDGE('',*,*,#6991,.T.);
#9700=ORIENTED_EDGE('',*,*,#6992,.T.);
#9701=ORIENTED_EDGE('',*,*,#6951,.T.);
#9702=ORIENTED_EDGE('',*,*,#6888,.T.);
#9703=ORIENTED_EDGE('',*,*,#6993,.T.);
#9704=ORIENTED_EDGE('',*,*,#6989,.T.);
#9705=ORIENTED_EDGE('',*,*,#6995,.T.);
#9706=ORIENTED_EDGE('',*,*,#6904,.T.);
#9707=ORIENTED_EDGE('',*,*,#6996,.T.);
#9708=ORIENTED_EDGE('',*,*,#6997,.T.);
#9709=ORIENTED_EDGE('',*,*,#6998,.T.);
#9710=ORIENTED_EDGE('',*,*,#6999,.F.);
#9711=ORIENTED_EDGE('',*,*,#7000,.F.);
#9712=ORIENTED_EDGE('',*,*,#6933,.F.);
#9713=ORIENTED_EDGE('',*,*,#6967,.F.);
#9714=ORIENTED_EDGE('',*,*,#6899,.F.);
#9715=ORIENTED_EDGE('',*,*,#6902,.F.);
#9716=ORIENTED_EDGE('',*,*,#7001,.F.);
#9717=ORIENTED_EDGE('',*,*,#7002,.F.);
#9718=ORIENTED_EDGE('',*,*,#7003,.F.);
#9719=ORIENTED_EDGE('',*,*,#6919,.F.);
#9720=ORIENTED_EDGE('',*,*,#7004,.F.);
#9721=ORIENTED_EDGE('',*,*,#7005,.F.);
#9722=ORIENTED_EDGE('',*,*,#7006,.F.);
#9723=ORIENTED_EDGE('',*,*,#6946,.F.);
#9724=ORIENTED_EDGE('',*,*,#6950,.F.);
#9725=ORIENTED_EDGE('',*,*,#6986,.F.);
#9726=ORIENTED_EDGE('',*,*,#6905,.T.);
#9727=ORIENTED_EDGE('',*,*,#6995,.F.);
#9728=ORIENTED_EDGE('',*,*,#6988,.T.);
#9729=ORIENTED_EDGE('',*,*,#6982,.T.);
#9730=ORIENTED_EDGE('',*,*,#6971,.T.);
#9731=ORIENTED_EDGE('',*,*,#7007,.F.);
#9732=ORIENTED_EDGE('',*,*,#7007,.T.);
#9733=ORIENTED_EDGE('',*,*,#6970,.T.);
#9734=ORIENTED_EDGE('',*,*,#6983,.T.);
#9735=ORIENTED_EDGE('',*,*,#6987,.F.);
#9736=ORIENTED_EDGE('',*,*,#6948,.F.);
#9737=ORIENTED_EDGE('',*,*,#6943,.F.);
#9738=ORIENTED_EDGE('',*,*,#7008,.F.);
#9739=ORIENTED_EDGE('',*,*,#7009,.T.);
#9740=ORIENTED_EDGE('',*,*,#7010,.F.);
#9741=ORIENTED_EDGE('',*,*,#6915,.T.);
#9742=ORIENTED_EDGE('',*,*,#7011,.F.);
#9743=ORIENTED_EDGE('',*,*,#6906,.F.);
#9744=ORIENTED_EDGE('',*,*,#6903,.T.);
#9745=ORIENTED_EDGE('',*,*,#6893,.T.);
#9746=ORIENTED_EDGE('',*,*,#6895,.T.);
#9747=ORIENTED_EDGE('',*,*,#6883,.T.);
#9748=ORIENTED_EDGE('',*,*,#6969,.F.);
#9749=ORIENTED_EDGE('',*,*,#6960,.F.);
#9750=ORIENTED_EDGE('',*,*,#6889,.T.);
#9751=ORIENTED_EDGE('',*,*,#6998,.F.);
#9752=ORIENTED_EDGE('',*,*,#7012,.F.);
#9753=ORIENTED_EDGE('',*,*,#7001,.T.);
#9754=ORIENTED_EDGE('',*,*,#6901,.T.);
#9755=ORIENTED_EDGE('',*,*,#7012,.T.);
#9756=ORIENTED_EDGE('',*,*,#6997,.F.);
#9757=ORIENTED_EDGE('',*,*,#7013,.T.);
#9758=ORIENTED_EDGE('',*,*,#7002,.T.);
#9759=ORIENTED_EDGE('',*,*,#6947,.F.);
#9760=ORIENTED_EDGE('',*,*,#7006,.T.);
#9761=ORIENTED_EDGE('',*,*,#7014,.T.);
#9762=ORIENTED_EDGE('',*,*,#7008,.T.);
#9763=ORIENTED_EDGE('',*,*,#6942,.T.);
#9764=ORIENTED_EDGE('',*,*,#6939,.T.);
#9765=ORIENTED_EDGE('',*,*,#6937,.T.);
#9766=ORIENTED_EDGE('',*,*,#7015,.F.);
#9767=ORIENTED_EDGE('',*,*,#6999,.T.);
#9768=ORIENTED_EDGE('',*,*,#6985,.F.);
#9769=ORIENTED_EDGE('',*,*,#6994,.T.);
#9770=ORIENTED_EDGE('',*,*,#6928,.T.);
#9771=ORIENTED_EDGE('',*,*,#6925,.T.);
#9772=ORIENTED_EDGE('',*,*,#6921,.T.);
#9773=ORIENTED_EDGE('',*,*,#6924,.T.);
#9774=ORIENTED_EDGE('',*,*,#6934,.F.);
#9775=ORIENTED_EDGE('',*,*,#7000,.T.);
#9776=ORIENTED_EDGE('',*,*,#7015,.T.);
#9777=ORIENTED_EDGE('',*,*,#6917,.T.);
#9778=ORIENTED_EDGE('',*,*,#6920,.F.);
#9779=ORIENTED_EDGE('',*,*,#7003,.T.);
#9780=ORIENTED_EDGE('',*,*,#7013,.F.);
#9781=ORIENTED_EDGE('',*,*,#6996,.F.);
#9782=ORIENTED_EDGE('',*,*,#6907,.T.);
#9783=ORIENTED_EDGE('',*,*,#7011,.T.);
#9784=ORIENTED_EDGE('',*,*,#6914,.T.);
#9785=ORIENTED_EDGE('',*,*,#6909,.T.);
#9786=ORIENTED_EDGE('',*,*,#7016,.F.);
#9787=ORIENTED_EDGE('',*,*,#7004,.T.);
#9788=ORIENTED_EDGE('',*,*,#6918,.T.);
#9789=ORIENTED_EDGE('',*,*,#6911,.T.);
#9790=ORIENTED_EDGE('',*,*,#6913,.T.);
#9791=ORIENTED_EDGE('',*,*,#7010,.T.);
#9792=ORIENTED_EDGE('',*,*,#6880,.T.);
#9793=ORIENTED_EDGE('',*,*,#7016,.T.);
#9794=ORIENTED_EDGE('',*,*,#7009,.F.);
#9795=ORIENTED_EDGE('',*,*,#7014,.F.);
#9796=ORIENTED_EDGE('',*,*,#7005,.T.);
#9797=ORIENTED_EDGE('',*,*,#7017,.T.);
#9798=ORIENTED_EDGE('',*,*,#7018,.F.);
#9799=ORIENTED_EDGE('',*,*,#7017,.F.);
#9800=ORIENTED_EDGE('',*,*,#7019,.F.);
#9801=ORIENTED_EDGE('',*,*,#7020,.T.);
#9802=ORIENTED_EDGE('',*,*,#7020,.F.);
#9803=ORIENTED_EDGE('',*,*,#7021,.F.);
#9804=ORIENTED_EDGE('',*,*,#7022,.F.);
#9805=ORIENTED_EDGE('',*,*,#7023,.T.);
#9806=ORIENTED_EDGE('',*,*,#7024,.F.);
#9807=ORIENTED_EDGE('',*,*,#7025,.F.);
#9808=ORIENTED_EDGE('',*,*,#7026,.F.);
#9809=ORIENTED_EDGE('',*,*,#7027,.F.);
#9810=ORIENTED_EDGE('',*,*,#7028,.F.);
#9811=ORIENTED_EDGE('',*,*,#7029,.F.);
#9812=ORIENTED_EDGE('',*,*,#7030,.F.);
#9813=ORIENTED_EDGE('',*,*,#7031,.F.);
#9814=ORIENTED_EDGE('',*,*,#7032,.F.);
#9815=ORIENTED_EDGE('',*,*,#7033,.F.);
#9816=ORIENTED_EDGE('',*,*,#7034,.F.);
#9817=ORIENTED_EDGE('',*,*,#7031,.T.);
#9818=ORIENTED_EDGE('',*,*,#7035,.F.);
#9819=ORIENTED_EDGE('',*,*,#7023,.F.);
#9820=ORIENTED_EDGE('',*,*,#7036,.F.);
#9821=ORIENTED_EDGE('',*,*,#7024,.T.);
#9822=ORIENTED_EDGE('',*,*,#7035,.T.);
#9823=ORIENTED_EDGE('',*,*,#7030,.T.);
#9824=ORIENTED_EDGE('',*,*,#7037,.F.);
#9825=ORIENTED_EDGE('',*,*,#7038,.T.);
#9826=ORIENTED_EDGE('',*,*,#7018,.T.);
#9827=ORIENTED_EDGE('',*,*,#7029,.T.);
#9828=ORIENTED_EDGE('',*,*,#7039,.T.);
#9829=ORIENTED_EDGE('',*,*,#7040,.F.);
#9830=ORIENTED_EDGE('',*,*,#7041,.T.);
#9831=ORIENTED_EDGE('',*,*,#7037,.T.);
#9832=ORIENTED_EDGE('',*,*,#7033,.T.);
#9833=ORIENTED_EDGE('',*,*,#7042,.F.);
#9834=ORIENTED_EDGE('',*,*,#7039,.F.);
#9835=ORIENTED_EDGE('',*,*,#7043,.F.);
#9836=ORIENTED_EDGE('',*,*,#7044,.F.);
#9837=ORIENTED_EDGE('',*,*,#7045,.T.);
#9838=ORIENTED_EDGE('',*,*,#7046,.F.);
#9839=ORIENTED_EDGE('',*,*,#7047,.F.);
#9840=ORIENTED_EDGE('',*,*,#7048,.F.);
#9841=ORIENTED_EDGE('',*,*,#7049,.F.);
#9842=ORIENTED_EDGE('',*,*,#7050,.F.);
#9843=ORIENTED_EDGE('',*,*,#7051,.F.);
#9844=ORIENTED_EDGE('',*,*,#7052,.F.);
#9845=ORIENTED_EDGE('',*,*,#7049,.T.);
#9846=ORIENTED_EDGE('',*,*,#7053,.F.);
#9847=ORIENTED_EDGE('',*,*,#7054,.F.);
#9848=ORIENTED_EDGE('',*,*,#7047,.T.);
#9849=ORIENTED_EDGE('',*,*,#7055,.F.);
#9850=ORIENTED_EDGE('',*,*,#7056,.F.);
#9851=ORIENTED_EDGE('',*,*,#7051,.T.);
#9852=ORIENTED_EDGE('',*,*,#7057,.F.);
#9853=ORIENTED_EDGE('',*,*,#7058,.T.);
#9854=ORIENTED_EDGE('',*,*,#7059,.T.);
#9855=ORIENTED_EDGE('',*,*,#7055,.T.);
#9856=ORIENTED_EDGE('',*,*,#7060,.F.);
#9857=ORIENTED_EDGE('',*,*,#7061,.T.);
#9858=ORIENTED_EDGE('',*,*,#7062,.F.);
#9859=ORIENTED_EDGE('',*,*,#7061,.F.);
#9860=ORIENTED_EDGE('',*,*,#7063,.F.);
#9861=ORIENTED_EDGE('',*,*,#7064,.F.);
#9862=ORIENTED_EDGE('',*,*,#7065,.T.);
#9863=ORIENTED_EDGE('',*,*,#7066,.F.);
#9864=ORIENTED_EDGE('',*,*,#7067,.F.);
#9865=ORIENTED_EDGE('',*,*,#7068,.T.);
#9866=ORIENTED_EDGE('',*,*,#7069,.F.);
#9867=ORIENTED_EDGE('',*,*,#7065,.F.);
#9868=ORIENTED_EDGE('',*,*,#7066,.T.);
#9869=ORIENTED_EDGE('',*,*,#7069,.T.);
#9870=ORIENTED_EDGE('',*,*,#7070,.F.);
#9871=ORIENTED_EDGE('',*,*,#7071,.F.);
#9872=ORIENTED_EDGE('',*,*,#7072,.T.);
#9873=ORIENTED_EDGE('',*,*,#7073,.T.);
#9874=ORIENTED_EDGE('',*,*,#7062,.T.);
#9875=ORIENTED_EDGE('',*,*,#7074,.F.);
#9876=ORIENTED_EDGE('',*,*,#7075,.T.);
#9877=ORIENTED_EDGE('',*,*,#7076,.F.);
#9878=ORIENTED_EDGE('',*,*,#7075,.F.);
#9879=ORIENTED_EDGE('',*,*,#7077,.F.);
#9880=ORIENTED_EDGE('',*,*,#7078,.F.);
#9881=ORIENTED_EDGE('',*,*,#7079,.T.);
#9882=ORIENTED_EDGE('',*,*,#7080,.F.);
#9883=ORIENTED_EDGE('',*,*,#7081,.F.);
#9884=ORIENTED_EDGE('',*,*,#7082,.T.);
#9885=ORIENTED_EDGE('',*,*,#7083,.F.);
#9886=ORIENTED_EDGE('',*,*,#7079,.F.);
#9887=ORIENTED_EDGE('',*,*,#7077,.T.);
#9888=ORIENTED_EDGE('',*,*,#7084,.F.);
#9889=ORIENTED_EDGE('',*,*,#7085,.T.);
#9890=ORIENTED_EDGE('',*,*,#7086,.T.);
#9891=ORIENTED_EDGE('',*,*,#7080,.T.);
#9892=ORIENTED_EDGE('',*,*,#7083,.T.);
#9893=ORIENTED_EDGE('',*,*,#7087,.T.);
#9894=ORIENTED_EDGE('',*,*,#7088,.F.);
#9895=ORIENTED_EDGE('',*,*,#7089,.T.);
#9896=ORIENTED_EDGE('',*,*,#7084,.T.);
#9897=ORIENTED_EDGE('',*,*,#7074,.T.);
#9898=ORIENTED_EDGE('',*,*,#7090,.F.);
#9899=ORIENTED_EDGE('',*,*,#7091,.F.);
#9900=ORIENTED_EDGE('',*,*,#7092,.T.);
#9901=ORIENTED_EDGE('',*,*,#7093,.T.);
#9902=ORIENTED_EDGE('',*,*,#7094,.T.);
#9903=ORIENTED_EDGE('',*,*,#7095,.T.);
#9904=ORIENTED_EDGE('',*,*,#7096,.F.);
#9905=ORIENTED_EDGE('',*,*,#7095,.F.);
#9906=ORIENTED_EDGE('',*,*,#7097,.T.);
#9907=ORIENTED_EDGE('',*,*,#7098,.F.);
#9908=ORIENTED_EDGE('',*,*,#7099,.T.);
#9909=ORIENTED_EDGE('',*,*,#7100,.F.);
#9910=ORIENTED_EDGE('',*,*,#7101,.F.);
#9911=ORIENTED_EDGE('',*,*,#7092,.F.);
#9912=ORIENTED_EDGE('',*,*,#7102,.F.);
#9913=ORIENTED_EDGE('',*,*,#7025,.T.);
#9914=ORIENTED_EDGE('',*,*,#7093,.F.);
#9915=ORIENTED_EDGE('',*,*,#7101,.T.);
#9916=ORIENTED_EDGE('',*,*,#7103,.F.);
#9917=ORIENTED_EDGE('',*,*,#7104,.F.);
#9918=ORIENTED_EDGE('',*,*,#7094,.F.);
#9919=ORIENTED_EDGE('',*,*,#7104,.T.);
#9920=ORIENTED_EDGE('',*,*,#7105,.F.);
#9921=ORIENTED_EDGE('',*,*,#7097,.F.);
#9922=ORIENTED_EDGE('',*,*,#7036,.T.);
#9923=ORIENTED_EDGE('',*,*,#7106,.T.);
#9924=ORIENTED_EDGE('',*,*,#7071,.T.);
#9925=ORIENTED_EDGE('',*,*,#7107,.F.);
#9926=ORIENTED_EDGE('',*,*,#7098,.T.);
#9927=ORIENTED_EDGE('',*,*,#7105,.T.);
#9928=ORIENTED_EDGE('',*,*,#7103,.T.);
#9929=ORIENTED_EDGE('',*,*,#7100,.T.);
#9930=ORIENTED_EDGE('',*,*,#7108,.T.);
#9931=ORIENTED_EDGE('',*,*,#7021,.T.);
#9932=ORIENTED_EDGE('',*,*,#7109,.F.);
#9933=ORIENTED_EDGE('',*,*,#7110,.F.);
#9934=ORIENTED_EDGE('',*,*,#7111,.T.);
#9935=ORIENTED_EDGE('',*,*,#7112,.T.);
#9936=ORIENTED_EDGE('',*,*,#7113,.T.);
#9937=ORIENTED_EDGE('',*,*,#7114,.T.);
#9938=ORIENTED_EDGE('',*,*,#7115,.T.);
#9939=ORIENTED_EDGE('',*,*,#7116,.T.);
#9940=ORIENTED_EDGE('',*,*,#7113,.F.);
#9941=ORIENTED_EDGE('',*,*,#7117,.F.);
#9942=ORIENTED_EDGE('',*,*,#7118,.T.);
#9943=ORIENTED_EDGE('',*,*,#7117,.T.);
#9944=ORIENTED_EDGE('',*,*,#7112,.F.);
#9945=ORIENTED_EDGE('',*,*,#7119,.F.);
#9946=ORIENTED_EDGE('',*,*,#7120,.T.);
#9947=ORIENTED_EDGE('',*,*,#7119,.T.);
#9948=ORIENTED_EDGE('',*,*,#7111,.F.);
#9949=ORIENTED_EDGE('',*,*,#7121,.F.);
#9950=ORIENTED_EDGE('',*,*,#7122,.F.);
#9951=ORIENTED_EDGE('',*,*,#7114,.F.);
#9952=ORIENTED_EDGE('',*,*,#7116,.F.);
#9953=ORIENTED_EDGE('',*,*,#7123,.T.);
#9954=ORIENTED_EDGE('',*,*,#7124,.T.);
#9955=ORIENTED_EDGE('',*,*,#7125,.T.);
#9956=ORIENTED_EDGE('',*,*,#7088,.T.);
#9957=ORIENTED_EDGE('',*,*,#7126,.T.);
#9958=ORIENTED_EDGE('',*,*,#7123,.F.);
#9959=ORIENTED_EDGE('',*,*,#7115,.F.);
#9960=ORIENTED_EDGE('',*,*,#7118,.F.);
#9961=ORIENTED_EDGE('',*,*,#7120,.F.);
#9962=ORIENTED_EDGE('',*,*,#7127,.F.);
#9963=ORIENTED_EDGE('',*,*,#7128,.F.);
#9964=ORIENTED_EDGE('',*,*,#7129,.T.);
#9965=ORIENTED_EDGE('',*,*,#7130,.F.);
#9966=ORIENTED_EDGE('',*,*,#7026,.T.);
#9967=ORIENTED_EDGE('',*,*,#7102,.T.);
#9968=ORIENTED_EDGE('',*,*,#7091,.T.);
#9969=ORIENTED_EDGE('',*,*,#7131,.F.);
#9970=ORIENTED_EDGE('',*,*,#7129,.F.);
#9971=ORIENTED_EDGE('',*,*,#7132,.F.);
#9972=ORIENTED_EDGE('',*,*,#7096,.T.);
#9973=ORIENTED_EDGE('',*,*,#7107,.T.);
#9974=ORIENTED_EDGE('',*,*,#7070,.T.);
#9975=ORIENTED_EDGE('',*,*,#7068,.F.);
#9976=ORIENTED_EDGE('',*,*,#7133,.F.);
#9977=ORIENTED_EDGE('',*,*,#7130,.T.);
#9978=ORIENTED_EDGE('',*,*,#7131,.T.);
#9979=ORIENTED_EDGE('',*,*,#7090,.T.);
#9980=ORIENTED_EDGE('',*,*,#7027,.T.);
#9981=ORIENTED_EDGE('',*,*,#7132,.T.);
#9982=ORIENTED_EDGE('',*,*,#7128,.T.);
#9983=ORIENTED_EDGE('',*,*,#7134,.T.);
#9984=ORIENTED_EDGE('',*,*,#7043,.T.);
#9985=ORIENTED_EDGE('',*,*,#7135,.T.);
#9986=ORIENTED_EDGE('',*,*,#7136,.T.);
#9987=ORIENTED_EDGE('',*,*,#7137,.T.);
#9988=ORIENTED_EDGE('',*,*,#7138,.F.);
#9989=ORIENTED_EDGE('',*,*,#7139,.F.);
#9990=ORIENTED_EDGE('',*,*,#7072,.F.);
#9991=ORIENTED_EDGE('',*,*,#7106,.F.);
#9992=ORIENTED_EDGE('',*,*,#7038,.F.);
#9993=ORIENTED_EDGE('',*,*,#7041,.F.);
#9994=ORIENTED_EDGE('',*,*,#7140,.F.);
#9995=ORIENTED_EDGE('',*,*,#7141,.F.);
#9996=ORIENTED_EDGE('',*,*,#7142,.F.);
#9997=ORIENTED_EDGE('',*,*,#7058,.F.);
#9998=ORIENTED_EDGE('',*,*,#7143,.F.);
#9999=ORIENTED_EDGE('',*,*,#7144,.F.);
#10000=ORIENTED_EDGE('',*,*,#7145,.F.);
#10001=ORIENTED_EDGE('',*,*,#7085,.F.);
#10002=ORIENTED_EDGE('',*,*,#7089,.F.);
#10003=ORIENTED_EDGE('',*,*,#7125,.F.);
#10004=ORIENTED_EDGE('',*,*,#7044,.T.);
#10005=ORIENTED_EDGE('',*,*,#7134,.F.);
#10006=ORIENTED_EDGE('',*,*,#7127,.T.);
#10007=ORIENTED_EDGE('',*,*,#7121,.T.);
#10008=ORIENTED_EDGE('',*,*,#7110,.T.);
#10009=ORIENTED_EDGE('',*,*,#7146,.F.);
#10010=ORIENTED_EDGE('',*,*,#7146,.T.);
#10011=ORIENTED_EDGE('',*,*,#7109,.T.);
#10012=ORIENTED_EDGE('',*,*,#7122,.T.);
#10013=ORIENTED_EDGE('',*,*,#7126,.F.);
#10014=ORIENTED_EDGE('',*,*,#7087,.F.);
#10015=ORIENTED_EDGE('',*,*,#7082,.F.);
#10016=ORIENTED_EDGE('',*,*,#7147,.F.);
#10017=ORIENTED_EDGE('',*,*,#7148,.T.);
#10018=ORIENTED_EDGE('',*,*,#7149,.F.);
#10019=ORIENTED_EDGE('',*,*,#7054,.T.);
#10020=ORIENTED_EDGE('',*,*,#7150,.F.);
#10021=ORIENTED_EDGE('',*,*,#7045,.F.);
#10022=ORIENTED_EDGE('',*,*,#7042,.T.);
#10023=ORIENTED_EDGE('',*,*,#7032,.T.);
#10024=ORIENTED_EDGE('',*,*,#7034,.T.);
#10025=ORIENTED_EDGE('',*,*,#7022,.T.);
#10026=ORIENTED_EDGE('',*,*,#7108,.F.);
#10027=ORIENTED_EDGE('',*,*,#7099,.F.);
#10028=ORIENTED_EDGE('',*,*,#7028,.T.);
#10029=ORIENTED_EDGE('',*,*,#7137,.F.);
#10030=ORIENTED_EDGE('',*,*,#7151,.F.);
#10031=ORIENTED_EDGE('',*,*,#7140,.T.);
#10032=ORIENTED_EDGE('',*,*,#7040,.T.);
#10033=ORIENTED_EDGE('',*,*,#7151,.T.);
#10034=ORIENTED_EDGE('',*,*,#7136,.F.);
#10035=ORIENTED_EDGE('',*,*,#7152,.T.);
#10036=ORIENTED_EDGE('',*,*,#7141,.T.);
#10037=ORIENTED_EDGE('',*,*,#7086,.F.);
#10038=ORIENTED_EDGE('',*,*,#7145,.T.);
#10039=ORIENTED_EDGE('',*,*,#7153,.T.);
#10040=ORIENTED_EDGE('',*,*,#7147,.T.);
#10041=ORIENTED_EDGE('',*,*,#7081,.T.);
#10042=ORIENTED_EDGE('',*,*,#7078,.T.);
#10043=ORIENTED_EDGE('',*,*,#7076,.T.);
#10044=ORIENTED_EDGE('',*,*,#7154,.F.);
#10045=ORIENTED_EDGE('',*,*,#7138,.T.);
#10046=ORIENTED_EDGE('',*,*,#7124,.F.);
#10047=ORIENTED_EDGE('',*,*,#7133,.T.);
#10048=ORIENTED_EDGE('',*,*,#7067,.T.);
#10049=ORIENTED_EDGE('',*,*,#7064,.T.);
#10050=ORIENTED_EDGE('',*,*,#7060,.T.);
#10051=ORIENTED_EDGE('',*,*,#7063,.T.);
#10052=ORIENTED_EDGE('',*,*,#7073,.F.);
#10053=ORIENTED_EDGE('',*,*,#7139,.T.);
#10054=ORIENTED_EDGE('',*,*,#7154,.T.);
#10055=ORIENTED_EDGE('',*,*,#7056,.T.);
#10056=ORIENTED_EDGE('',*,*,#7059,.F.);
#10057=ORIENTED_EDGE('',*,*,#7142,.T.);
#10058=ORIENTED_EDGE('',*,*,#7152,.F.);
#10059=ORIENTED_EDGE('',*,*,#7135,.F.);
#10060=ORIENTED_EDGE('',*,*,#7046,.T.);
#10061=ORIENTED_EDGE('',*,*,#7150,.T.);
#10062=ORIENTED_EDGE('',*,*,#7053,.T.);
#10063=ORIENTED_EDGE('',*,*,#7048,.T.);
#10064=ORIENTED_EDGE('',*,*,#7155,.F.);
#10065=ORIENTED_EDGE('',*,*,#7143,.T.);
#10066=ORIENTED_EDGE('',*,*,#7057,.T.);
#10067=ORIENTED_EDGE('',*,*,#7050,.T.);
#10068=ORIENTED_EDGE('',*,*,#7052,.T.);
#10069=ORIENTED_EDGE('',*,*,#7149,.T.);
#10070=ORIENTED_EDGE('',*,*,#7019,.T.);
#10071=ORIENTED_EDGE('',*,*,#7155,.T.);
#10072=ORIENTED_EDGE('',*,*,#7148,.F.);
#10073=ORIENTED_EDGE('',*,*,#7153,.F.);
#10074=ORIENTED_EDGE('',*,*,#7144,.T.);
#10075=ORIENTED_EDGE('',*,*,#7156,.T.);
#10076=ORIENTED_EDGE('',*,*,#7157,.F.);
#10077=ORIENTED_EDGE('',*,*,#7156,.F.);
#10078=ORIENTED_EDGE('',*,*,#7158,.F.);
#10079=ORIENTED_EDGE('',*,*,#7159,.T.);
#10080=ORIENTED_EDGE('',*,*,#7159,.F.);
#10081=ORIENTED_EDGE('',*,*,#7160,.F.);
#10082=ORIENTED_EDGE('',*,*,#7161,.F.);
#10083=ORIENTED_EDGE('',*,*,#7162,.T.);
#10084=ORIENTED_EDGE('',*,*,#7163,.F.);
#10085=ORIENTED_EDGE('',*,*,#7164,.F.);
#10086=ORIENTED_EDGE('',*,*,#7165,.F.);
#10087=ORIENTED_EDGE('',*,*,#7166,.F.);
#10088=ORIENTED_EDGE('',*,*,#7167,.F.);
#10089=ORIENTED_EDGE('',*,*,#7168,.F.);
#10090=ORIENTED_EDGE('',*,*,#7169,.F.);
#10091=ORIENTED_EDGE('',*,*,#7170,.F.);
#10092=ORIENTED_EDGE('',*,*,#7171,.F.);
#10093=ORIENTED_EDGE('',*,*,#7172,.F.);
#10094=ORIENTED_EDGE('',*,*,#7173,.F.);
#10095=ORIENTED_EDGE('',*,*,#7170,.T.);
#10096=ORIENTED_EDGE('',*,*,#7174,.F.);
#10097=ORIENTED_EDGE('',*,*,#7162,.F.);
#10098=ORIENTED_EDGE('',*,*,#7175,.F.);
#10099=ORIENTED_EDGE('',*,*,#7163,.T.);
#10100=ORIENTED_EDGE('',*,*,#7174,.T.);
#10101=ORIENTED_EDGE('',*,*,#7169,.T.);
#10102=ORIENTED_EDGE('',*,*,#7176,.F.);
#10103=ORIENTED_EDGE('',*,*,#7177,.T.);
#10104=ORIENTED_EDGE('',*,*,#7157,.T.);
#10105=ORIENTED_EDGE('',*,*,#7168,.T.);
#10106=ORIENTED_EDGE('',*,*,#7178,.T.);
#10107=ORIENTED_EDGE('',*,*,#7179,.F.);
#10108=ORIENTED_EDGE('',*,*,#7180,.T.);
#10109=ORIENTED_EDGE('',*,*,#7176,.T.);
#10110=ORIENTED_EDGE('',*,*,#7172,.T.);
#10111=ORIENTED_EDGE('',*,*,#7181,.F.);
#10112=ORIENTED_EDGE('',*,*,#7178,.F.);
#10113=ORIENTED_EDGE('',*,*,#7182,.F.);
#10114=ORIENTED_EDGE('',*,*,#7183,.F.);
#10115=ORIENTED_EDGE('',*,*,#7184,.T.);
#10116=ORIENTED_EDGE('',*,*,#7185,.F.);
#10117=ORIENTED_EDGE('',*,*,#7186,.F.);
#10118=ORIENTED_EDGE('',*,*,#7187,.F.);
#10119=ORIENTED_EDGE('',*,*,#7188,.F.);
#10120=ORIENTED_EDGE('',*,*,#7189,.F.);
#10121=ORIENTED_EDGE('',*,*,#7190,.F.);
#10122=ORIENTED_EDGE('',*,*,#7191,.F.);
#10123=ORIENTED_EDGE('',*,*,#7188,.T.);
#10124=ORIENTED_EDGE('',*,*,#7192,.F.);
#10125=ORIENTED_EDGE('',*,*,#7193,.F.);
#10126=ORIENTED_EDGE('',*,*,#7186,.T.);
#10127=ORIENTED_EDGE('',*,*,#7194,.F.);
#10128=ORIENTED_EDGE('',*,*,#7195,.F.);
#10129=ORIENTED_EDGE('',*,*,#7190,.T.);
#10130=ORIENTED_EDGE('',*,*,#7196,.F.);
#10131=ORIENTED_EDGE('',*,*,#7197,.T.);
#10132=ORIENTED_EDGE('',*,*,#7198,.T.);
#10133=ORIENTED_EDGE('',*,*,#7194,.T.);
#10134=ORIENTED_EDGE('',*,*,#7199,.F.);
#10135=ORIENTED_EDGE('',*,*,#7200,.T.);
#10136=ORIENTED_EDGE('',*,*,#7201,.F.);
#10137=ORIENTED_EDGE('',*,*,#7200,.F.);
#10138=ORIENTED_EDGE('',*,*,#7202,.F.);
#10139=ORIENTED_EDGE('',*,*,#7203,.F.);
#10140=ORIENTED_EDGE('',*,*,#7204,.T.);
#10141=ORIENTED_EDGE('',*,*,#7205,.F.);
#10142=ORIENTED_EDGE('',*,*,#7206,.F.);
#10143=ORIENTED_EDGE('',*,*,#7207,.T.);
#10144=ORIENTED_EDGE('',*,*,#7208,.F.);
#10145=ORIENTED_EDGE('',*,*,#7204,.F.);
#10146=ORIENTED_EDGE('',*,*,#7205,.T.);
#10147=ORIENTED_EDGE('',*,*,#7208,.T.);
#10148=ORIENTED_EDGE('',*,*,#7209,.F.);
#10149=ORIENTED_EDGE('',*,*,#7210,.F.);
#10150=ORIENTED_EDGE('',*,*,#7211,.T.);
#10151=ORIENTED_EDGE('',*,*,#7212,.T.);
#10152=ORIENTED_EDGE('',*,*,#7201,.T.);
#10153=ORIENTED_EDGE('',*,*,#7213,.F.);
#10154=ORIENTED_EDGE('',*,*,#7214,.T.);
#10155=ORIENTED_EDGE('',*,*,#7215,.F.);
#10156=ORIENTED_EDGE('',*,*,#7214,.F.);
#10157=ORIENTED_EDGE('',*,*,#7216,.F.);
#10158=ORIENTED_EDGE('',*,*,#7217,.F.);
#10159=ORIENTED_EDGE('',*,*,#7218,.T.);
#10160=ORIENTED_EDGE('',*,*,#7219,.F.);
#10161=ORIENTED_EDGE('',*,*,#7220,.F.);
#10162=ORIENTED_EDGE('',*,*,#7221,.T.);
#10163=ORIENTED_EDGE('',*,*,#7222,.F.);
#10164=ORIENTED_EDGE('',*,*,#7218,.F.);
#10165=ORIENTED_EDGE('',*,*,#7216,.T.);
#10166=ORIENTED_EDGE('',*,*,#7223,.F.);
#10167=ORIENTED_EDGE('',*,*,#7224,.T.);
#10168=ORIENTED_EDGE('',*,*,#7225,.T.);
#10169=ORIENTED_EDGE('',*,*,#7219,.T.);
#10170=ORIENTED_EDGE('',*,*,#7222,.T.);
#10171=ORIENTED_EDGE('',*,*,#7226,.T.);
#10172=ORIENTED_EDGE('',*,*,#7227,.F.);
#10173=ORIENTED_EDGE('',*,*,#7228,.T.);
#10174=ORIENTED_EDGE('',*,*,#7223,.T.);
#10175=ORIENTED_EDGE('',*,*,#7213,.T.);
#10176=ORIENTED_EDGE('',*,*,#7229,.F.);
#10177=ORIENTED_EDGE('',*,*,#7230,.F.);
#10178=ORIENTED_EDGE('',*,*,#7231,.T.);
#10179=ORIENTED_EDGE('',*,*,#7232,.T.);
#10180=ORIENTED_EDGE('',*,*,#7233,.T.);
#10181=ORIENTED_EDGE('',*,*,#7234,.T.);
#10182=ORIENTED_EDGE('',*,*,#7235,.F.);
#10183=ORIENTED_EDGE('',*,*,#7234,.F.);
#10184=ORIENTED_EDGE('',*,*,#7236,.T.);
#10185=ORIENTED_EDGE('',*,*,#7237,.F.);
#10186=ORIENTED_EDGE('',*,*,#7238,.T.);
#10187=ORIENTED_EDGE('',*,*,#7239,.F.);
#10188=ORIENTED_EDGE('',*,*,#7240,.F.);
#10189=ORIENTED_EDGE('',*,*,#7231,.F.);
#10190=ORIENTED_EDGE('',*,*,#7241,.F.);
#10191=ORIENTED_EDGE('',*,*,#7164,.T.);
#10192=ORIENTED_EDGE('',*,*,#7232,.F.);
#10193=ORIENTED_EDGE('',*,*,#7240,.T.);
#10194=ORIENTED_EDGE('',*,*,#7242,.F.);
#10195=ORIENTED_EDGE('',*,*,#7243,.F.);
#10196=ORIENTED_EDGE('',*,*,#7233,.F.);
#10197=ORIENTED_EDGE('',*,*,#7243,.T.);
#10198=ORIENTED_EDGE('',*,*,#7244,.F.);
#10199=ORIENTED_EDGE('',*,*,#7236,.F.);
#10200=ORIENTED_EDGE('',*,*,#7175,.T.);
#10201=ORIENTED_EDGE('',*,*,#7245,.T.);
#10202=ORIENTED_EDGE('',*,*,#7210,.T.);
#10203=ORIENTED_EDGE('',*,*,#7246,.F.);
#10204=ORIENTED_EDGE('',*,*,#7237,.T.);
#10205=ORIENTED_EDGE('',*,*,#7244,.T.);
#10206=ORIENTED_EDGE('',*,*,#7242,.T.);
#10207=ORIENTED_EDGE('',*,*,#7239,.T.);
#10208=ORIENTED_EDGE('',*,*,#7247,.T.);
#10209=ORIENTED_EDGE('',*,*,#7160,.T.);
#10210=ORIENTED_EDGE('',*,*,#7248,.F.);
#10211=ORIENTED_EDGE('',*,*,#7249,.F.);
#10212=ORIENTED_EDGE('',*,*,#7250,.T.);
#10213=ORIENTED_EDGE('',*,*,#7251,.T.);
#10214=ORIENTED_EDGE('',*,*,#7252,.T.);
#10215=ORIENTED_EDGE('',*,*,#7253,.T.);
#10216=ORIENTED_EDGE('',*,*,#7254,.T.);
#10217=ORIENTED_EDGE('',*,*,#7255,.T.);
#10218=ORIENTED_EDGE('',*,*,#7252,.F.);
#10219=ORIENTED_EDGE('',*,*,#7256,.F.);
#10220=ORIENTED_EDGE('',*,*,#7257,.T.);
#10221=ORIENTED_EDGE('',*,*,#7256,.T.);
#10222=ORIENTED_EDGE('',*,*,#7251,.F.);
#10223=ORIENTED_EDGE('',*,*,#7258,.F.);
#10224=ORIENTED_EDGE('',*,*,#7259,.T.);
#10225=ORIENTED_EDGE('',*,*,#7258,.T.);
#10226=ORIENTED_EDGE('',*,*,#7250,.F.);
#10227=ORIENTED_EDGE('',*,*,#7260,.F.);
#10228=ORIENTED_EDGE('',*,*,#7261,.F.);
#10229=ORIENTED_EDGE('',*,*,#7253,.F.);
#10230=ORIENTED_EDGE('',*,*,#7255,.F.);
#10231=ORIENTED_EDGE('',*,*,#7262,.T.);
#10232=ORIENTED_EDGE('',*,*,#7263,.T.);
#10233=ORIENTED_EDGE('',*,*,#7264,.T.);
#10234=ORIENTED_EDGE('',*,*,#7227,.T.);
#10235=ORIENTED_EDGE('',*,*,#7265,.T.);
#10236=ORIENTED_EDGE('',*,*,#7262,.F.);
#10237=ORIENTED_EDGE('',*,*,#7254,.F.);
#10238=ORIENTED_EDGE('',*,*,#7257,.F.);
#10239=ORIENTED_EDGE('',*,*,#7259,.F.);
#10240=ORIENTED_EDGE('',*,*,#7266,.F.);
#10241=ORIENTED_EDGE('',*,*,#7267,.F.);
#10242=ORIENTED_EDGE('',*,*,#7268,.T.);
#10243=ORIENTED_EDGE('',*,*,#7269,.F.);
#10244=ORIENTED_EDGE('',*,*,#7165,.T.);
#10245=ORIENTED_EDGE('',*,*,#7241,.T.);
#10246=ORIENTED_EDGE('',*,*,#7230,.T.);
#10247=ORIENTED_EDGE('',*,*,#7270,.F.);
#10248=ORIENTED_EDGE('',*,*,#7268,.F.);
#10249=ORIENTED_EDGE('',*,*,#7271,.F.);
#10250=ORIENTED_EDGE('',*,*,#7235,.T.);
#10251=ORIENTED_EDGE('',*,*,#7246,.T.);
#10252=ORIENTED_EDGE('',*,*,#7209,.T.);
#10253=ORIENTED_EDGE('',*,*,#7207,.F.);
#10254=ORIENTED_EDGE('',*,*,#7272,.F.);
#10255=ORIENTED_EDGE('',*,*,#7269,.T.);
#10256=ORIENTED_EDGE('',*,*,#7270,.T.);
#10257=ORIENTED_EDGE('',*,*,#7229,.T.);
#10258=ORIENTED_EDGE('',*,*,#7166,.T.);
#10259=ORIENTED_EDGE('',*,*,#7271,.T.);
#10260=ORIENTED_EDGE('',*,*,#7267,.T.);
#10261=ORIENTED_EDGE('',*,*,#7273,.T.);
#10262=ORIENTED_EDGE('',*,*,#7182,.T.);
#10263=ORIENTED_EDGE('',*,*,#7274,.T.);
#10264=ORIENTED_EDGE('',*,*,#7275,.T.);
#10265=ORIENTED_EDGE('',*,*,#7276,.T.);
#10266=ORIENTED_EDGE('',*,*,#7277,.F.);
#10267=ORIENTED_EDGE('',*,*,#7278,.F.);
#10268=ORIENTED_EDGE('',*,*,#7211,.F.);
#10269=ORIENTED_EDGE('',*,*,#7245,.F.);
#10270=ORIENTED_EDGE('',*,*,#7177,.F.);
#10271=ORIENTED_EDGE('',*,*,#7180,.F.);
#10272=ORIENTED_EDGE('',*,*,#7279,.F.);
#10273=ORIENTED_EDGE('',*,*,#7280,.F.);
#10274=ORIENTED_EDGE('',*,*,#7281,.F.);
#10275=ORIENTED_EDGE('',*,*,#7197,.F.);
#10276=ORIENTED_EDGE('',*,*,#7282,.F.);
#10277=ORIENTED_EDGE('',*,*,#7283,.F.);
#10278=ORIENTED_EDGE('',*,*,#7284,.F.);
#10279=ORIENTED_EDGE('',*,*,#7224,.F.);
#10280=ORIENTED_EDGE('',*,*,#7228,.F.);
#10281=ORIENTED_EDGE('',*,*,#7264,.F.);
#10282=ORIENTED_EDGE('',*,*,#7183,.T.);
#10283=ORIENTED_EDGE('',*,*,#7273,.F.);
#10284=ORIENTED_EDGE('',*,*,#7266,.T.);
#10285=ORIENTED_EDGE('',*,*,#7260,.T.);
#10286=ORIENTED_EDGE('',*,*,#7249,.T.);
#10287=ORIENTED_EDGE('',*,*,#7285,.F.);
#10288=ORIENTED_EDGE('',*,*,#7285,.T.);
#10289=ORIENTED_EDGE('',*,*,#7248,.T.);
#10290=ORIENTED_EDGE('',*,*,#7261,.T.);
#10291=ORIENTED_EDGE('',*,*,#7265,.F.);
#10292=ORIENTED_EDGE('',*,*,#7226,.F.);
#10293=ORIENTED_EDGE('',*,*,#7221,.F.);
#10294=ORIENTED_EDGE('',*,*,#7286,.F.);
#10295=ORIENTED_EDGE('',*,*,#7287,.T.);
#10296=ORIENTED_EDGE('',*,*,#7288,.F.);
#10297=ORIENTED_EDGE('',*,*,#7193,.T.);
#10298=ORIENTED_EDGE('',*,*,#7289,.F.);
#10299=ORIENTED_EDGE('',*,*,#7184,.F.);
#10300=ORIENTED_EDGE('',*,*,#7181,.T.);
#10301=ORIENTED_EDGE('',*,*,#7171,.T.);
#10302=ORIENTED_EDGE('',*,*,#7173,.T.);
#10303=ORIENTED_EDGE('',*,*,#7161,.T.);
#10304=ORIENTED_EDGE('',*,*,#7247,.F.);
#10305=ORIENTED_EDGE('',*,*,#7238,.F.);
#10306=ORIENTED_EDGE('',*,*,#7167,.T.);
#10307=ORIENTED_EDGE('',*,*,#7276,.F.);
#10308=ORIENTED_EDGE('',*,*,#7290,.F.);
#10309=ORIENTED_EDGE('',*,*,#7279,.T.);
#10310=ORIENTED_EDGE('',*,*,#7179,.T.);
#10311=ORIENTED_EDGE('',*,*,#7290,.T.);
#10312=ORIENTED_EDGE('',*,*,#7275,.F.);
#10313=ORIENTED_EDGE('',*,*,#7291,.T.);
#10314=ORIENTED_EDGE('',*,*,#7280,.T.);
#10315=ORIENTED_EDGE('',*,*,#7225,.F.);
#10316=ORIENTED_EDGE('',*,*,#7284,.T.);
#10317=ORIENTED_EDGE('',*,*,#7292,.T.);
#10318=ORIENTED_EDGE('',*,*,#7286,.T.);
#10319=ORIENTED_EDGE('',*,*,#7220,.T.);
#10320=ORIENTED_EDGE('',*,*,#7217,.T.);
#10321=ORIENTED_EDGE('',*,*,#7215,.T.);
#10322=ORIENTED_EDGE('',*,*,#7293,.F.);
#10323=ORIENTED_EDGE('',*,*,#7277,.T.);
#10324=ORIENTED_EDGE('',*,*,#7263,.F.);
#10325=ORIENTED_EDGE('',*,*,#7272,.T.);
#10326=ORIENTED_EDGE('',*,*,#7206,.T.);
#10327=ORIENTED_EDGE('',*,*,#7203,.T.);
#10328=ORIENTED_EDGE('',*,*,#7199,.T.);
#10329=ORIENTED_EDGE('',*,*,#7202,.T.);
#10330=ORIENTED_EDGE('',*,*,#7212,.F.);
#10331=ORIENTED_EDGE('',*,*,#7278,.T.);
#10332=ORIENTED_EDGE('',*,*,#7293,.T.);
#10333=ORIENTED_EDGE('',*,*,#7195,.T.);
#10334=ORIENTED_EDGE('',*,*,#7198,.F.);
#10335=ORIENTED_EDGE('',*,*,#7281,.T.);
#10336=ORIENTED_EDGE('',*,*,#7291,.F.);
#10337=ORIENTED_EDGE('',*,*,#7274,.F.);
#10338=ORIENTED_EDGE('',*,*,#7185,.T.);
#10339=ORIENTED_EDGE('',*,*,#7289,.T.);
#10340=ORIENTED_EDGE('',*,*,#7192,.T.);
#10341=ORIENTED_EDGE('',*,*,#7187,.T.);
#10342=ORIENTED_EDGE('',*,*,#7294,.F.);
#10343=ORIENTED_EDGE('',*,*,#7282,.T.);
#10344=ORIENTED_EDGE('',*,*,#7196,.T.);
#10345=ORIENTED_EDGE('',*,*,#7189,.T.);
#10346=ORIENTED_EDGE('',*,*,#7191,.T.);
#10347=ORIENTED_EDGE('',*,*,#7288,.T.);
#10348=ORIENTED_EDGE('',*,*,#7158,.T.);
#10349=ORIENTED_EDGE('',*,*,#7294,.T.);
#10350=ORIENTED_EDGE('',*,*,#7287,.F.);
#10351=ORIENTED_EDGE('',*,*,#7292,.F.);
#10352=ORIENTED_EDGE('',*,*,#7283,.T.);
#10353=CONICAL_SURFACE('',#10960,2.4,0.785398163397448);
#10354=CONICAL_SURFACE('',#10962,1.2,0.785398163397448);
#10355=CONICAL_SURFACE('',#10976,2.3,0.785398163397448);
#10356=CONICAL_SURFACE('',#10982,2.3,0.785398163397448);
#10357=CONICAL_SURFACE('',#11015,2.4,0.785398163397448);
#10358=CONICAL_SURFACE('',#11017,1.2,0.785398163397448);
#10359=CONICAL_SURFACE('',#11031,2.3,0.785398163397448);
#10360=CONICAL_SURFACE('',#11037,2.3,0.785398163397448);
#10361=CONICAL_SURFACE('',#11070,2.4,0.785398163397448);
#10362=CONICAL_SURFACE('',#11072,1.2,0.785398163397448);
#10363=CONICAL_SURFACE('',#11086,2.3,0.785398163397448);
#10364=CONICAL_SURFACE('',#11092,2.3,0.785398163397448);
#10365=CONICAL_SURFACE('',#11125,2.4,0.785398163397448);
#10366=CONICAL_SURFACE('',#11127,1.2,0.785398163397448);
#10367=CONICAL_SURFACE('',#11141,2.3,0.785398163397448);
#10368=CONICAL_SURFACE('',#11147,2.3,0.785398163397448);
#10369=CONICAL_SURFACE('',#11180,2.4,0.785398163397448);
#10370=CONICAL_SURFACE('',#11182,1.2,0.785398163397448);
#10371=CONICAL_SURFACE('',#11196,2.3,0.785398163397448);
#10372=CONICAL_SURFACE('',#11202,2.3,0.785398163397448);
#10373=CONICAL_SURFACE('',#11235,2.4,0.785398163397448);
#10374=CONICAL_SURFACE('',#11237,1.2,0.785398163397448);
#10375=CONICAL_SURFACE('',#11251,2.3,0.785398163397448);
#10376=CONICAL_SURFACE('',#11257,2.3,0.785398163397448);
#10377=CONICAL_SURFACE('',#11290,2.4,0.785398163397448);
#10378=CONICAL_SURFACE('',#11292,1.2,0.785398163397448);
#10379=CONICAL_SURFACE('',#11306,2.3,0.785398163397448);
#10380=CONICAL_SURFACE('',#11312,2.3,0.785398163397448);
#10381=CONICAL_SURFACE('',#11345,2.4,0.785398163397448);
#10382=CONICAL_SURFACE('',#11347,1.2,0.785398163397448);
#10383=CONICAL_SURFACE('',#11361,2.3,0.785398163397448);
#10384=CONICAL_SURFACE('',#11367,2.3,0.785398163397448);
#10385=CONICAL_SURFACE('',#11400,2.4,0.785398163397448);
#10386=CONICAL_SURFACE('',#11402,1.2,0.785398163397448);
#10387=CONICAL_SURFACE('',#11416,2.3,0.785398163397448);
#10388=CONICAL_SURFACE('',#11422,2.3,0.785398163397448);
#10389=CONICAL_SURFACE('',#11455,2.4,0.785398163397448);
#10390=CONICAL_SURFACE('',#11457,1.2,0.785398163397448);
#10391=CONICAL_SURFACE('',#11471,2.3,0.785398163397448);
#10392=CONICAL_SURFACE('',#11477,2.3,0.785398163397448);
#10393=CONICAL_SURFACE('',#11510,2.4,0.785398163397448);
#10394=CONICAL_SURFACE('',#11512,1.2,0.785398163397448);
#10395=CONICAL_SURFACE('',#11526,2.3,0.785398163397448);
#10396=CONICAL_SURFACE('',#11532,2.3,0.785398163397448);
#10397=ADVANCED_FACE('',(#596),#10353,.T.);
#10398=ADVANCED_FACE('',(#597),#10354,.T.);
#10399=ADVANCED_FACE('',(#598),#101,.T.);
#10400=ADVANCED_FACE('',(#599),#102,.T.);
#10401=ADVANCED_FACE('',(#600),#103,.T.);
#10402=ADVANCED_FACE('',(#601),#104,.T.);
#10403=ADVANCED_FACE('',(#602,#35),#105,.T.);
#10404=ADVANCED_FACE('',(#603),#106,.T.);
#10405=ADVANCED_FACE('',(#604),#107,.F.);
#10406=ADVANCED_FACE('',(#605),#108,.T.);
#10407=ADVANCED_FACE('',(#606),#109,.T.);
#10408=ADVANCED_FACE('',(#607),#110,.T.);
#10409=ADVANCED_FACE('',(#608),#111,.F.);
#10410=ADVANCED_FACE('',(#609),#112,.T.);
#10411=ADVANCED_FACE('',(#610),#10355,.F.);
#10412=ADVANCED_FACE('',(#611),#113,.T.);
#10413=ADVANCED_FACE('',(#612),#114,.T.);
#10414=ADVANCED_FACE('',(#613,#36),#115,.T.);
#10415=ADVANCED_FACE('',(#614),#10356,.F.);
#10416=ADVANCED_FACE('',(#615),#116,.T.);
#10417=ADVANCED_FACE('',(#616),#117,.T.);
#10418=ADVANCED_FACE('',(#617),#118,.T.);
#10419=ADVANCED_FACE('',(#618,#37),#119,.T.);
#10420=ADVANCED_FACE('',(#619),#120,.F.);
#10421=ADVANCED_FACE('',(#620),#121,.T.);
#10422=ADVANCED_FACE('',(#621),#122,.T.);
#10423=ADVANCED_FACE('',(#622),#123,.T.);
#10424=ADVANCED_FACE('',(#623),#124,.T.);
#10425=ADVANCED_FACE('',(#624),#125,.T.);
#10426=ADVANCED_FACE('',(#625),#126,.T.);
#10427=ADVANCED_FACE('',(#626),#127,.T.);
#10428=ADVANCED_FACE('',(#627),#128,.T.);
#10429=ADVANCED_FACE('',(#628),#129,.T.);
#10430=ADVANCED_FACE('',(#629),#130,.T.);
#10431=ADVANCED_FACE('',(#630),#131,.T.);
#10432=ADVANCED_FACE('',(#631),#132,.T.);
#10433=ADVANCED_FACE('',(#632),#133,.T.);
#10434=ADVANCED_FACE('',(#633),#134,.T.);
#10435=ADVANCED_FACE('',(#634),#135,.F.);
#10436=ADVANCED_FACE('',(#635),#136,.T.);
#10437=ADVANCED_FACE('',(#636),#137,.T.);
#10438=ADVANCED_FACE('',(#637),#138,.T.);
#10439=ADVANCED_FACE('',(#638),#139,.T.);
#10440=ADVANCED_FACE('',(#639,#38),#140,.T.);
#10441=ADVANCED_FACE('',(#640,#39),#141,.T.);
#10442=ADVANCED_FACE('',(#641),#142,.T.);
#10443=ADVANCED_FACE('',(#642),#143,.T.);
#10444=ADVANCED_FACE('',(#643,#40),#144,.T.);
#10445=ADVANCED_FACE('',(#644),#145,.T.);
#10446=ADVANCED_FACE('',(#645),#10357,.T.);
#10447=ADVANCED_FACE('',(#646),#10358,.T.);
#10448=ADVANCED_FACE('',(#647),#146,.T.);
#10449=ADVANCED_FACE('',(#648),#147,.T.);
#10450=ADVANCED_FACE('',(#649),#148,.T.);
#10451=ADVANCED_FACE('',(#650),#149,.T.);
#10452=ADVANCED_FACE('',(#651,#41),#150,.T.);
#10453=ADVANCED_FACE('',(#652),#151,.T.);
#10454=ADVANCED_FACE('',(#653),#152,.F.);
#10455=ADVANCED_FACE('',(#654),#153,.T.);
#10456=ADVANCED_FACE('',(#655),#154,.T.);
#10457=ADVANCED_FACE('',(#656),#155,.T.);
#10458=ADVANCED_FACE('',(#657),#156,.F.);
#10459=ADVANCED_FACE('',(#658),#157,.T.);
#10460=ADVANCED_FACE('',(#659),#10359,.F.);
#10461=ADVANCED_FACE('',(#660),#158,.T.);
#10462=ADVANCED_FACE('',(#661),#159,.T.);
#10463=ADVANCED_FACE('',(#662,#42),#160,.T.);
#10464=ADVANCED_FACE('',(#663),#10360,.F.);
#10465=ADVANCED_FACE('',(#664),#161,.T.);
#10466=ADVANCED_FACE('',(#665),#162,.T.);
#10467=ADVANCED_FACE('',(#666),#163,.T.);
#10468=ADVANCED_FACE('',(#667,#43),#164,.T.);
#10469=ADVANCED_FACE('',(#668),#165,.F.);
#10470=ADVANCED_FACE('',(#669),#166,.T.);
#10471=ADVANCED_FACE('',(#670),#167,.T.);
#10472=ADVANCED_FACE('',(#671),#168,.T.);
#10473=ADVANCED_FACE('',(#672),#169,.T.);
#10474=ADVANCED_FACE('',(#673),#170,.T.);
#10475=ADVANCED_FACE('',(#674),#171,.T.);
#10476=ADVANCED_FACE('',(#675),#172,.T.);
#10477=ADVANCED_FACE('',(#676),#173,.T.);
#10478=ADVANCED_FACE('',(#677),#174,.T.);
#10479=ADVANCED_FACE('',(#678),#175,.T.);
#10480=ADVANCED_FACE('',(#679),#176,.T.);
#10481=ADVANCED_FACE('',(#680),#177,.T.);
#10482=ADVANCED_FACE('',(#681),#178,.T.);
#10483=ADVANCED_FACE('',(#682),#179,.T.);
#10484=ADVANCED_FACE('',(#683),#180,.F.);
#10485=ADVANCED_FACE('',(#684),#181,.T.);
#10486=ADVANCED_FACE('',(#685),#182,.T.);
#10487=ADVANCED_FACE('',(#686),#183,.T.);
#10488=ADVANCED_FACE('',(#687),#184,.T.);
#10489=ADVANCED_FACE('',(#688,#44),#185,.T.);
#10490=ADVANCED_FACE('',(#689,#45),#186,.T.);
#10491=ADVANCED_FACE('',(#690),#187,.T.);
#10492=ADVANCED_FACE('',(#691),#188,.T.);
#10493=ADVANCED_FACE('',(#692,#46),#189,.T.);
#10494=ADVANCED_FACE('',(#693),#190,.T.);
#10495=ADVANCED_FACE('',(#694),#10361,.T.);
#10496=ADVANCED_FACE('',(#695),#10362,.T.);
#10497=ADVANCED_FACE('',(#696),#191,.T.);
#10498=ADVANCED_FACE('',(#697),#192,.T.);
#10499=ADVANCED_FACE('',(#698),#193,.T.);
#10500=ADVANCED_FACE('',(#699),#194,.T.);
#10501=ADVANCED_FACE('',(#700,#47),#195,.T.);
#10502=ADVANCED_FACE('',(#701),#196,.T.);
#10503=ADVANCED_FACE('',(#702),#197,.F.);
#10504=ADVANCED_FACE('',(#703),#198,.T.);
#10505=ADVANCED_FACE('',(#704),#199,.T.);
#10506=ADVANCED_FACE('',(#705),#200,.T.);
#10507=ADVANCED_FACE('',(#706),#201,.F.);
#10508=ADVANCED_FACE('',(#707),#202,.T.);
#10509=ADVANCED_FACE('',(#708),#10363,.F.);
#10510=ADVANCED_FACE('',(#709),#203,.T.);
#10511=ADVANCED_FACE('',(#710),#204,.T.);
#10512=ADVANCED_FACE('',(#711,#48),#205,.T.);
#10513=ADVANCED_FACE('',(#712),#10364,.F.);
#10514=ADVANCED_FACE('',(#713),#206,.T.);
#10515=ADVANCED_FACE('',(#714),#207,.T.);
#10516=ADVANCED_FACE('',(#715),#208,.T.);
#10517=ADVANCED_FACE('',(#716,#49),#209,.T.);
#10518=ADVANCED_FACE('',(#717),#210,.F.);
#10519=ADVANCED_FACE('',(#718),#211,.T.);
#10520=ADVANCED_FACE('',(#719),#212,.T.);
#10521=ADVANCED_FACE('',(#720),#213,.T.);
#10522=ADVANCED_FACE('',(#721),#214,.T.);
#10523=ADVANCED_FACE('',(#722),#215,.T.);
#10524=ADVANCED_FACE('',(#723),#216,.T.);
#10525=ADVANCED_FACE('',(#724),#217,.T.);
#10526=ADVANCED_FACE('',(#725),#218,.T.);
#10527=ADVANCED_FACE('',(#726),#219,.T.);
#10528=ADVANCED_FACE('',(#727),#220,.T.);
#10529=ADVANCED_FACE('',(#728),#221,.T.);
#10530=ADVANCED_FACE('',(#729),#222,.T.);
#10531=ADVANCED_FACE('',(#730),#223,.T.);
#10532=ADVANCED_FACE('',(#731),#224,.T.);
#10533=ADVANCED_FACE('',(#732),#225,.F.);
#10534=ADVANCED_FACE('',(#733),#226,.T.);
#10535=ADVANCED_FACE('',(#734),#227,.T.);
#10536=ADVANCED_FACE('',(#735),#228,.T.);
#10537=ADVANCED_FACE('',(#736),#229,.T.);
#10538=ADVANCED_FACE('',(#737,#50),#230,.T.);
#10539=ADVANCED_FACE('',(#738,#51),#231,.T.);
#10540=ADVANCED_FACE('',(#739),#232,.T.);
#10541=ADVANCED_FACE('',(#740),#233,.T.);
#10542=ADVANCED_FACE('',(#741,#52),#234,.T.);
#10543=ADVANCED_FACE('',(#742),#235,.T.);
#10544=ADVANCED_FACE('',(#743),#10365,.T.);
#10545=ADVANCED_FACE('',(#744),#10366,.T.);
#10546=ADVANCED_FACE('',(#745),#236,.T.);
#10547=ADVANCED_FACE('',(#746),#237,.T.);
#10548=ADVANCED_FACE('',(#747),#238,.T.);
#10549=ADVANCED_FACE('',(#748),#239,.T.);
#10550=ADVANCED_FACE('',(#749,#53),#240,.T.);
#10551=ADVANCED_FACE('',(#750),#241,.T.);
#10552=ADVANCED_FACE('',(#751),#242,.F.);
#10553=ADVANCED_FACE('',(#752),#243,.T.);
#10554=ADVANCED_FACE('',(#753),#244,.T.);
#10555=ADVANCED_FACE('',(#754),#245,.T.);
#10556=ADVANCED_FACE('',(#755),#246,.F.);
#10557=ADVANCED_FACE('',(#756),#247,.T.);
#10558=ADVANCED_FACE('',(#757),#10367,.F.);
#10559=ADVANCED_FACE('',(#758),#248,.T.);
#10560=ADVANCED_FACE('',(#759),#249,.T.);
#10561=ADVANCED_FACE('',(#760,#54),#250,.T.);
#10562=ADVANCED_FACE('',(#761),#10368,.F.);
#10563=ADVANCED_FACE('',(#762),#251,.T.);
#10564=ADVANCED_FACE('',(#763),#252,.T.);
#10565=ADVANCED_FACE('',(#764),#253,.T.);
#10566=ADVANCED_FACE('',(#765,#55),#254,.T.);
#10567=ADVANCED_FACE('',(#766),#255,.F.);
#10568=ADVANCED_FACE('',(#767),#256,.T.);
#10569=ADVANCED_FACE('',(#768),#257,.T.);
#10570=ADVANCED_FACE('',(#769),#258,.T.);
#10571=ADVANCED_FACE('',(#770),#259,.T.);
#10572=ADVANCED_FACE('',(#771),#260,.T.);
#10573=ADVANCED_FACE('',(#772),#261,.T.);
#10574=ADVANCED_FACE('',(#773),#262,.T.);
#10575=ADVANCED_FACE('',(#774),#263,.T.);
#10576=ADVANCED_FACE('',(#775),#264,.T.);
#10577=ADVANCED_FACE('',(#776),#265,.T.);
#10578=ADVANCED_FACE('',(#777),#266,.T.);
#10579=ADVANCED_FACE('',(#778),#267,.T.);
#10580=ADVANCED_FACE('',(#779),#268,.T.);
#10581=ADVANCED_FACE('',(#780),#269,.T.);
#10582=ADVANCED_FACE('',(#781),#270,.F.);
#10583=ADVANCED_FACE('',(#782),#271,.T.);
#10584=ADVANCED_FACE('',(#783),#272,.T.);
#10585=ADVANCED_FACE('',(#784),#273,.T.);
#10586=ADVANCED_FACE('',(#785),#274,.T.);
#10587=ADVANCED_FACE('',(#786,#56),#275,.T.);
#10588=ADVANCED_FACE('',(#787,#57),#276,.T.);
#10589=ADVANCED_FACE('',(#788),#277,.T.);
#10590=ADVANCED_FACE('',(#789),#278,.T.);
#10591=ADVANCED_FACE('',(#790,#58),#279,.T.);
#10592=ADVANCED_FACE('',(#791),#280,.T.);
#10593=ADVANCED_FACE('',(#792),#10369,.T.);
#10594=ADVANCED_FACE('',(#793),#10370,.T.);
#10595=ADVANCED_FACE('',(#794),#281,.T.);
#10596=ADVANCED_FACE('',(#795),#282,.T.);
#10597=ADVANCED_FACE('',(#796),#283,.T.);
#10598=ADVANCED_FACE('',(#797),#284,.T.);
#10599=ADVANCED_FACE('',(#798,#59),#285,.T.);
#10600=ADVANCED_FACE('',(#799),#286,.T.);
#10601=ADVANCED_FACE('',(#800),#287,.F.);
#10602=ADVANCED_FACE('',(#801),#288,.T.);
#10603=ADVANCED_FACE('',(#802),#289,.T.);
#10604=ADVANCED_FACE('',(#803),#290,.T.);
#10605=ADVANCED_FACE('',(#804),#291,.F.);
#10606=ADVANCED_FACE('',(#805),#292,.T.);
#10607=ADVANCED_FACE('',(#806),#10371,.F.);
#10608=ADVANCED_FACE('',(#807),#293,.T.);
#10609=ADVANCED_FACE('',(#808),#294,.T.);
#10610=ADVANCED_FACE('',(#809,#60),#295,.T.);
#10611=ADVANCED_FACE('',(#810),#10372,.F.);
#10612=ADVANCED_FACE('',(#811),#296,.T.);
#10613=ADVANCED_FACE('',(#812),#297,.T.);
#10614=ADVANCED_FACE('',(#813),#298,.T.);
#10615=ADVANCED_FACE('',(#814,#61),#299,.T.);
#10616=ADVANCED_FACE('',(#815),#300,.F.);
#10617=ADVANCED_FACE('',(#816),#301,.T.);
#10618=ADVANCED_FACE('',(#817),#302,.T.);
#10619=ADVANCED_FACE('',(#818),#303,.T.);
#10620=ADVANCED_FACE('',(#819),#304,.T.);
#10621=ADVANCED_FACE('',(#820),#305,.T.);
#10622=ADVANCED_FACE('',(#821),#306,.T.);
#10623=ADVANCED_FACE('',(#822),#307,.T.);
#10624=ADVANCED_FACE('',(#823),#308,.T.);
#10625=ADVANCED_FACE('',(#824),#309,.T.);
#10626=ADVANCED_FACE('',(#825),#310,.T.);
#10627=ADVANCED_FACE('',(#826),#311,.T.);
#10628=ADVANCED_FACE('',(#827),#312,.T.);
#10629=ADVANCED_FACE('',(#828),#313,.T.);
#10630=ADVANCED_FACE('',(#829),#314,.T.);
#10631=ADVANCED_FACE('',(#830),#315,.F.);
#10632=ADVANCED_FACE('',(#831),#316,.T.);
#10633=ADVANCED_FACE('',(#832),#317,.T.);
#10634=ADVANCED_FACE('',(#833),#318,.T.);
#10635=ADVANCED_FACE('',(#834),#319,.T.);
#10636=ADVANCED_FACE('',(#835,#62),#320,.T.);
#10637=ADVANCED_FACE('',(#836,#63),#321,.T.);
#10638=ADVANCED_FACE('',(#837),#322,.T.);
#10639=ADVANCED_FACE('',(#838),#323,.T.);
#10640=ADVANCED_FACE('',(#839,#64),#324,.T.);
#10641=ADVANCED_FACE('',(#840),#325,.T.);
#10642=ADVANCED_FACE('',(#841),#10373,.T.);
#10643=ADVANCED_FACE('',(#842),#10374,.T.);
#10644=ADVANCED_FACE('',(#843),#326,.T.);
#10645=ADVANCED_FACE('',(#844),#327,.T.);
#10646=ADVANCED_FACE('',(#845),#328,.T.);
#10647=ADVANCED_FACE('',(#846),#329,.T.);
#10648=ADVANCED_FACE('',(#847,#65),#330,.T.);
#10649=ADVANCED_FACE('',(#848),#331,.T.);
#10650=ADVANCED_FACE('',(#849),#332,.F.);
#10651=ADVANCED_FACE('',(#850),#333,.T.);
#10652=ADVANCED_FACE('',(#851),#334,.T.);
#10653=ADVANCED_FACE('',(#852),#335,.T.);
#10654=ADVANCED_FACE('',(#853),#336,.F.);
#10655=ADVANCED_FACE('',(#854),#337,.T.);
#10656=ADVANCED_FACE('',(#855),#10375,.F.);
#10657=ADVANCED_FACE('',(#856),#338,.T.);
#10658=ADVANCED_FACE('',(#857),#339,.T.);
#10659=ADVANCED_FACE('',(#858,#66),#340,.T.);
#10660=ADVANCED_FACE('',(#859),#10376,.F.);
#10661=ADVANCED_FACE('',(#860),#341,.T.);
#10662=ADVANCED_FACE('',(#861),#342,.T.);
#10663=ADVANCED_FACE('',(#862),#343,.T.);
#10664=ADVANCED_FACE('',(#863,#67),#344,.T.);
#10665=ADVANCED_FACE('',(#864),#345,.F.);
#10666=ADVANCED_FACE('',(#865),#346,.T.);
#10667=ADVANCED_FACE('',(#866),#347,.T.);
#10668=ADVANCED_FACE('',(#867),#348,.T.);
#10669=ADVANCED_FACE('',(#868),#349,.T.);
#10670=ADVANCED_FACE('',(#869),#350,.T.);
#10671=ADVANCED_FACE('',(#870),#351,.T.);
#10672=ADVANCED_FACE('',(#871),#352,.T.);
#10673=ADVANCED_FACE('',(#872),#353,.T.);
#10674=ADVANCED_FACE('',(#873),#354,.T.);
#10675=ADVANCED_FACE('',(#874),#355,.T.);
#10676=ADVANCED_FACE('',(#875),#356,.T.);
#10677=ADVANCED_FACE('',(#876),#357,.T.);
#10678=ADVANCED_FACE('',(#877),#358,.T.);
#10679=ADVANCED_FACE('',(#878),#359,.T.);
#10680=ADVANCED_FACE('',(#879),#360,.F.);
#10681=ADVANCED_FACE('',(#880),#361,.T.);
#10682=ADVANCED_FACE('',(#881),#362,.T.);
#10683=ADVANCED_FACE('',(#882),#363,.T.);
#10684=ADVANCED_FACE('',(#883),#364,.T.);
#10685=ADVANCED_FACE('',(#884,#68),#365,.T.);
#10686=ADVANCED_FACE('',(#885,#69),#366,.T.);
#10687=ADVANCED_FACE('',(#886),#367,.T.);
#10688=ADVANCED_FACE('',(#887),#368,.T.);
#10689=ADVANCED_FACE('',(#888,#70),#369,.T.);
#10690=ADVANCED_FACE('',(#889),#370,.T.);
#10691=ADVANCED_FACE('',(#890),#10377,.T.);
#10692=ADVANCED_FACE('',(#891),#10378,.T.);
#10693=ADVANCED_FACE('',(#892),#371,.T.);
#10694=ADVANCED_FACE('',(#893),#372,.T.);
#10695=ADVANCED_FACE('',(#894),#373,.T.);
#10696=ADVANCED_FACE('',(#895),#374,.T.);
#10697=ADVANCED_FACE('',(#896,#71),#375,.T.);
#10698=ADVANCED_FACE('',(#897),#376,.T.);
#10699=ADVANCED_FACE('',(#898),#377,.F.);
#10700=ADVANCED_FACE('',(#899),#378,.T.);
#10701=ADVANCED_FACE('',(#900),#379,.T.);
#10702=ADVANCED_FACE('',(#901),#380,.T.);
#10703=ADVANCED_FACE('',(#902),#381,.F.);
#10704=ADVANCED_FACE('',(#903),#382,.T.);
#10705=ADVANCED_FACE('',(#904),#10379,.F.);
#10706=ADVANCED_FACE('',(#905),#383,.T.);
#10707=ADVANCED_FACE('',(#906),#384,.T.);
#10708=ADVANCED_FACE('',(#907,#72),#385,.T.);
#10709=ADVANCED_FACE('',(#908),#10380,.F.);
#10710=ADVANCED_FACE('',(#909),#386,.T.);
#10711=ADVANCED_FACE('',(#910),#387,.T.);
#10712=ADVANCED_FACE('',(#911),#388,.T.);
#10713=ADVANCED_FACE('',(#912,#73),#389,.T.);
#10714=ADVANCED_FACE('',(#913),#390,.F.);
#10715=ADVANCED_FACE('',(#914),#391,.T.);
#10716=ADVANCED_FACE('',(#915),#392,.T.);
#10717=ADVANCED_FACE('',(#916),#393,.T.);
#10718=ADVANCED_FACE('',(#917),#394,.T.);
#10719=ADVANCED_FACE('',(#918),#395,.T.);
#10720=ADVANCED_FACE('',(#919),#396,.T.);
#10721=ADVANCED_FACE('',(#920),#397,.T.);
#10722=ADVANCED_FACE('',(#921),#398,.T.);
#10723=ADVANCED_FACE('',(#922),#399,.T.);
#10724=ADVANCED_FACE('',(#923),#400,.T.);
#10725=ADVANCED_FACE('',(#924),#401,.T.);
#10726=ADVANCED_FACE('',(#925),#402,.T.);
#10727=ADVANCED_FACE('',(#926),#403,.T.);
#10728=ADVANCED_FACE('',(#927),#404,.T.);
#10729=ADVANCED_FACE('',(#928),#405,.F.);
#10730=ADVANCED_FACE('',(#929),#406,.T.);
#10731=ADVANCED_FACE('',(#930),#407,.T.);
#10732=ADVANCED_FACE('',(#931),#408,.T.);
#10733=ADVANCED_FACE('',(#932),#409,.T.);
#10734=ADVANCED_FACE('',(#933,#74),#410,.T.);
#10735=ADVANCED_FACE('',(#934,#75),#411,.T.);
#10736=ADVANCED_FACE('',(#935),#412,.T.);
#10737=ADVANCED_FACE('',(#936),#413,.T.);
#10738=ADVANCED_FACE('',(#937,#76),#414,.T.);
#10739=ADVANCED_FACE('',(#938),#415,.T.);
#10740=ADVANCED_FACE('',(#939),#10381,.T.);
#10741=ADVANCED_FACE('',(#940),#10382,.T.);
#10742=ADVANCED_FACE('',(#941),#416,.T.);
#10743=ADVANCED_FACE('',(#942),#417,.T.);
#10744=ADVANCED_FACE('',(#943),#418,.T.);
#10745=ADVANCED_FACE('',(#944),#419,.T.);
#10746=ADVANCED_FACE('',(#945,#77),#420,.T.);
#10747=ADVANCED_FACE('',(#946),#421,.T.);
#10748=ADVANCED_FACE('',(#947),#422,.F.);
#10749=ADVANCED_FACE('',(#948),#423,.T.);
#10750=ADVANCED_FACE('',(#949),#424,.T.);
#10751=ADVANCED_FACE('',(#950),#425,.T.);
#10752=ADVANCED_FACE('',(#951),#426,.F.);
#10753=ADVANCED_FACE('',(#952),#427,.T.);
#10754=ADVANCED_FACE('',(#953),#10383,.F.);
#10755=ADVANCED_FACE('',(#954),#428,.T.);
#10756=ADVANCED_FACE('',(#955),#429,.T.);
#10757=ADVANCED_FACE('',(#956,#78),#430,.T.);
#10758=ADVANCED_FACE('',(#957),#10384,.F.);
#10759=ADVANCED_FACE('',(#958),#431,.T.);
#10760=ADVANCED_FACE('',(#959),#432,.T.);
#10761=ADVANCED_FACE('',(#960),#433,.T.);
#10762=ADVANCED_FACE('',(#961,#79),#434,.T.);
#10763=ADVANCED_FACE('',(#962),#435,.F.);
#10764=ADVANCED_FACE('',(#963),#436,.T.);
#10765=ADVANCED_FACE('',(#964),#437,.T.);
#10766=ADVANCED_FACE('',(#965),#438,.T.);
#10767=ADVANCED_FACE('',(#966),#439,.T.);
#10768=ADVANCED_FACE('',(#967),#440,.T.);
#10769=ADVANCED_FACE('',(#968),#441,.T.);
#10770=ADVANCED_FACE('',(#969),#442,.T.);
#10771=ADVANCED_FACE('',(#970),#443,.T.);
#10772=ADVANCED_FACE('',(#971),#444,.T.);
#10773=ADVANCED_FACE('',(#972),#445,.T.);
#10774=ADVANCED_FACE('',(#973),#446,.T.);
#10775=ADVANCED_FACE('',(#974),#447,.T.);
#10776=ADVANCED_FACE('',(#975),#448,.T.);
#10777=ADVANCED_FACE('',(#976),#449,.T.);
#10778=ADVANCED_FACE('',(#977),#450,.F.);
#10779=ADVANCED_FACE('',(#978),#451,.T.);
#10780=ADVANCED_FACE('',(#979),#452,.T.);
#10781=ADVANCED_FACE('',(#980),#453,.T.);
#10782=ADVANCED_FACE('',(#981),#454,.T.);
#10783=ADVANCED_FACE('',(#982,#80),#455,.T.);
#10784=ADVANCED_FACE('',(#983,#81),#456,.T.);
#10785=ADVANCED_FACE('',(#984),#457,.T.);
#10786=ADVANCED_FACE('',(#985),#458,.T.);
#10787=ADVANCED_FACE('',(#986,#82),#459,.T.);
#10788=ADVANCED_FACE('',(#987),#460,.T.);
#10789=ADVANCED_FACE('',(#988),#10385,.T.);
#10790=ADVANCED_FACE('',(#989),#10386,.T.);
#10791=ADVANCED_FACE('',(#990),#461,.T.);
#10792=ADVANCED_FACE('',(#991),#462,.T.);
#10793=ADVANCED_FACE('',(#992),#463,.T.);
#10794=ADVANCED_FACE('',(#993),#464,.T.);
#10795=ADVANCED_FACE('',(#994,#83),#465,.T.);
#10796=ADVANCED_FACE('',(#995),#466,.T.);
#10797=ADVANCED_FACE('',(#996),#467,.F.);
#10798=ADVANCED_FACE('',(#997),#468,.T.);
#10799=ADVANCED_FACE('',(#998),#469,.T.);
#10800=ADVANCED_FACE('',(#999),#470,.T.);
#10801=ADVANCED_FACE('',(#1000),#471,.F.);
#10802=ADVANCED_FACE('',(#1001),#472,.T.);
#10803=ADVANCED_FACE('',(#1002),#10387,.F.);
#10804=ADVANCED_FACE('',(#1003),#473,.T.);
#10805=ADVANCED_FACE('',(#1004),#474,.T.);
#10806=ADVANCED_FACE('',(#1005,#84),#475,.T.);
#10807=ADVANCED_FACE('',(#1006),#10388,.F.);
#10808=ADVANCED_FACE('',(#1007),#476,.T.);
#10809=ADVANCED_FACE('',(#1008),#477,.T.);
#10810=ADVANCED_FACE('',(#1009),#478,.T.);
#10811=ADVANCED_FACE('',(#1010,#85),#479,.T.);
#10812=ADVANCED_FACE('',(#1011),#480,.F.);
#10813=ADVANCED_FACE('',(#1012),#481,.T.);
#10814=ADVANCED_FACE('',(#1013),#482,.T.);
#10815=ADVANCED_FACE('',(#1014),#483,.T.);
#10816=ADVANCED_FACE('',(#1015),#484,.T.);
#10817=ADVANCED_FACE('',(#1016),#485,.T.);
#10818=ADVANCED_FACE('',(#1017),#486,.T.);
#10819=ADVANCED_FACE('',(#1018),#487,.T.);
#10820=ADVANCED_FACE('',(#1019),#488,.T.);
#10821=ADVANCED_FACE('',(#1020),#489,.T.);
#10822=ADVANCED_FACE('',(#1021),#490,.T.);
#10823=ADVANCED_FACE('',(#1022),#491,.T.);
#10824=ADVANCED_FACE('',(#1023),#492,.T.);
#10825=ADVANCED_FACE('',(#1024),#493,.T.);
#10826=ADVANCED_FACE('',(#1025),#494,.T.);
#10827=ADVANCED_FACE('',(#1026),#495,.F.);
#10828=ADVANCED_FACE('',(#1027),#496,.T.);
#10829=ADVANCED_FACE('',(#1028),#497,.T.);
#10830=ADVANCED_FACE('',(#1029),#498,.T.);
#10831=ADVANCED_FACE('',(#1030),#499,.T.);
#10832=ADVANCED_FACE('',(#1031,#86),#500,.T.);
#10833=ADVANCED_FACE('',(#1032,#87),#501,.T.);
#10834=ADVANCED_FACE('',(#1033),#502,.T.);
#10835=ADVANCED_FACE('',(#1034),#503,.T.);
#10836=ADVANCED_FACE('',(#1035,#88),#504,.T.);
#10837=ADVANCED_FACE('',(#1036),#505,.T.);
#10838=ADVANCED_FACE('',(#1037),#10389,.T.);
#10839=ADVANCED_FACE('',(#1038),#10390,.T.);
#10840=ADVANCED_FACE('',(#1039),#506,.T.);
#10841=ADVANCED_FACE('',(#1040),#507,.T.);
#10842=ADVANCED_FACE('',(#1041),#508,.T.);
#10843=ADVANCED_FACE('',(#1042),#509,.T.);
#10844=ADVANCED_FACE('',(#1043,#89),#510,.T.);
#10845=ADVANCED_FACE('',(#1044),#511,.T.);
#10846=ADVANCED_FACE('',(#1045),#512,.F.);
#10847=ADVANCED_FACE('',(#1046),#513,.T.);
#10848=ADVANCED_FACE('',(#1047),#514,.T.);
#10849=ADVANCED_FACE('',(#1048),#515,.T.);
#10850=ADVANCED_FACE('',(#1049),#516,.F.);
#10851=ADVANCED_FACE('',(#1050),#517,.T.);
#10852=ADVANCED_FACE('',(#1051),#10391,.F.);
#10853=ADVANCED_FACE('',(#1052),#518,.T.);
#10854=ADVANCED_FACE('',(#1053),#519,.T.);
#10855=ADVANCED_FACE('',(#1054,#90),#520,.T.);
#10856=ADVANCED_FACE('',(#1055),#10392,.F.);
#10857=ADVANCED_FACE('',(#1056),#521,.T.);
#10858=ADVANCED_FACE('',(#1057),#522,.T.);
#10859=ADVANCED_FACE('',(#1058),#523,.T.);
#10860=ADVANCED_FACE('',(#1059,#91),#524,.T.);
#10861=ADVANCED_FACE('',(#1060),#525,.F.);
#10862=ADVANCED_FACE('',(#1061),#526,.T.);
#10863=ADVANCED_FACE('',(#1062),#527,.T.);
#10864=ADVANCED_FACE('',(#1063),#528,.T.);
#10865=ADVANCED_FACE('',(#1064),#529,.T.);
#10866=ADVANCED_FACE('',(#1065),#530,.T.);
#10867=ADVANCED_FACE('',(#1066),#531,.T.);
#10868=ADVANCED_FACE('',(#1067),#532,.T.);
#10869=ADVANCED_FACE('',(#1068),#533,.T.);
#10870=ADVANCED_FACE('',(#1069),#534,.T.);
#10871=ADVANCED_FACE('',(#1070),#535,.T.);
#10872=ADVANCED_FACE('',(#1071),#536,.T.);
#10873=ADVANCED_FACE('',(#1072),#537,.T.);
#10874=ADVANCED_FACE('',(#1073),#538,.T.);
#10875=ADVANCED_FACE('',(#1074),#539,.T.);
#10876=ADVANCED_FACE('',(#1075),#540,.F.);
#10877=ADVANCED_FACE('',(#1076),#541,.T.);
#10878=ADVANCED_FACE('',(#1077),#542,.T.);
#10879=ADVANCED_FACE('',(#1078),#543,.T.);
#10880=ADVANCED_FACE('',(#1079),#544,.T.);
#10881=ADVANCED_FACE('',(#1080,#92),#545,.T.);
#10882=ADVANCED_FACE('',(#1081,#93),#546,.T.);
#10883=ADVANCED_FACE('',(#1082),#547,.T.);
#10884=ADVANCED_FACE('',(#1083),#548,.T.);
#10885=ADVANCED_FACE('',(#1084,#94),#549,.T.);
#10886=ADVANCED_FACE('',(#1085),#550,.T.);
#10887=ADVANCED_FACE('',(#1086),#10393,.T.);
#10888=ADVANCED_FACE('',(#1087),#10394,.T.);
#10889=ADVANCED_FACE('',(#1088),#551,.T.);
#10890=ADVANCED_FACE('',(#1089),#552,.T.);
#10891=ADVANCED_FACE('',(#1090),#553,.T.);
#10892=ADVANCED_FACE('',(#1091),#554,.T.);
#10893=ADVANCED_FACE('',(#1092,#95),#555,.T.);
#10894=ADVANCED_FACE('',(#1093),#556,.T.);
#10895=ADVANCED_FACE('',(#1094),#557,.F.);
#10896=ADVANCED_FACE('',(#1095),#558,.T.);
#10897=ADVANCED_FACE('',(#1096),#559,.T.);
#10898=ADVANCED_FACE('',(#1097),#560,.T.);
#10899=ADVANCED_FACE('',(#1098),#561,.F.);
#10900=ADVANCED_FACE('',(#1099),#562,.T.);
#10901=ADVANCED_FACE('',(#1100),#10395,.F.);
#10902=ADVANCED_FACE('',(#1101),#563,.T.);
#10903=ADVANCED_FACE('',(#1102),#564,.T.);
#10904=ADVANCED_FACE('',(#1103,#96),#565,.T.);
#10905=ADVANCED_FACE('',(#1104),#10396,.F.);
#10906=ADVANCED_FACE('',(#1105),#566,.T.);
#10907=ADVANCED_FACE('',(#1106),#567,.T.);
#10908=ADVANCED_FACE('',(#1107),#568,.T.);
#10909=ADVANCED_FACE('',(#1108,#97),#569,.T.);
#10910=ADVANCED_FACE('',(#1109),#570,.F.);
#10911=ADVANCED_FACE('',(#1110),#571,.T.);
#10912=ADVANCED_FACE('',(#1111),#572,.T.);
#10913=ADVANCED_FACE('',(#1112),#573,.T.);
#10914=ADVANCED_FACE('',(#1113),#574,.T.);
#10915=ADVANCED_FACE('',(#1114),#575,.T.);
#10916=ADVANCED_FACE('',(#1115),#576,.T.);
#10917=ADVANCED_FACE('',(#1116),#577,.T.);
#10918=ADVANCED_FACE('',(#1117),#578,.T.);
#10919=ADVANCED_FACE('',(#1118),#579,.T.);
#10920=ADVANCED_FACE('',(#1119),#580,.T.);
#10921=ADVANCED_FACE('',(#1120),#581,.T.);
#10922=ADVANCED_FACE('',(#1121),#582,.T.);
#10923=ADVANCED_FACE('',(#1122),#583,.T.);
#10924=ADVANCED_FACE('',(#1123),#584,.T.);
#10925=ADVANCED_FACE('',(#1124),#585,.F.);
#10926=ADVANCED_FACE('',(#1125),#586,.T.);
#10927=ADVANCED_FACE('',(#1126),#587,.T.);
#10928=ADVANCED_FACE('',(#1127),#588,.T.);
#10929=ADVANCED_FACE('',(#1128),#589,.T.);
#10930=ADVANCED_FACE('',(#1129,#98),#590,.T.);
#10931=ADVANCED_FACE('',(#1130,#99),#591,.T.);
#10932=ADVANCED_FACE('',(#1131),#592,.T.);
#10933=ADVANCED_FACE('',(#1132),#593,.T.);
#10934=ADVANCED_FACE('',(#1133,#100),#594,.T.);
#10935=ADVANCED_FACE('',(#1134),#595,.T.);
#10936=CLOSED_SHELL('',(#10397,#10398,#10399,#10400,#10401,#10402,#10403,
#10404,#10405,#10406,#10407,#10408,#10409,#10410,#10411,#10412,#10413,#10414,
#10415,#10416,#10417,#10418,#10419,#10420,#10421,#10422,#10423,#10424,#10425,
#10426,#10427,#10428,#10429,#10430,#10431,#10432,#10433,#10434,#10435,#10436,
#10437,#10438,#10439,#10440,#10441,#10442,#10443,#10444,#10445));
#10937=CLOSED_SHELL('',(#10446,#10447,#10448,#10449,#10450,#10451,#10452,
#10453,#10454,#10455,#10456,#10457,#10458,#10459,#10460,#10461,#10462,#10463,
#10464,#10465,#10466,#10467,#10468,#10469,#10470,#10471,#10472,#10473,#10474,
#10475,#10476,#10477,#10478,#10479,#10480,#10481,#10482,#10483,#10484,#10485,
#10486,#10487,#10488,#10489,#10490,#10491,#10492,#10493,#10494));
#10938=CLOSED_SHELL('',(#10495,#10496,#10497,#10498,#10499,#10500,#10501,
#10502,#10503,#10504,#10505,#10506,#10507,#10508,#10509,#10510,#10511,#10512,
#10513,#10514,#10515,#10516,#10517,#10518,#10519,#10520,#10521,#10522,#10523,
#10524,#10525,#10526,#10527,#10528,#10529,#10530,#10531,#10532,#10533,#10534,
#10535,#10536,#10537,#10538,#10539,#10540,#10541,#10542,#10543));
#10939=CLOSED_SHELL('',(#10544,#10545,#10546,#10547,#10548,#10549,#10550,
#10551,#10552,#10553,#10554,#10555,#10556,#10557,#10558,#10559,#10560,#10561,
#10562,#10563,#10564,#10565,#10566,#10567,#10568,#10569,#10570,#10571,#10572,
#10573,#10574,#10575,#10576,#10577,#10578,#10579,#10580,#10581,#10582,#10583,
#10584,#10585,#10586,#10587,#10588,#10589,#10590,#10591,#10592));
#10940=CLOSED_SHELL('',(#10593,#10594,#10595,#10596,#10597,#10598,#10599,
#10600,#10601,#10602,#10603,#10604,#10605,#10606,#10607,#10608,#10609,#10610,
#10611,#10612,#10613,#10614,#10615,#10616,#10617,#10618,#10619,#10620,#10621,
#10622,#10623,#10624,#10625,#10626,#10627,#10628,#10629,#10630,#10631,#10632,
#10633,#10634,#10635,#10636,#10637,#10638,#10639,#10640,#10641));
#10941=CLOSED_SHELL('',(#10642,#10643,#10644,#10645,#10646,#10647,#10648,
#10649,#10650,#10651,#10652,#10653,#10654,#10655,#10656,#10657,#10658,#10659,
#10660,#10661,#10662,#10663,#10664,#10665,#10666,#10667,#10668,#10669,#10670,
#10671,#10672,#10673,#10674,#10675,#10676,#10677,#10678,#10679,#10680,#10681,
#10682,#10683,#10684,#10685,#10686,#10687,#10688,#10689,#10690));
#10942=CLOSED_SHELL('',(#10691,#10692,#10693,#10694,#10695,#10696,#10697,
#10698,#10699,#10700,#10701,#10702,#10703,#10704,#10705,#10706,#10707,#10708,
#10709,#10710,#10711,#10712,#10713,#10714,#10715,#10716,#10717,#10718,#10719,
#10720,#10721,#10722,#10723,#10724,#10725,#10726,#10727,#10728,#10729,#10730,
#10731,#10732,#10733,#10734,#10735,#10736,#10737,#10738,#10739));
#10943=CLOSED_SHELL('',(#10740,#10741,#10742,#10743,#10744,#10745,#10746,
#10747,#10748,#10749,#10750,#10751,#10752,#10753,#10754,#10755,#10756,#10757,
#10758,#10759,#10760,#10761,#10762,#10763,#10764,#10765,#10766,#10767,#10768,
#10769,#10770,#10771,#10772,#10773,#10774,#10775,#10776,#10777,#10778,#10779,
#10780,#10781,#10782,#10783,#10784,#10785,#10786,#10787,#10788));
#10944=CLOSED_SHELL('',(#10789,#10790,#10791,#10792,#10793,#10794,#10795,
#10796,#10797,#10798,#10799,#10800,#10801,#10802,#10803,#10804,#10805,#10806,
#10807,#10808,#10809,#10810,#10811,#10812,#10813,#10814,#10815,#10816,#10817,
#10818,#10819,#10820,#10821,#10822,#10823,#10824,#10825,#10826,#10827,#10828,
#10829,#10830,#10831,#10832,#10833,#10834,#10835,#10836,#10837));
#10945=CLOSED_SHELL('',(#10838,#10839,#10840,#10841,#10842,#10843,#10844,
#10845,#10846,#10847,#10848,#10849,#10850,#10851,#10852,#10853,#10854,#10855,
#10856,#10857,#10858,#10859,#10860,#10861,#10862,#10863,#10864,#10865,#10866,
#10867,#10868,#10869,#10870,#10871,#10872,#10873,#10874,#10875,#10876,#10877,
#10878,#10879,#10880,#10881,#10882,#10883,#10884,#10885,#10886));
#10946=CLOSED_SHELL('',(#10887,#10888,#10889,#10890,#10891,#10892,#10893,
#10894,#10895,#10896,#10897,#10898,#10899,#10900,#10901,#10902,#10903,#10904,
#10905,#10906,#10907,#10908,#10909,#10910,#10911,#10912,#10913,#10914,#10915,
#10916,#10917,#10918,#10919,#10920,#10921,#10922,#10923,#10924,#10925,#10926,
#10927,#10928,#10929,#10930,#10931,#10932,#10933,#10934,#10935));
#10947=DERIVED_UNIT_ELEMENT(#10949,1.);
#10948=DERIVED_UNIT_ELEMENT(#17348,-3.);
#10949=(
MASS_UNIT()
NAMED_UNIT(*)
SI_UNIT(.KILO.,.GRAM.)
);
#10950=DERIVED_UNIT((#10947,#10948));
#10951=MEASURE_REPRESENTATION_ITEM('density measure',
POSITIVE_RATIO_MEASURE(7850.),#10950);
#10952=PROPERTY_DEFINITION_REPRESENTATION(#10957,#10954);
#10953=PROPERTY_DEFINITION_REPRESENTATION(#10958,#10955);
#10954=REPRESENTATION('material name',(#10956),#17345);
#10955=REPRESENTATION('density',(#10951),#17345);
#10956=DESCRIPTIVE_REPRESENTATION_ITEM('\X2\92FC\X0\','\X2\92FC\X0\');
#10957=PROPERTY_DEFINITION('material property','material name',#17355);
#10958=PROPERTY_DEFINITION('material property','density of part',#17355);
#10959=AXIS2_PLACEMENT_3D('',#14240,#11565,#11566);
#10960=AXIS2_PLACEMENT_3D('',#14241,#11567,#11568);
#10961=AXIS2_PLACEMENT_3D('',#14245,#11570,#11571);
#10962=AXIS2_PLACEMENT_3D('',#14246,#11572,#11573);
#10963=AXIS2_PLACEMENT_3D('',#14248,#11574,#11575);
#10964=AXIS2_PLACEMENT_3D('',#14251,#11577,#11578);
#10965=AXIS2_PLACEMENT_3D('',#14260,#11583,#11584);
#10966=AXIS2_PLACEMENT_3D('',#14269,#11589,#11590);
#10967=AXIS2_PLACEMENT_3D('',#14280,#11596,#11597);
#10968=AXIS2_PLACEMENT_3D('',#14283,#11600,#11601);
#10969=AXIS2_PLACEMENT_3D('',#14289,#11605,#11606);
#10970=AXIS2_PLACEMENT_3D('',#14295,#11610,#11611);
#10971=AXIS2_PLACEMENT_3D('',#14297,#11613,#11614);
#10972=AXIS2_PLACEMENT_3D('',#14306,#11619,#11620);
#10973=AXIS2_PLACEMENT_3D('',#14317,#11626,#11627);
#10974=AXIS2_PLACEMENT_3D('',#14323,#11631,#11632);
#10975=AXIS2_PLACEMENT_3D('',#14327,#11635,#11636);
#10976=AXIS2_PLACEMENT_3D('',#14333,#11640,#11641);
#10977=AXIS2_PLACEMENT_3D('',#14335,#11642,#11643);
#10978=AXIS2_PLACEMENT_3D('',#14338,#11645,#11646);
#10979=AXIS2_PLACEMENT_3D('',#14339,#11647,#11648);
#10980=AXIS2_PLACEMENT_3D('',#14348,#11653,#11654);
#10981=AXIS2_PLACEMENT_3D('',#14354,#11658,#11659);
#10982=AXIS2_PLACEMENT_3D('',#14362,#11664,#11665);
#10983=AXIS2_PLACEMENT_3D('',#14364,#11666,#11667);
#10984=AXIS2_PLACEMENT_3D('',#14367,#11669,#11670);
#10985=AXIS2_PLACEMENT_3D('',#14368,#11671,#11672);
#10986=AXIS2_PLACEMENT_3D('',#14377,#11677,#11678);
#10987=AXIS2_PLACEMENT_3D('',#14383,#11682,#11683);
#10988=AXIS2_PLACEMENT_3D('',#14389,#11687,#11688);
#10989=AXIS2_PLACEMENT_3D('',#14395,#11692,#11693);
#10990=AXIS2_PLACEMENT_3D('',#14408,#11700,#11701);
#10991=AXIS2_PLACEMENT_3D('',#14414,#11705,#11706);
#10992=AXIS2_PLACEMENT_3D('',#14421,#11711,#11712);
#10993=AXIS2_PLACEMENT_3D('',#14425,#11715,#11716);
#10994=AXIS2_PLACEMENT_3D('',#14427,#11718,#11719);
#10995=AXIS2_PLACEMENT_3D('',#14431,#11723,#11724);
#10996=AXIS2_PLACEMENT_3D('',#14444,#11731,#11732);
#10997=AXIS2_PLACEMENT_3D('',#14450,#11736,#11737);
#10998=AXIS2_PLACEMENT_3D('',#14454,#11740,#11741);
#10999=AXIS2_PLACEMENT_3D('',#14458,#11744,#11745);
#11000=AXIS2_PLACEMENT_3D('',#14462,#11748,#11749);
#11001=AXIS2_PLACEMENT_3D('',#14475,#11757,#11758);
#11002=AXIS2_PLACEMENT_3D('',#14478,#11761,#11762);
#11003=AXIS2_PLACEMENT_3D('',#14480,#11764,#11765);
#11004=AXIS2_PLACEMENT_3D('',#14487,#11770,#11771);
#11005=AXIS2_PLACEMENT_3D('',#14501,#11780,#11781);
#11006=AXIS2_PLACEMENT_3D('',#14503,#11783,#11784);
#11007=AXIS2_PLACEMENT_3D('',#14510,#11789,#11790);
#11008=AXIS2_PLACEMENT_3D('',#14512,#11792,#11793);
#11009=AXIS2_PLACEMENT_3D('',#14514,#11795,#11796);
#11010=AXIS2_PLACEMENT_3D('',#14516,#11798,#11799);
#11011=AXIS2_PLACEMENT_3D('',#14518,#11801,#11802);
#11012=AXIS2_PLACEMENT_3D('',#14519,#11803,#11804);
#11013=AXIS2_PLACEMENT_3D('',#14520,#11805,#11806);
#11014=AXIS2_PLACEMENT_3D('',#14522,#11808,#11809);
#11015=AXIS2_PLACEMENT_3D('',#14523,#11810,#11811);
#11016=AXIS2_PLACEMENT_3D('',#14527,#11813,#11814);
#11017=AXIS2_PLACEMENT_3D('',#14528,#11815,#11816);
#11018=AXIS2_PLACEMENT_3D('',#14530,#11817,#11818);
#11019=AXIS2_PLACEMENT_3D('',#14533,#11820,#11821);
#11020=AXIS2_PLACEMENT_3D('',#14542,#11826,#11827);
#11021=AXIS2_PLACEMENT_3D('',#14551,#11832,#11833);
#11022=AXIS2_PLACEMENT_3D('',#14562,#11839,#11840);
#11023=AXIS2_PLACEMENT_3D('',#14565,#11843,#11844);
#11024=AXIS2_PLACEMENT_3D('',#14571,#11848,#11849);
#11025=AXIS2_PLACEMENT_3D('',#14577,#11853,#11854);
#11026=AXIS2_PLACEMENT_3D('',#14579,#11856,#11857);
#11027=AXIS2_PLACEMENT_3D('',#14588,#11862,#11863);
#11028=AXIS2_PLACEMENT_3D('',#14599,#11869,#11870);
#11029=AXIS2_PLACEMENT_3D('',#14605,#11874,#11875);
#11030=AXIS2_PLACEMENT_3D('',#14609,#11878,#11879);
#11031=AXIS2_PLACEMENT_3D('',#14615,#11883,#11884);
#11032=AXIS2_PLACEMENT_3D('',#14617,#11885,#11886);
#11033=AXIS2_PLACEMENT_3D('',#14620,#11888,#11889);
#11034=AXIS2_PLACEMENT_3D('',#14621,#11890,#11891);
#11035=AXIS2_PLACEMENT_3D('',#14630,#11896,#11897);
#11036=AXIS2_PLACEMENT_3D('',#14636,#11901,#11902);
#11037=AXIS2_PLACEMENT_3D('',#14644,#11907,#11908);
#11038=AXIS2_PLACEMENT_3D('',#14646,#11909,#11910);
#11039=AXIS2_PLACEMENT_3D('',#14649,#11912,#11913);
#11040=AXIS2_PLACEMENT_3D('',#14650,#11914,#11915);
#11041=AXIS2_PLACEMENT_3D('',#14659,#11920,#11921);
#11042=AXIS2_PLACEMENT_3D('',#14665,#11925,#11926);
#11043=AXIS2_PLACEMENT_3D('',#14671,#11930,#11931);
#11044=AXIS2_PLACEMENT_3D('',#14677,#11935,#11936);
#11045=AXIS2_PLACEMENT_3D('',#14690,#11943,#11944);
#11046=AXIS2_PLACEMENT_3D('',#14696,#11948,#11949);
#11047=AXIS2_PLACEMENT_3D('',#14703,#11954,#11955);
#11048=AXIS2_PLACEMENT_3D('',#14707,#11958,#11959);
#11049=AXIS2_PLACEMENT_3D('',#14709,#11961,#11962);
#11050=AXIS2_PLACEMENT_3D('',#14713,#11966,#11967);
#11051=AXIS2_PLACEMENT_3D('',#14726,#11974,#11975);
#11052=AXIS2_PLACEMENT_3D('',#14732,#11979,#11980);
#11053=AXIS2_PLACEMENT_3D('',#14736,#11983,#11984);
#11054=AXIS2_PLACEMENT_3D('',#14740,#11987,#11988);
#11055=AXIS2_PLACEMENT_3D('',#14744,#11991,#11992);
#11056=AXIS2_PLACEMENT_3D('',#14757,#12000,#12001);
#11057=AXIS2_PLACEMENT_3D('',#14760,#12004,#12005);
#11058=AXIS2_PLACEMENT_3D('',#14762,#12007,#12008);
#11059=AXIS2_PLACEMENT_3D('',#14769,#12013,#12014);
#11060=AXIS2_PLACEMENT_3D('',#14783,#12023,#12024);
#11061=AXIS2_PLACEMENT_3D('',#14785,#12026,#12027);
#11062=AXIS2_PLACEMENT_3D('',#14792,#12032,#12033);
#11063=AXIS2_PLACEMENT_3D('',#14794,#12035,#12036);
#11064=AXIS2_PLACEMENT_3D('',#14796,#12038,#12039);
#11065=AXIS2_PLACEMENT_3D('',#14798,#12041,#12042);
#11066=AXIS2_PLACEMENT_3D('',#14800,#12044,#12045);
#11067=AXIS2_PLACEMENT_3D('',#14801,#12046,#12047);
#11068=AXIS2_PLACEMENT_3D('',#14802,#12048,#12049);
#11069=AXIS2_PLACEMENT_3D('',#14804,#12051,#12052);
#11070=AXIS2_PLACEMENT_3D('',#14805,#12053,#12054);
#11071=AXIS2_PLACEMENT_3D('',#14809,#12056,#12057);
#11072=AXIS2_PLACEMENT_3D('',#14810,#12058,#12059);
#11073=AXIS2_PLACEMENT_3D('',#14812,#12060,#12061);
#11074=AXIS2_PLACEMENT_3D('',#14815,#12063,#12064);
#11075=AXIS2_PLACEMENT_3D('',#14824,#12069,#12070);
#11076=AXIS2_PLACEMENT_3D('',#14833,#12075,#12076);
#11077=AXIS2_PLACEMENT_3D('',#14844,#12082,#12083);
#11078=AXIS2_PLACEMENT_3D('',#14847,#12086,#12087);
#11079=AXIS2_PLACEMENT_3D('',#14853,#12091,#12092);
#11080=AXIS2_PLACEMENT_3D('',#14859,#12096,#12097);
#11081=AXIS2_PLACEMENT_3D('',#14861,#12099,#12100);
#11082=AXIS2_PLACEMENT_3D('',#14870,#12105,#12106);
#11083=AXIS2_PLACEMENT_3D('',#14881,#12112,#12113);
#11084=AXIS2_PLACEMENT_3D('',#14887,#12117,#12118);
#11085=AXIS2_PLACEMENT_3D('',#14891,#12121,#12122);
#11086=AXIS2_PLACEMENT_3D('',#14897,#12126,#12127);
#11087=AXIS2_PLACEMENT_3D('',#14899,#12128,#12129);
#11088=AXIS2_PLACEMENT_3D('',#14902,#12131,#12132);
#11089=AXIS2_PLACEMENT_3D('',#14903,#12133,#12134);
#11090=AXIS2_PLACEMENT_3D('',#14912,#12139,#12140);
#11091=AXIS2_PLACEMENT_3D('',#14918,#12144,#12145);
#11092=AXIS2_PLACEMENT_3D('',#14926,#12150,#12151);
#11093=AXIS2_PLACEMENT_3D('',#14928,#12152,#12153);
#11094=AXIS2_PLACEMENT_3D('',#14931,#12155,#12156);
#11095=AXIS2_PLACEMENT_3D('',#14932,#12157,#12158);
#11096=AXIS2_PLACEMENT_3D('',#14941,#12163,#12164);
#11097=AXIS2_PLACEMENT_3D('',#14947,#12168,#12169);
#11098=AXIS2_PLACEMENT_3D('',#14953,#12173,#12174);
#11099=AXIS2_PLACEMENT_3D('',#14959,#12178,#12179);
#11100=AXIS2_PLACEMENT_3D('',#14972,#12186,#12187);
#11101=AXIS2_PLACEMENT_3D('',#14978,#12191,#12192);
#11102=AXIS2_PLACEMENT_3D('',#14985,#12197,#12198);
#11103=AXIS2_PLACEMENT_3D('',#14989,#12201,#12202);
#11104=AXIS2_PLACEMENT_3D('',#14991,#12204,#12205);
#11105=AXIS2_PLACEMENT_3D('',#14995,#12209,#12210);
#11106=AXIS2_PLACEMENT_3D('',#15008,#12217,#12218);
#11107=AXIS2_PLACEMENT_3D('',#15014,#12222,#12223);
#11108=AXIS2_PLACEMENT_3D('',#15018,#12226,#12227);
#11109=AXIS2_PLACEMENT_3D('',#15022,#12230,#12231);
#11110=AXIS2_PLACEMENT_3D('',#15026,#12234,#12235);
#11111=AXIS2_PLACEMENT_3D('',#15039,#12243,#12244);
#11112=AXIS2_PLACEMENT_3D('',#15042,#12247,#12248);
#11113=AXIS2_PLACEMENT_3D('',#15044,#12250,#12251);
#11114=AXIS2_PLACEMENT_3D('',#15051,#12256,#12257);
#11115=AXIS2_PLACEMENT_3D('',#15065,#12266,#12267);
#11116=AXIS2_PLACEMENT_3D('',#15067,#12269,#12270);
#11117=AXIS2_PLACEMENT_3D('',#15074,#12275,#12276);
#11118=AXIS2_PLACEMENT_3D('',#15076,#12278,#12279);
#11119=AXIS2_PLACEMENT_3D('',#15078,#12281,#12282);
#11120=AXIS2_PLACEMENT_3D('',#15080,#12284,#12285);
#11121=AXIS2_PLACEMENT_3D('',#15082,#12287,#12288);
#11122=AXIS2_PLACEMENT_3D('',#15083,#12289,#12290);
#11123=AXIS2_PLACEMENT_3D('',#15084,#12291,#12292);
#11124=AXIS2_PLACEMENT_3D('',#15086,#12294,#12295);
#11125=AXIS2_PLACEMENT_3D('',#15087,#12296,#12297);
#11126=AXIS2_PLACEMENT_3D('',#15091,#12299,#12300);
#11127=AXIS2_PLACEMENT_3D('',#15092,#12301,#12302);
#11128=AXIS2_PLACEMENT_3D('',#15094,#12303,#12304);
#11129=AXIS2_PLACEMENT_3D('',#15097,#12306,#12307);
#11130=AXIS2_PLACEMENT_3D('',#15106,#12312,#12313);
#11131=AXIS2_PLACEMENT_3D('',#15115,#12318,#12319);
#11132=AXIS2_PLACEMENT_3D('',#15126,#12325,#12326);
#11133=AXIS2_PLACEMENT_3D('',#15129,#12329,#12330);
#11134=AXIS2_PLACEMENT_3D('',#15135,#12334,#12335);
#11135=AXIS2_PLACEMENT_3D('',#15141,#12339,#12340);
#11136=AXIS2_PLACEMENT_3D('',#15143,#12342,#12343);
#11137=AXIS2_PLACEMENT_3D('',#15152,#12348,#12349);
#11138=AXIS2_PLACEMENT_3D('',#15163,#12355,#12356);
#11139=AXIS2_PLACEMENT_3D('',#15169,#12360,#12361);
#11140=AXIS2_PLACEMENT_3D('',#15173,#12364,#12365);
#11141=AXIS2_PLACEMENT_3D('',#15179,#12369,#12370);
#11142=AXIS2_PLACEMENT_3D('',#15181,#12371,#12372);
#11143=AXIS2_PLACEMENT_3D('',#15184,#12374,#12375);
#11144=AXIS2_PLACEMENT_3D('',#15185,#12376,#12377);
#11145=AXIS2_PLACEMENT_3D('',#15194,#12382,#12383);
#11146=AXIS2_PLACEMENT_3D('',#15200,#12387,#12388);
#11147=AXIS2_PLACEMENT_3D('',#15208,#12393,#12394);
#11148=AXIS2_PLACEMENT_3D('',#15210,#12395,#12396);
#11149=AXIS2_PLACEMENT_3D('',#15213,#12398,#12399);
#11150=AXIS2_PLACEMENT_3D('',#15214,#12400,#12401);
#11151=AXIS2_PLACEMENT_3D('',#15223,#12406,#12407);
#11152=AXIS2_PLACEMENT_3D('',#15229,#12411,#12412);
#11153=AXIS2_PLACEMENT_3D('',#15235,#12416,#12417);
#11154=AXIS2_PLACEMENT_3D('',#15241,#12421,#12422);
#11155=AXIS2_PLACEMENT_3D('',#15254,#12429,#12430);
#11156=AXIS2_PLACEMENT_3D('',#15260,#12434,#12435);
#11157=AXIS2_PLACEMENT_3D('',#15267,#12440,#12441);
#11158=AXIS2_PLACEMENT_3D('',#15271,#12444,#12445);
#11159=AXIS2_PLACEMENT_3D('',#15273,#12447,#12448);
#11160=AXIS2_PLACEMENT_3D('',#15277,#12452,#12453);
#11161=AXIS2_PLACEMENT_3D('',#15290,#12460,#12461);
#11162=AXIS2_PLACEMENT_3D('',#15296,#12465,#12466);
#11163=AXIS2_PLACEMENT_3D('',#15300,#12469,#12470);
#11164=AXIS2_PLACEMENT_3D('',#15304,#12473,#12474);
#11165=AXIS2_PLACEMENT_3D('',#15308,#12477,#12478);
#11166=AXIS2_PLACEMENT_3D('',#15321,#12486,#12487);
#11167=AXIS2_PLACEMENT_3D('',#15324,#12490,#12491);
#11168=AXIS2_PLACEMENT_3D('',#15326,#12493,#12494);
#11169=AXIS2_PLACEMENT_3D('',#15333,#12499,#12500);
#11170=AXIS2_PLACEMENT_3D('',#15347,#12509,#12510);
#11171=AXIS2_PLACEMENT_3D('',#15349,#12512,#12513);
#11172=AXIS2_PLACEMENT_3D('',#15356,#12518,#12519);
#11173=AXIS2_PLACEMENT_3D('',#15358,#12521,#12522);
#11174=AXIS2_PLACEMENT_3D('',#15360,#12524,#12525);
#11175=AXIS2_PLACEMENT_3D('',#15362,#12527,#12528);
#11176=AXIS2_PLACEMENT_3D('',#15364,#12530,#12531);
#11177=AXIS2_PLACEMENT_3D('',#15365,#12532,#12533);
#11178=AXIS2_PLACEMENT_3D('',#15366,#12534,#12535);
#11179=AXIS2_PLACEMENT_3D('',#15368,#12537,#12538);
#11180=AXIS2_PLACEMENT_3D('',#15369,#12539,#12540);
#11181=AXIS2_PLACEMENT_3D('',#15373,#12542,#12543);
#11182=AXIS2_PLACEMENT_3D('',#15374,#12544,#12545);
#11183=AXIS2_PLACEMENT_3D('',#15376,#12546,#12547);
#11184=AXIS2_PLACEMENT_3D('',#15379,#12549,#12550);
#11185=AXIS2_PLACEMENT_3D('',#15388,#12555,#12556);
#11186=AXIS2_PLACEMENT_3D('',#15397,#12561,#12562);
#11187=AXIS2_PLACEMENT_3D('',#15408,#12568,#12569);
#11188=AXIS2_PLACEMENT_3D('',#15411,#12572,#12573);
#11189=AXIS2_PLACEMENT_3D('',#15417,#12577,#12578);
#11190=AXIS2_PLACEMENT_3D('',#15423,#12582,#12583);
#11191=AXIS2_PLACEMENT_3D('',#15425,#12585,#12586);
#11192=AXIS2_PLACEMENT_3D('',#15434,#12591,#12592);
#11193=AXIS2_PLACEMENT_3D('',#15445,#12598,#12599);
#11194=AXIS2_PLACEMENT_3D('',#15451,#12603,#12604);
#11195=AXIS2_PLACEMENT_3D('',#15455,#12607,#12608);
#11196=AXIS2_PLACEMENT_3D('',#15461,#12612,#12613);
#11197=AXIS2_PLACEMENT_3D('',#15463,#12614,#12615);
#11198=AXIS2_PLACEMENT_3D('',#15466,#12617,#12618);
#11199=AXIS2_PLACEMENT_3D('',#15467,#12619,#12620);
#11200=AXIS2_PLACEMENT_3D('',#15476,#12625,#12626);
#11201=AXIS2_PLACEMENT_3D('',#15482,#12630,#12631);
#11202=AXIS2_PLACEMENT_3D('',#15490,#12636,#12637);
#11203=AXIS2_PLACEMENT_3D('',#15492,#12638,#12639);
#11204=AXIS2_PLACEMENT_3D('',#15495,#12641,#12642);
#11205=AXIS2_PLACEMENT_3D('',#15496,#12643,#12644);
#11206=AXIS2_PLACEMENT_3D('',#15505,#12649,#12650);
#11207=AXIS2_PLACEMENT_3D('',#15511,#12654,#12655);
#11208=AXIS2_PLACEMENT_3D('',#15517,#12659,#12660);
#11209=AXIS2_PLACEMENT_3D('',#15523,#12664,#12665);
#11210=AXIS2_PLACEMENT_3D('',#15536,#12672,#12673);
#11211=AXIS2_PLACEMENT_3D('',#15542,#12677,#12678);
#11212=AXIS2_PLACEMENT_3D('',#15549,#12683,#12684);
#11213=AXIS2_PLACEMENT_3D('',#15553,#12687,#12688);
#11214=AXIS2_PLACEMENT_3D('',#15555,#12690,#12691);
#11215=AXIS2_PLACEMENT_3D('',#15559,#12695,#12696);
#11216=AXIS2_PLACEMENT_3D('',#15572,#12703,#12704);
#11217=AXIS2_PLACEMENT_3D('',#15578,#12708,#12709);
#11218=AXIS2_PLACEMENT_3D('',#15582,#12712,#12713);
#11219=AXIS2_PLACEMENT_3D('',#15586,#12716,#12717);
#11220=AXIS2_PLACEMENT_3D('',#15590,#12720,#12721);
#11221=AXIS2_PLACEMENT_3D('',#15603,#12729,#12730);
#11222=AXIS2_PLACEMENT_3D('',#15606,#12733,#12734);
#11223=AXIS2_PLACEMENT_3D('',#15608,#12736,#12737);
#11224=AXIS2_PLACEMENT_3D('',#15615,#12742,#12743);
#11225=AXIS2_PLACEMENT_3D('',#15629,#12752,#12753);
#11226=AXIS2_PLACEMENT_3D('',#15631,#12755,#12756);
#11227=AXIS2_PLACEMENT_3D('',#15638,#12761,#12762);
#11228=AXIS2_PLACEMENT_3D('',#15640,#12764,#12765);
#11229=AXIS2_PLACEMENT_3D('',#15642,#12767,#12768);
#11230=AXIS2_PLACEMENT_3D('',#15644,#12770,#12771);
#11231=AXIS2_PLACEMENT_3D('',#15646,#12773,#12774);
#11232=AXIS2_PLACEMENT_3D('',#15647,#12775,#12776);
#11233=AXIS2_PLACEMENT_3D('',#15648,#12777,#12778);
#11234=AXIS2_PLACEMENT_3D('',#15650,#12780,#12781);
#11235=AXIS2_PLACEMENT_3D('',#15651,#12782,#12783);
#11236=AXIS2_PLACEMENT_3D('',#15655,#12785,#12786);
#11237=AXIS2_PLACEMENT_3D('',#15656,#12787,#12788);
#11238=AXIS2_PLACEMENT_3D('',#15658,#12789,#12790);
#11239=AXIS2_PLACEMENT_3D('',#15661,#12792,#12793);
#11240=AXIS2_PLACEMENT_3D('',#15670,#12798,#12799);
#11241=AXIS2_PLACEMENT_3D('',#15679,#12804,#12805);
#11242=AXIS2_PLACEMENT_3D('',#15690,#12811,#12812);
#11243=AXIS2_PLACEMENT_3D('',#15693,#12815,#12816);
#11244=AXIS2_PLACEMENT_3D('',#15699,#12820,#12821);
#11245=AXIS2_PLACEMENT_3D('',#15705,#12825,#12826);
#11246=AXIS2_PLACEMENT_3D('',#15707,#12828,#12829);
#11247=AXIS2_PLACEMENT_3D('',#15716,#12834,#12835);
#11248=AXIS2_PLACEMENT_3D('',#15727,#12841,#12842);
#11249=AXIS2_PLACEMENT_3D('',#15733,#12846,#12847);
#11250=AXIS2_PLACEMENT_3D('',#15737,#12850,#12851);
#11251=AXIS2_PLACEMENT_3D('',#15743,#12855,#12856);
#11252=AXIS2_PLACEMENT_3D('',#15745,#12857,#12858);
#11253=AXIS2_PLACEMENT_3D('',#15748,#12860,#12861);
#11254=AXIS2_PLACEMENT_3D('',#15749,#12862,#12863);
#11255=AXIS2_PLACEMENT_3D('',#15758,#12868,#12869);
#11256=AXIS2_PLACEMENT_3D('',#15764,#12873,#12874);
#11257=AXIS2_PLACEMENT_3D('',#15772,#12879,#12880);
#11258=AXIS2_PLACEMENT_3D('',#15774,#12881,#12882);
#11259=AXIS2_PLACEMENT_3D('',#15777,#12884,#12885);
#11260=AXIS2_PLACEMENT_3D('',#15778,#12886,#12887);
#11261=AXIS2_PLACEMENT_3D('',#15787,#12892,#12893);
#11262=AXIS2_PLACEMENT_3D('',#15793,#12897,#12898);
#11263=AXIS2_PLACEMENT_3D('',#15799,#12902,#12903);
#11264=AXIS2_PLACEMENT_3D('',#15805,#12907,#12908);
#11265=AXIS2_PLACEMENT_3D('',#15818,#12915,#12916);
#11266=AXIS2_PLACEMENT_3D('',#15824,#12920,#12921);
#11267=AXIS2_PLACEMENT_3D('',#15831,#12926,#12927);
#11268=AXIS2_PLACEMENT_3D('',#15835,#12930,#12931);
#11269=AXIS2_PLACEMENT_3D('',#15837,#12933,#12934);
#11270=AXIS2_PLACEMENT_3D('',#15841,#12938,#12939);
#11271=AXIS2_PLACEMENT_3D('',#15854,#12946,#12947);
#11272=AXIS2_PLACEMENT_3D('',#15860,#12951,#12952);
#11273=AXIS2_PLACEMENT_3D('',#15864,#12955,#12956);
#11274=AXIS2_PLACEMENT_3D('',#15868,#12959,#12960);
#11275=AXIS2_PLACEMENT_3D('',#15872,#12963,#12964);
#11276=AXIS2_PLACEMENT_3D('',#15885,#12972,#12973);
#11277=AXIS2_PLACEMENT_3D('',#15888,#12976,#12977);
#11278=AXIS2_PLACEMENT_3D('',#15890,#12979,#12980);
#11279=AXIS2_PLACEMENT_3D('',#15897,#12985,#12986);
#11280=AXIS2_PLACEMENT_3D('',#15911,#12995,#12996);
#11281=AXIS2_PLACEMENT_3D('',#15913,#12998,#12999);
#11282=AXIS2_PLACEMENT_3D('',#15920,#13004,#13005);
#11283=AXIS2_PLACEMENT_3D('',#15922,#13007,#13008);
#11284=AXIS2_PLACEMENT_3D('',#15924,#13010,#13011);
#11285=AXIS2_PLACEMENT_3D('',#15926,#13013,#13014);
#11286=AXIS2_PLACEMENT_3D('',#15928,#13016,#13017);
#11287=AXIS2_PLACEMENT_3D('',#15929,#13018,#13019);
#11288=AXIS2_PLACEMENT_3D('',#15930,#13020,#13021);
#11289=AXIS2_PLACEMENT_3D('',#15932,#13023,#13024);
#11290=AXIS2_PLACEMENT_3D('',#15933,#13025,#13026);
#11291=AXIS2_PLACEMENT_3D('',#15937,#13028,#13029);
#11292=AXIS2_PLACEMENT_3D('',#15938,#13030,#13031);
#11293=AXIS2_PLACEMENT_3D('',#15940,#13032,#13033);
#11294=AXIS2_PLACEMENT_3D('',#15943,#13035,#13036);
#11295=AXIS2_PLACEMENT_3D('',#15952,#13041,#13042);
#11296=AXIS2_PLACEMENT_3D('',#15961,#13047,#13048);
#11297=AXIS2_PLACEMENT_3D('',#15972,#13054,#13055);
#11298=AXIS2_PLACEMENT_3D('',#15975,#13058,#13059);
#11299=AXIS2_PLACEMENT_3D('',#15981,#13063,#13064);
#11300=AXIS2_PLACEMENT_3D('',#15987,#13068,#13069);
#11301=AXIS2_PLACEMENT_3D('',#15989,#13071,#13072);
#11302=AXIS2_PLACEMENT_3D('',#15998,#13077,#13078);
#11303=AXIS2_PLACEMENT_3D('',#16009,#13084,#13085);
#11304=AXIS2_PLACEMENT_3D('',#16015,#13089,#13090);
#11305=AXIS2_PLACEMENT_3D('',#16019,#13093,#13094);
#11306=AXIS2_PLACEMENT_3D('',#16025,#13098,#13099);
#11307=AXIS2_PLACEMENT_3D('',#16027,#13100,#13101);
#11308=AXIS2_PLACEMENT_3D('',#16030,#13103,#13104);
#11309=AXIS2_PLACEMENT_3D('',#16031,#13105,#13106);
#11310=AXIS2_PLACEMENT_3D('',#16040,#13111,#13112);
#11311=AXIS2_PLACEMENT_3D('',#16046,#13116,#13117);
#11312=AXIS2_PLACEMENT_3D('',#16054,#13122,#13123);
#11313=AXIS2_PLACEMENT_3D('',#16056,#13124,#13125);
#11314=AXIS2_PLACEMENT_3D('',#16059,#13127,#13128);
#11315=AXIS2_PLACEMENT_3D('',#16060,#13129,#13130);
#11316=AXIS2_PLACEMENT_3D('',#16069,#13135,#13136);
#11317=AXIS2_PLACEMENT_3D('',#16075,#13140,#13141);
#11318=AXIS2_PLACEMENT_3D('',#16081,#13145,#13146);
#11319=AXIS2_PLACEMENT_3D('',#16087,#13150,#13151);
#11320=AXIS2_PLACEMENT_3D('',#16100,#13158,#13159);
#11321=AXIS2_PLACEMENT_3D('',#16106,#13163,#13164);
#11322=AXIS2_PLACEMENT_3D('',#16113,#13169,#13170);
#11323=AXIS2_PLACEMENT_3D('',#16117,#13173,#13174);
#11324=AXIS2_PLACEMENT_3D('',#16119,#13176,#13177);
#11325=AXIS2_PLACEMENT_3D('',#16123,#13181,#13182);
#11326=AXIS2_PLACEMENT_3D('',#16136,#13189,#13190);
#11327=AXIS2_PLACEMENT_3D('',#16142,#13194,#13195);
#11328=AXIS2_PLACEMENT_3D('',#16146,#13198,#13199);
#11329=AXIS2_PLACEMENT_3D('',#16150,#13202,#13203);
#11330=AXIS2_PLACEMENT_3D('',#16154,#13206,#13207);
#11331=AXIS2_PLACEMENT_3D('',#16167,#13215,#13216);
#11332=AXIS2_PLACEMENT_3D('',#16170,#13219,#13220);
#11333=AXIS2_PLACEMENT_3D('',#16172,#13222,#13223);
#11334=AXIS2_PLACEMENT_3D('',#16179,#13228,#13229);
#11335=AXIS2_PLACEMENT_3D('',#16193,#13238,#13239);
#11336=AXIS2_PLACEMENT_3D('',#16195,#13241,#13242);
#11337=AXIS2_PLACEMENT_3D('',#16202,#13247,#13248);
#11338=AXIS2_PLACEMENT_3D('',#16204,#13250,#13251);
#11339=AXIS2_PLACEMENT_3D('',#16206,#13253,#13254);
#11340=AXIS2_PLACEMENT_3D('',#16208,#13256,#13257);
#11341=AXIS2_PLACEMENT_3D('',#16210,#13259,#13260);
#11342=AXIS2_PLACEMENT_3D('',#16211,#13261,#13262);
#11343=AXIS2_PLACEMENT_3D('',#16212,#13263,#13264);
#11344=AXIS2_PLACEMENT_3D('',#16214,#13266,#13267);
#11345=AXIS2_PLACEMENT_3D('',#16215,#13268,#13269);
#11346=AXIS2_PLACEMENT_3D('',#16219,#13271,#13272);
#11347=AXIS2_PLACEMENT_3D('',#16220,#13273,#13274);
#11348=AXIS2_PLACEMENT_3D('',#16222,#13275,#13276);
#11349=AXIS2_PLACEMENT_3D('',#16225,#13278,#13279);
#11350=AXIS2_PLACEMENT_3D('',#16234,#13284,#13285);
#11351=AXIS2_PLACEMENT_3D('',#16243,#13290,#13291);
#11352=AXIS2_PLACEMENT_3D('',#16254,#13297,#13298);
#11353=AXIS2_PLACEMENT_3D('',#16257,#13301,#13302);
#11354=AXIS2_PLACEMENT_3D('',#16263,#13306,#13307);
#11355=AXIS2_PLACEMENT_3D('',#16269,#13311,#13312);
#11356=AXIS2_PLACEMENT_3D('',#16271,#13314,#13315);
#11357=AXIS2_PLACEMENT_3D('',#16280,#13320,#13321);
#11358=AXIS2_PLACEMENT_3D('',#16291,#13327,#13328);
#11359=AXIS2_PLACEMENT_3D('',#16297,#13332,#13333);
#11360=AXIS2_PLACEMENT_3D('',#16301,#13336,#13337);
#11361=AXIS2_PLACEMENT_3D('',#16307,#13341,#13342);
#11362=AXIS2_PLACEMENT_3D('',#16309,#13343,#13344);
#11363=AXIS2_PLACEMENT_3D('',#16312,#13346,#13347);
#11364=AXIS2_PLACEMENT_3D('',#16313,#13348,#13349);
#11365=AXIS2_PLACEMENT_3D('',#16322,#13354,#13355);
#11366=AXIS2_PLACEMENT_3D('',#16328,#13359,#13360);
#11367=AXIS2_PLACEMENT_3D('',#16336,#13365,#13366);
#11368=AXIS2_PLACEMENT_3D('',#16338,#13367,#13368);
#11369=AXIS2_PLACEMENT_3D('',#16341,#13370,#13371);
#11370=AXIS2_PLACEMENT_3D('',#16342,#13372,#13373);
#11371=AXIS2_PLACEMENT_3D('',#16351,#13378,#13379);
#11372=AXIS2_PLACEMENT_3D('',#16357,#13383,#13384);
#11373=AXIS2_PLACEMENT_3D('',#16363,#13388,#13389);
#11374=AXIS2_PLACEMENT_3D('',#16369,#13393,#13394);
#11375=AXIS2_PLACEMENT_3D('',#16382,#13401,#13402);
#11376=AXIS2_PLACEMENT_3D('',#16388,#13406,#13407);
#11377=AXIS2_PLACEMENT_3D('',#16395,#13412,#13413);
#11378=AXIS2_PLACEMENT_3D('',#16399,#13416,#13417);
#11379=AXIS2_PLACEMENT_3D('',#16401,#13419,#13420);
#11380=AXIS2_PLACEMENT_3D('',#16405,#13424,#13425);
#11381=AXIS2_PLACEMENT_3D('',#16418,#13432,#13433);
#11382=AXIS2_PLACEMENT_3D('',#16424,#13437,#13438);
#11383=AXIS2_PLACEMENT_3D('',#16428,#13441,#13442);
#11384=AXIS2_PLACEMENT_3D('',#16432,#13445,#13446);
#11385=AXIS2_PLACEMENT_3D('',#16436,#13449,#13450);
#11386=AXIS2_PLACEMENT_3D('',#16449,#13458,#13459);
#11387=AXIS2_PLACEMENT_3D('',#16452,#13462,#13463);
#11388=AXIS2_PLACEMENT_3D('',#16454,#13465,#13466);
#11389=AXIS2_PLACEMENT_3D('',#16461,#13471,#13472);
#11390=AXIS2_PLACEMENT_3D('',#16475,#13481,#13482);
#11391=AXIS2_PLACEMENT_3D('',#16477,#13484,#13485);
#11392=AXIS2_PLACEMENT_3D('',#16484,#13490,#13491);
#11393=AXIS2_PLACEMENT_3D('',#16486,#13493,#13494);
#11394=AXIS2_PLACEMENT_3D('',#16488,#13496,#13497);
#11395=AXIS2_PLACEMENT_3D('',#16490,#13499,#13500);
#11396=AXIS2_PLACEMENT_3D('',#16492,#13502,#13503);
#11397=AXIS2_PLACEMENT_3D('',#16493,#13504,#13505);
#11398=AXIS2_PLACEMENT_3D('',#16494,#13506,#13507);
#11399=AXIS2_PLACEMENT_3D('',#16496,#13509,#13510);
#11400=AXIS2_PLACEMENT_3D('',#16497,#13511,#13512);
#11401=AXIS2_PLACEMENT_3D('',#16501,#13514,#13515);
#11402=AXIS2_PLACEMENT_3D('',#16502,#13516,#13517);
#11403=AXIS2_PLACEMENT_3D('',#16504,#13518,#13519);
#11404=AXIS2_PLACEMENT_3D('',#16507,#13521,#13522);
#11405=AXIS2_PLACEMENT_3D('',#16516,#13527,#13528);
#11406=AXIS2_PLACEMENT_3D('',#16525,#13533,#13534);
#11407=AXIS2_PLACEMENT_3D('',#16536,#13540,#13541);
#11408=AXIS2_PLACEMENT_3D('',#16539,#13544,#13545);
#11409=AXIS2_PLACEMENT_3D('',#16545,#13549,#13550);
#11410=AXIS2_PLACEMENT_3D('',#16551,#13554,#13555);
#11411=AXIS2_PLACEMENT_3D('',#16553,#13557,#13558);
#11412=AXIS2_PLACEMENT_3D('',#16562,#13563,#13564);
#11413=AXIS2_PLACEMENT_3D('',#16573,#13570,#13571);
#11414=AXIS2_PLACEMENT_3D('',#16579,#13575,#13576);
#11415=AXIS2_PLACEMENT_3D('',#16583,#13579,#13580);
#11416=AXIS2_PLACEMENT_3D('',#16589,#13584,#13585);
#11417=AXIS2_PLACEMENT_3D('',#16591,#13586,#13587);
#11418=AXIS2_PLACEMENT_3D('',#16594,#13589,#13590);
#11419=AXIS2_PLACEMENT_3D('',#16595,#13591,#13592);
#11420=AXIS2_PLACEMENT_3D('',#16604,#13597,#13598);
#11421=AXIS2_PLACEMENT_3D('',#16610,#13602,#13603);
#11422=AXIS2_PLACEMENT_3D('',#16618,#13608,#13609);
#11423=AXIS2_PLACEMENT_3D('',#16620,#13610,#13611);
#11424=AXIS2_PLACEMENT_3D('',#16623,#13613,#13614);
#11425=AXIS2_PLACEMENT_3D('',#16624,#13615,#13616);
#11426=AXIS2_PLACEMENT_3D('',#16633,#13621,#13622);
#11427=AXIS2_PLACEMENT_3D('',#16639,#13626,#13627);
#11428=AXIS2_PLACEMENT_3D('',#16645,#13631,#13632);
#11429=AXIS2_PLACEMENT_3D('',#16651,#13636,#13637);
#11430=AXIS2_PLACEMENT_3D('',#16664,#13644,#13645);
#11431=AXIS2_PLACEMENT_3D('',#16670,#13649,#13650);
#11432=AXIS2_PLACEMENT_3D('',#16677,#13655,#13656);
#11433=AXIS2_PLACEMENT_3D('',#16681,#13659,#13660);
#11434=AXIS2_PLACEMENT_3D('',#16683,#13662,#13663);
#11435=AXIS2_PLACEMENT_3D('',#16687,#13667,#13668);
#11436=AXIS2_PLACEMENT_3D('',#16700,#13675,#13676);
#11437=AXIS2_PLACEMENT_3D('',#16706,#13680,#13681);
#11438=AXIS2_PLACEMENT_3D('',#16710,#13684,#13685);
#11439=AXIS2_PLACEMENT_3D('',#16714,#13688,#13689);
#11440=AXIS2_PLACEMENT_3D('',#16718,#13692,#13693);
#11441=AXIS2_PLACEMENT_3D('',#16731,#13701,#13702);
#11442=AXIS2_PLACEMENT_3D('',#16734,#13705,#13706);
#11443=AXIS2_PLACEMENT_3D('',#16736,#13708,#13709);
#11444=AXIS2_PLACEMENT_3D('',#16743,#13714,#13715);
#11445=AXIS2_PLACEMENT_3D('',#16757,#13724,#13725);
#11446=AXIS2_PLACEMENT_3D('',#16759,#13727,#13728);
#11447=AXIS2_PLACEMENT_3D('',#16766,#13733,#13734);
#11448=AXIS2_PLACEMENT_3D('',#16768,#13736,#13737);
#11449=AXIS2_PLACEMENT_3D('',#16770,#13739,#13740);
#11450=AXIS2_PLACEMENT_3D('',#16772,#13742,#13743);
#11451=AXIS2_PLACEMENT_3D('',#16774,#13745,#13746);
#11452=AXIS2_PLACEMENT_3D('',#16775,#13747,#13748);
#11453=AXIS2_PLACEMENT_3D('',#16776,#13749,#13750);
#11454=AXIS2_PLACEMENT_3D('',#16778,#13752,#13753);
#11455=AXIS2_PLACEMENT_3D('',#16779,#13754,#13755);
#11456=AXIS2_PLACEMENT_3D('',#16783,#13757,#13758);
#11457=AXIS2_PLACEMENT_3D('',#16784,#13759,#13760);
#11458=AXIS2_PLACEMENT_3D('',#16786,#13761,#13762);
#11459=AXIS2_PLACEMENT_3D('',#16789,#13764,#13765);
#11460=AXIS2_PLACEMENT_3D('',#16798,#13770,#13771);
#11461=AXIS2_PLACEMENT_3D('',#16807,#13776,#13777);
#11462=AXIS2_PLACEMENT_3D('',#16818,#13783,#13784);
#11463=AXIS2_PLACEMENT_3D('',#16821,#13787,#13788);
#11464=AXIS2_PLACEMENT_3D('',#16827,#13792,#13793);
#11465=AXIS2_PLACEMENT_3D('',#16833,#13797,#13798);
#11466=AXIS2_PLACEMENT_3D('',#16835,#13800,#13801);
#11467=AXIS2_PLACEMENT_3D('',#16844,#13806,#13807);
#11468=AXIS2_PLACEMENT_3D('',#16855,#13813,#13814);
#11469=AXIS2_PLACEMENT_3D('',#16861,#13818,#13819);
#11470=AXIS2_PLACEMENT_3D('',#16865,#13822,#13823);
#11471=AXIS2_PLACEMENT_3D('',#16871,#13827,#13828);
#11472=AXIS2_PLACEMENT_3D('',#16873,#13829,#13830);
#11473=AXIS2_PLACEMENT_3D('',#16876,#13832,#13833);
#11474=AXIS2_PLACEMENT_3D('',#16877,#13834,#13835);
#11475=AXIS2_PLACEMENT_3D('',#16886,#13840,#13841);
#11476=AXIS2_PLACEMENT_3D('',#16892,#13845,#13846);
#11477=AXIS2_PLACEMENT_3D('',#16900,#13851,#13852);
#11478=AXIS2_PLACEMENT_3D('',#16902,#13853,#13854);
#11479=AXIS2_PLACEMENT_3D('',#16905,#13856,#13857);
#11480=AXIS2_PLACEMENT_3D('',#16906,#13858,#13859);
#11481=AXIS2_PLACEMENT_3D('',#16915,#13864,#13865);
#11482=AXIS2_PLACEMENT_3D('',#16921,#13869,#13870);
#11483=AXIS2_PLACEMENT_3D('',#16927,#13874,#13875);
#11484=AXIS2_PLACEMENT_3D('',#16933,#13879,#13880);
#11485=AXIS2_PLACEMENT_3D('',#16946,#13887,#13888);
#11486=AXIS2_PLACEMENT_3D('',#16952,#13892,#13893);
#11487=AXIS2_PLACEMENT_3D('',#16959,#13898,#13899);
#11488=AXIS2_PLACEMENT_3D('',#16963,#13902,#13903);
#11489=AXIS2_PLACEMENT_3D('',#16965,#13905,#13906);
#11490=AXIS2_PLACEMENT_3D('',#16969,#13910,#13911);
#11491=AXIS2_PLACEMENT_3D('',#16982,#13918,#13919);
#11492=AXIS2_PLACEMENT_3D('',#16988,#13923,#13924);
#11493=AXIS2_PLACEMENT_3D('',#16992,#13927,#13928);
#11494=AXIS2_PLACEMENT_3D('',#16996,#13931,#13932);
#11495=AXIS2_PLACEMENT_3D('',#17000,#13935,#13936);
#11496=AXIS2_PLACEMENT_3D('',#17013,#13944,#13945);
#11497=AXIS2_PLACEMENT_3D('',#17016,#13948,#13949);
#11498=AXIS2_PLACEMENT_3D('',#17018,#13951,#13952);
#11499=AXIS2_PLACEMENT_3D('',#17025,#13957,#13958);
#11500=AXIS2_PLACEMENT_3D('',#17039,#13967,#13968);
#11501=AXIS2_PLACEMENT_3D('',#17041,#13970,#13971);
#11502=AXIS2_PLACEMENT_3D('',#17048,#13976,#13977);
#11503=AXIS2_PLACEMENT_3D('',#17050,#13979,#13980);
#11504=AXIS2_PLACEMENT_3D('',#17052,#13982,#13983);
#11505=AXIS2_PLACEMENT_3D('',#17054,#13985,#13986);
#11506=AXIS2_PLACEMENT_3D('',#17056,#13988,#13989);
#11507=AXIS2_PLACEMENT_3D('',#17057,#13990,#13991);
#11508=AXIS2_PLACEMENT_3D('',#17058,#13992,#13993);
#11509=AXIS2_PLACEMENT_3D('',#17060,#13995,#13996);
#11510=AXIS2_PLACEMENT_3D('',#17061,#13997,#13998);
#11511=AXIS2_PLACEMENT_3D('',#17065,#14000,#14001);
#11512=AXIS2_PLACEMENT_3D('',#17066,#14002,#14003);
#11513=AXIS2_PLACEMENT_3D('',#17068,#14004,#14005);
#11514=AXIS2_PLACEMENT_3D('',#17071,#14007,#14008);
#11515=AXIS2_PLACEMENT_3D('',#17080,#14013,#14014);
#11516=AXIS2_PLACEMENT_3D('',#17089,#14019,#14020);
#11517=AXIS2_PLACEMENT_3D('',#17100,#14026,#14027);
#11518=AXIS2_PLACEMENT_3D('',#17103,#14030,#14031);
#11519=AXIS2_PLACEMENT_3D('',#17109,#14035,#14036);
#11520=AXIS2_PLACEMENT_3D('',#17115,#14040,#14041);
#11521=AXIS2_PLACEMENT_3D('',#17117,#14043,#14044);
#11522=AXIS2_PLACEMENT_3D('',#17126,#14049,#14050);
#11523=AXIS2_PLACEMENT_3D('',#17137,#14056,#14057);
#11524=AXIS2_PLACEMENT_3D('',#17143,#14061,#14062);
#11525=AXIS2_PLACEMENT_3D('',#17147,#14065,#14066);
#11526=AXIS2_PLACEMENT_3D('',#17153,#14070,#14071);
#11527=AXIS2_PLACEMENT_3D('',#17155,#14072,#14073);
#11528=AXIS2_PLACEMENT_3D('',#17158,#14075,#14076);
#11529=AXIS2_PLACEMENT_3D('',#17159,#14077,#14078);
#11530=AXIS2_PLACEMENT_3D('',#17168,#14083,#14084);
#11531=AXIS2_PLACEMENT_3D('',#17174,#14088,#14089);
#11532=AXIS2_PLACEMENT_3D('',#17182,#14094,#14095);
#11533=AXIS2_PLACEMENT_3D('',#17184,#14096,#14097);
#11534=AXIS2_PLACEMENT_3D('',#17187,#14099,#14100);
#11535=AXIS2_PLACEMENT_3D('',#17188,#14101,#14102);
#11536=AXIS2_PLACEMENT_3D('',#17197,#14107,#14108);
#11537=AXIS2_PLACEMENT_3D('',#17203,#14112,#14113);
#11538=AXIS2_PLACEMENT_3D('',#17209,#14117,#14118);
#11539=AXIS2_PLACEMENT_3D('',#17215,#14122,#14123);
#11540=AXIS2_PLACEMENT_3D('',#17228,#14130,#14131);
#11541=AXIS2_PLACEMENT_3D('',#17234,#14135,#14136);
#11542=AXIS2_PLACEMENT_3D('',#17241,#14141,#14142);
#11543=AXIS2_PLACEMENT_3D('',#17245,#14145,#14146);
#11544=AXIS2_PLACEMENT_3D('',#17247,#14148,#14149);
#11545=AXIS2_PLACEMENT_3D('',#17251,#14153,#14154);
#11546=AXIS2_PLACEMENT_3D('',#17264,#14161,#14162);
#11547=AXIS2_PLACEMENT_3D('',#17270,#14166,#14167);
#11548=AXIS2_PLACEMENT_3D('',#17274,#14170,#14171);
#11549=AXIS2_PLACEMENT_3D('',#17278,#14174,#14175);
#11550=AXIS2_PLACEMENT_3D('',#17282,#14178,#14179);
#11551=AXIS2_PLACEMENT_3D('',#17295,#14187,#14188);
#11552=AXIS2_PLACEMENT_3D('',#17298,#14191,#14192);
#11553=AXIS2_PLACEMENT_3D('',#17300,#14194,#14195);
#11554=AXIS2_PLACEMENT_3D('',#17307,#14200,#14201);
#11555=AXIS2_PLACEMENT_3D('',#17321,#14210,#14211);
#11556=AXIS2_PLACEMENT_3D('',#17323,#14213,#14214);
#11557=AXIS2_PLACEMENT_3D('',#17330,#14219,#14220);
#11558=AXIS2_PLACEMENT_3D('',#17332,#14222,#14223);
#11559=AXIS2_PLACEMENT_3D('',#17334,#14225,#14226);
#11560=AXIS2_PLACEMENT_3D('',#17336,#14228,#14229);
#11561=AXIS2_PLACEMENT_3D('',#17338,#14231,#14232);
#11562=AXIS2_PLACEMENT_3D('',#17339,#14233,#14234);
#11563=AXIS2_PLACEMENT_3D('',#17340,#14235,#14236);
#11564=AXIS2_PLACEMENT_3D('',#17342,#14238,#14239);
#11565=DIRECTION('axis',(0.,0.,1.));
#11566=DIRECTION('refdir',(1.,0.,0.));
#11567=DIRECTION('center_axis',(0.,-1.,0.));
#11568=DIRECTION('ref_axis',(0.,0.,1.));
#11569=DIRECTION('',(-8.65956056235493E-17,-0.707106781186547,-0.707106781186548));
#11570=DIRECTION('center_axis',(0.,-1.,0.));
#11571=DIRECTION('ref_axis',(0.,0.,1.));
#11572=DIRECTION('center_axis',(0.,1.,0.));
#11573=DIRECTION('ref_axis',(0.,0.,1.));
#11574=DIRECTION('center_axis',(0.,1.,0.));
#11575=DIRECTION('ref_axis',(0.,0.,1.));
#11576=DIRECTION('',(8.65956056235493E-17,-0.707106781186547,0.707106781186548));
#11577=DIRECTION('center_axis',(0.,0.,1.));
#11578=DIRECTION('ref_axis',(1.,0.,0.));
#11579=DIRECTION('',(0.,1.,0.));
#11580=DIRECTION('',(-1.,0.,0.));
#11581=DIRECTION('',(0.,1.,0.));
#11582=DIRECTION('',(1.,0.,0.));
#11583=DIRECTION('center_axis',(-1.,0.,0.));
#11584=DIRECTION('ref_axis',(0.,0.,1.));
#11585=DIRECTION('',(0.,-0.707106781186547,0.707106781186548));
#11586=DIRECTION('',(0.,0.,1.));
#11587=DIRECTION('',(0.,1.,0.));
#11588=DIRECTION('',(0.,0.,-1.));
#11589=DIRECTION('center_axis',(0.707106781186547,0.,-0.707106781186548));
#11590=DIRECTION('ref_axis',(-0.707106781186548,0.,-0.707106781186547));
#11591=DIRECTION('',(0.,-1.,0.));
#11592=DIRECTION('',(-0.707106781186548,0.,-0.707106781186547));
#11593=DIRECTION('',(0.,1.,0.));
#11594=DIRECTION('',(0.707106781186548,0.,0.707106781186547));
#11595=DIRECTION('',(-0.577350269189626,-0.577350269189626,-0.577350269189626));
#11596=DIRECTION('center_axis',(0.707106781186547,0.,0.707106781186548));
#11597=DIRECTION('ref_axis',(0.707106781186548,0.,-0.707106781186547));
#11598=DIRECTION('',(-0.707106781186548,0.,0.707106781186547));
#11599=DIRECTION('',(0.707106781186548,0.,-0.707106781186547));
#11600=DIRECTION('center_axis',(0.,1.,0.));
#11601=DIRECTION('ref_axis',(-1.,0.,0.));
#11602=DIRECTION('',(0.,0.,-1.));
#11603=DIRECTION('',(0.,0.,1.));
#11604=DIRECTION('',(-1.,0.,0.));
#11605=DIRECTION('center_axis',(1.,0.,0.));
#11606=DIRECTION('ref_axis',(0.,1.,0.));
#11607=DIRECTION('',(0.,-0.707106781186548,-0.707106781186547));
#11608=DIRECTION('',(0.,0.,1.));
#11609=DIRECTION('',(0.,1.,0.));
#11610=DIRECTION('center_axis',(0.,0.707106781186547,-0.707106781186548));
#11611=DIRECTION('ref_axis',(0.,0.707106781186548,0.707106781186547));
#11612=DIRECTION('',(-1.,0.,0.));
#11613=DIRECTION('center_axis',(-1.,0.,0.));
#11614=DIRECTION('ref_axis',(0.,0.,1.));
#11615=DIRECTION('',(0.,1.,0.));
#11616=DIRECTION('',(0.,0.,-1.));
#11617=DIRECTION('',(0.,1.,0.));
#11618=DIRECTION('',(0.,0.,1.));
#11619=DIRECTION('center_axis',(0.707106781186547,0.,-0.707106781186548));
#11620=DIRECTION('ref_axis',(-0.707106781186548,0.,-0.707106781186547));
#11621=DIRECTION('',(0.577350269189626,-0.577350269189626,0.577350269189626));
#11622=DIRECTION('',(-0.707106781186548,0.,-0.707106781186547));
#11623=DIRECTION('',(0.,1.,0.));
#11624=DIRECTION('',(0.707106781186548,0.,0.707106781186547));
#11625=DIRECTION('',(0.,-1.,0.));
#11626=DIRECTION('center_axis',(0.707106781186547,0.,0.707106781186548));
#11627=DIRECTION('ref_axis',(0.707106781186548,0.,-0.707106781186547));
#11628=DIRECTION('',(-0.707106781186548,0.,0.707106781186547));
#11629=DIRECTION('',(0.707106781186548,0.,-0.707106781186547));
#11630=DIRECTION('',(0.,1.,0.));
#11631=DIRECTION('center_axis',(0.,-0.707106781186547,-0.707106781186548));
#11632=DIRECTION('ref_axis',(0.,0.707106781186548,-0.707106781186547));
#11633=DIRECTION('',(0.,-0.707106781186548,0.707106781186547));
#11634=DIRECTION('',(1.,0.,0.));
#11635=DIRECTION('center_axis',(1.,0.,0.));
#11636=DIRECTION('ref_axis',(0.,1.,0.));
#11637=DIRECTION('',(0.,0.,1.));
#11638=DIRECTION('',(0.,1.,0.));
#11639=DIRECTION('',(0.,0.,1.));
#11640=DIRECTION('center_axis',(0.,-1.,0.));
#11641=DIRECTION('ref_axis',(1.,0.,0.));
#11642=DIRECTION('center_axis',(0.,1.,0.));
#11643=DIRECTION('ref_axis',(1.,0.,0.));
#11644=DIRECTION('',(0.707106781186547,0.707106781186548,-8.65956056235493E-17));
#11645=DIRECTION('center_axis',(0.,-1.,0.));
#11646=DIRECTION('ref_axis',(1.,0.,0.));
#11647=DIRECTION('center_axis',(-0.707106781186548,0.,-0.707106781186547));
#11648=DIRECTION('ref_axis',(-0.707106781186547,0.,0.707106781186548));
#11649=DIRECTION('',(0.,1.,0.));
#11650=DIRECTION('',(0.707106781186547,0.,-0.707106781186548));
#11651=DIRECTION('',(0.,1.,0.));
#11652=DIRECTION('',(-0.707106781186547,0.,0.707106781186548));
#11653=DIRECTION('center_axis',(-0.707106781186548,0.,0.707106781186547));
#11654=DIRECTION('ref_axis',(0.707106781186547,0.,0.707106781186548));
#11655=DIRECTION('',(-0.707106781186547,0.,-0.707106781186548));
#11656=DIRECTION('',(0.,1.,0.));
#11657=DIRECTION('',(0.707106781186547,0.,0.707106781186548));
#11658=DIRECTION('center_axis',(0.,1.,0.));
#11659=DIRECTION('ref_axis',(-1.,0.,0.));
#11660=DIRECTION('',(-1.,0.,0.));
#11661=DIRECTION('',(0.,0.,1.));
#11662=DIRECTION('',(-1.,0.,0.));
#11663=DIRECTION('',(0.,0.,1.));
#11664=DIRECTION('center_axis',(0.,1.,0.));
#11665=DIRECTION('ref_axis',(1.,0.,0.));
#11666=DIRECTION('center_axis',(0.,-1.,0.));
#11667=DIRECTION('ref_axis',(1.,0.,0.));
#11668=DIRECTION('',(0.707106781186547,-0.707106781186548,8.65956056235493E-17));
#11669=DIRECTION('center_axis',(0.,1.,0.));
#11670=DIRECTION('ref_axis',(1.,0.,0.));
#11671=DIRECTION('center_axis',(-0.707106781186548,0.,-0.707106781186547));
#11672=DIRECTION('ref_axis',(-0.707106781186547,0.,0.707106781186548));
#11673=DIRECTION('',(0.,1.,0.));
#11674=DIRECTION('',(0.707106781186547,0.,-0.707106781186548));
#11675=DIRECTION('',(0.,1.,0.));
#11676=DIRECTION('',(-0.707106781186547,0.,0.707106781186548));
#11677=DIRECTION('center_axis',(-0.707106781186548,0.,0.707106781186547));
#11678=DIRECTION('ref_axis',(0.707106781186547,0.,0.707106781186548));
#11679=DIRECTION('',(-0.707106781186547,0.,-0.707106781186548));
#11680=DIRECTION('',(0.,1.,0.));
#11681=DIRECTION('',(0.707106781186547,0.,0.707106781186548));
#11682=DIRECTION('center_axis',(-1.,0.,0.));
#11683=DIRECTION('ref_axis',(0.,-1.,0.));
#11684=DIRECTION('',(0.,0.,1.));
#11685=DIRECTION('',(0.,-1.,0.));
#11686=DIRECTION('',(0.,0.,1.));
#11687=DIRECTION('center_axis',(0.,1.,0.));
#11688=DIRECTION('ref_axis',(-1.,0.,0.));
#11689=DIRECTION('',(1.,0.,0.));
#11690=DIRECTION('',(0.,0.,1.));
#11691=DIRECTION('',(-1.,0.,0.));
#11692=DIRECTION('center_axis',(1.,0.,0.));
#11693=DIRECTION('ref_axis',(0.,0.,-1.));
#11694=DIRECTION('',(0.,1.,0.));
#11695=DIRECTION('',(0.,0.,1.));
#11696=DIRECTION('',(0.,-0.707106781186547,0.707106781186548));
#11697=DIRECTION('',(0.,0.707106781186547,0.707106781186548));
#11698=DIRECTION('',(0.,1.,0.));
#11699=DIRECTION('',(0.,0.,-1.));
#11700=DIRECTION('center_axis',(0.,1.,0.));
#11701=DIRECTION('ref_axis',(0.,0.,1.));
#11702=DIRECTION('',(1.,0.,0.));
#11703=DIRECTION('',(1.,0.,0.));
#11704=DIRECTION('',(0.,0.,1.));
#11705=DIRECTION('center_axis',(0.,-0.707106781186548,-0.707106781186547));
#11706=DIRECTION('ref_axis',(0.,0.707106781186547,-0.707106781186548));
#11707=DIRECTION('',(1.,0.,0.));
#11708=DIRECTION('',(0.,0.707106781186547,-0.707106781186548));
#11709=DIRECTION('',(1.,0.,0.));
#11710=DIRECTION('',(-1.,0.,0.));
#11711=DIRECTION('center_axis',(0.,-0.707106781186548,0.707106781186547));
#11712=DIRECTION('ref_axis',(0.,-0.707106781186547,-0.707106781186548));
#11713=DIRECTION('',(0.,-0.707106781186547,-0.707106781186548));
#11714=DIRECTION('',(1.,0.,0.));
#11715=DIRECTION('center_axis',(0.,0.,1.));
#11716=DIRECTION('ref_axis',(0.,-1.,0.));
#11717=DIRECTION('',(0.,-1.,0.));
#11718=DIRECTION('center_axis',(1.,0.,0.));
#11719=DIRECTION('ref_axis',(0.,1.,0.));
#11720=DIRECTION('',(0.,1.,0.));
#11721=DIRECTION('',(0.,1.,0.));
#11722=DIRECTION('',(0.,0.,1.));
#11723=DIRECTION('center_axis',(1.,0.,0.));
#11724=DIRECTION('ref_axis',(0.,0.,-1.));
#11725=DIRECTION('',(0.,-1.,0.));
#11726=DIRECTION('',(0.,0.,1.));
#11727=DIRECTION('',(0.,0.707106781186547,0.707106781186548));
#11728=DIRECTION('',(0.,-0.707106781186547,0.707106781186548));
#11729=DIRECTION('',(0.,-1.,0.));
#11730=DIRECTION('',(0.,0.,-1.));
#11731=DIRECTION('center_axis',(0.,0.,1.));
#11732=DIRECTION('ref_axis',(0.,-1.,0.));
#11733=DIRECTION('',(0.,-1.,0.));
#11734=DIRECTION('',(1.,0.,0.));
#11735=DIRECTION('',(1.,0.,0.));
#11736=DIRECTION('center_axis',(0.,0.707106781186548,0.707106781186547));
#11737=DIRECTION('ref_axis',(0.,-0.707106781186547,0.707106781186548));
#11738=DIRECTION('',(0.,-0.707106781186547,0.707106781186548));
#11739=DIRECTION('',(1.,0.,0.));
#11740=DIRECTION('center_axis',(0.,0.707106781186548,-0.707106781186547));
#11741=DIRECTION('ref_axis',(0.,0.707106781186547,0.707106781186548));
#11742=DIRECTION('',(0.,0.707106781186547,0.707106781186548));
#11743=DIRECTION('',(1.,0.,0.));
#11744=DIRECTION('center_axis',(0.,-1.,0.));
#11745=DIRECTION('ref_axis',(0.,0.,-1.));
#11746=DIRECTION('',(-1.,0.,0.));
#11747=DIRECTION('',(0.,0.,-1.));
#11748=DIRECTION('center_axis',(-1.,0.,0.));
#11749=DIRECTION('ref_axis',(0.,-1.,0.));
#11750=DIRECTION('',(0.,0.,-1.));
#11751=DIRECTION('',(0.,-1.,0.));
#11752=DIRECTION('',(0.,-1.,0.));
#11753=DIRECTION('',(0.,0.,1.));
#11754=DIRECTION('',(0.,-1.,0.));
#11755=DIRECTION('',(0.,0.,1.));
#11756=DIRECTION('',(0.,-1.,0.));
#11757=DIRECTION('center_axis',(0.,-1.,0.));
#11758=DIRECTION('ref_axis',(1.,0.,0.));
#11759=DIRECTION('',(1.,0.,0.));
#11760=DIRECTION('',(-1.,0.,0.));
#11761=DIRECTION('center_axis',(0.,0.,1.));
#11762=DIRECTION('ref_axis',(1.,0.,0.));
#11763=DIRECTION('',(-1.,0.,0.));
#11764=DIRECTION('center_axis',(0.,0.,1.));
#11765=DIRECTION('ref_axis',(1.,0.,0.));
#11766=DIRECTION('',(1.,0.,0.));
#11767=DIRECTION('',(1.,0.,0.));
#11768=DIRECTION('',(0.,1.,0.));
#11769=DIRECTION('',(-1.,0.,0.));
#11770=DIRECTION('center_axis',(0.,0.,1.));
#11771=DIRECTION('ref_axis',(1.,0.,0.));
#11772=DIRECTION('',(1.,0.,0.));
#11773=DIRECTION('',(0.,-1.,0.));
#11774=DIRECTION('',(1.,0.,0.));
#11775=DIRECTION('',(0.,1.,0.));
#11776=DIRECTION('',(-1.,0.,0.));
#11777=DIRECTION('',(1.,0.,0.));
#11778=DIRECTION('',(0.,1.,0.));
#11779=DIRECTION('',(1.,0.,0.));
#11780=DIRECTION('center_axis',(0.,1.,0.));
#11781=DIRECTION('ref_axis',(-1.,0.,0.));
#11782=DIRECTION('',(-1.,0.,0.));
#11783=DIRECTION('center_axis',(0.,0.,1.));
#11784=DIRECTION('ref_axis',(1.,0.,0.));
#11785=DIRECTION('',(-1.,0.,0.));
#11786=DIRECTION('',(0.,1.,0.));
#11787=DIRECTION('',(-1.,0.,0.));
#11788=DIRECTION('',(1.,0.,0.));
#11789=DIRECTION('center_axis',(0.,-1.,0.));
#11790=DIRECTION('ref_axis',(1.,0.,0.));
#11791=DIRECTION('',(0.,0.,1.));
#11792=DIRECTION('center_axis',(1.,0.,0.));
#11793=DIRECTION('ref_axis',(0.,1.,0.));
#11794=DIRECTION('',(0.,0.,-1.));
#11795=DIRECTION('center_axis',(0.,-1.,0.));
#11796=DIRECTION('ref_axis',(1.,0.,0.));
#11797=DIRECTION('',(0.,0.,1.));
#11798=DIRECTION('center_axis',(0.,-1.,0.));
#11799=DIRECTION('ref_axis',(1.,0.,0.));
#11800=DIRECTION('',(0.,0.,1.));
#11801=DIRECTION('center_axis',(-1.,0.,0.));
#11802=DIRECTION('ref_axis',(0.,-1.,0.));
#11803=DIRECTION('center_axis',(0.,1.,0.));
#11804=DIRECTION('ref_axis',(-1.,0.,0.));
#11805=DIRECTION('center_axis',(0.,-1.,0.));
#11806=DIRECTION('ref_axis',(1.,0.,0.));
#11807=DIRECTION('',(0.,0.,1.));
#11808=DIRECTION('center_axis',(1.,0.,0.));
#11809=DIRECTION('ref_axis',(0.,1.,0.));
#11810=DIRECTION('center_axis',(0.,-1.,0.));
#11811=DIRECTION('ref_axis',(0.,0.,1.));
#11812=DIRECTION('',(-8.65956056235493E-17,-0.707106781186547,-0.707106781186548));
#11813=DIRECTION('center_axis',(0.,-1.,0.));
#11814=DIRECTION('ref_axis',(0.,0.,1.));
#11815=DIRECTION('center_axis',(0.,1.,0.));
#11816=DIRECTION('ref_axis',(0.,0.,1.));
#11817=DIRECTION('center_axis',(0.,1.,0.));
#11818=DIRECTION('ref_axis',(0.,0.,1.));
#11819=DIRECTION('',(8.65956056235493E-17,-0.707106781186547,0.707106781186548));
#11820=DIRECTION('center_axis',(0.,0.,1.));
#11821=DIRECTION('ref_axis',(1.,0.,0.));
#11822=DIRECTION('',(0.,1.,0.));
#11823=DIRECTION('',(-1.,0.,0.));
#11824=DIRECTION('',(0.,1.,0.));
#11825=DIRECTION('',(1.,0.,0.));
#11826=DIRECTION('center_axis',(-1.,0.,0.));
#11827=DIRECTION('ref_axis',(0.,0.,1.));
#11828=DIRECTION('',(0.,-0.707106781186547,0.707106781186548));
#11829=DIRECTION('',(0.,0.,1.));
#11830=DIRECTION('',(0.,1.,0.));
#11831=DIRECTION('',(0.,0.,-1.));
#11832=DIRECTION('center_axis',(0.707106781186547,0.,-0.707106781186548));
#11833=DIRECTION('ref_axis',(-0.707106781186548,0.,-0.707106781186547));
#11834=DIRECTION('',(0.,-1.,0.));
#11835=DIRECTION('',(-0.707106781186548,0.,-0.707106781186547));
#11836=DIRECTION('',(0.,1.,0.));
#11837=DIRECTION('',(0.707106781186548,0.,0.707106781186547));
#11838=DIRECTION('',(-0.577350269189626,-0.577350269189626,-0.577350269189626));
#11839=DIRECTION('center_axis',(0.707106781186547,0.,0.707106781186548));
#11840=DIRECTION('ref_axis',(0.707106781186548,0.,-0.707106781186547));
#11841=DIRECTION('',(-0.707106781186548,0.,0.707106781186547));
#11842=DIRECTION('',(0.707106781186548,0.,-0.707106781186547));
#11843=DIRECTION('center_axis',(0.,1.,0.));
#11844=DIRECTION('ref_axis',(-1.,0.,0.));
#11845=DIRECTION('',(0.,0.,-1.));
#11846=DIRECTION('',(0.,0.,1.));
#11847=DIRECTION('',(-1.,0.,0.));
#11848=DIRECTION('center_axis',(1.,0.,0.));
#11849=DIRECTION('ref_axis',(0.,1.,0.));
#11850=DIRECTION('',(0.,-0.707106781186548,-0.707106781186547));
#11851=DIRECTION('',(0.,0.,1.));
#11852=DIRECTION('',(0.,1.,0.));
#11853=DIRECTION('center_axis',(0.,0.707106781186547,-0.707106781186548));
#11854=DIRECTION('ref_axis',(0.,0.707106781186548,0.707106781186547));
#11855=DIRECTION('',(-1.,0.,0.));
#11856=DIRECTION('center_axis',(-1.,0.,0.));
#11857=DIRECTION('ref_axis',(0.,0.,1.));
#11858=DIRECTION('',(0.,1.,0.));
#11859=DIRECTION('',(0.,0.,-1.));
#11860=DIRECTION('',(0.,1.,0.));
#11861=DIRECTION('',(0.,0.,1.));
#11862=DIRECTION('center_axis',(0.707106781186547,0.,-0.707106781186548));
#11863=DIRECTION('ref_axis',(-0.707106781186548,0.,-0.707106781186547));
#11864=DIRECTION('',(0.577350269189626,-0.577350269189626,0.577350269189626));
#11865=DIRECTION('',(-0.707106781186548,0.,-0.707106781186547));
#11866=DIRECTION('',(0.,1.,0.));
#11867=DIRECTION('',(0.707106781186548,0.,0.707106781186547));
#11868=DIRECTION('',(0.,-1.,0.));
#11869=DIRECTION('center_axis',(0.707106781186547,0.,0.707106781186548));
#11870=DIRECTION('ref_axis',(0.707106781186548,0.,-0.707106781186547));
#11871=DIRECTION('',(-0.707106781186548,0.,0.707106781186547));
#11872=DIRECTION('',(0.707106781186548,0.,-0.707106781186547));
#11873=DIRECTION('',(0.,1.,0.));
#11874=DIRECTION('center_axis',(0.,-0.707106781186547,-0.707106781186548));
#11875=DIRECTION('ref_axis',(0.,0.707106781186548,-0.707106781186547));
#11876=DIRECTION('',(0.,-0.707106781186548,0.707106781186547));
#11877=DIRECTION('',(1.,0.,0.));
#11878=DIRECTION('center_axis',(1.,0.,0.));
#11879=DIRECTION('ref_axis',(0.,1.,0.));
#11880=DIRECTION('',(0.,0.,1.));
#11881=DIRECTION('',(0.,1.,0.));
#11882=DIRECTION('',(0.,0.,1.));
#11883=DIRECTION('center_axis',(0.,-1.,0.));
#11884=DIRECTION('ref_axis',(1.,0.,0.));
#11885=DIRECTION('center_axis',(0.,1.,0.));
#11886=DIRECTION('ref_axis',(1.,0.,0.));
#11887=DIRECTION('',(0.707106781186547,0.707106781186548,-8.65956056235493E-17));
#11888=DIRECTION('center_axis',(0.,-1.,0.));
#11889=DIRECTION('ref_axis',(1.,0.,0.));
#11890=DIRECTION('center_axis',(-0.707106781186548,0.,-0.707106781186547));
#11891=DIRECTION('ref_axis',(-0.707106781186547,0.,0.707106781186548));
#11892=DIRECTION('',(0.,1.,0.));
#11893=DIRECTION('',(0.707106781186547,0.,-0.707106781186548));
#11894=DIRECTION('',(0.,1.,0.));
#11895=DIRECTION('',(-0.707106781186547,0.,0.707106781186548));
#11896=DIRECTION('center_axis',(-0.707106781186548,0.,0.707106781186547));
#11897=DIRECTION('ref_axis',(0.707106781186547,0.,0.707106781186548));
#11898=DIRECTION('',(-0.707106781186547,0.,-0.707106781186548));
#11899=DIRECTION('',(0.,1.,0.));
#11900=DIRECTION('',(0.707106781186547,0.,0.707106781186548));
#11901=DIRECTION('center_axis',(0.,1.,0.));
#11902=DIRECTION('ref_axis',(-1.,0.,0.));
#11903=DIRECTION('',(-1.,0.,0.));
#11904=DIRECTION('',(0.,0.,1.));
#11905=DIRECTION('',(-1.,0.,0.));
#11906=DIRECTION('',(0.,0.,1.));
#11907=DIRECTION('center_axis',(0.,1.,0.));
#11908=DIRECTION('ref_axis',(1.,0.,0.));
#11909=DIRECTION('center_axis',(0.,-1.,0.));
#11910=DIRECTION('ref_axis',(1.,0.,0.));
#11911=DIRECTION('',(0.707106781186547,-0.707106781186548,8.65956056235493E-17));
#11912=DIRECTION('center_axis',(0.,1.,0.));
#11913=DIRECTION('ref_axis',(1.,0.,0.));
#11914=DIRECTION('center_axis',(-0.707106781186548,0.,-0.707106781186547));
#11915=DIRECTION('ref_axis',(-0.707106781186547,0.,0.707106781186548));
#11916=DIRECTION('',(0.,1.,0.));
#11917=DIRECTION('',(0.707106781186547,0.,-0.707106781186548));
#11918=DIRECTION('',(0.,1.,0.));
#11919=DIRECTION('',(-0.707106781186547,0.,0.707106781186548));
#11920=DIRECTION('center_axis',(-0.707106781186548,0.,0.707106781186547));
#11921=DIRECTION('ref_axis',(0.707106781186547,0.,0.707106781186548));
#11922=DIRECTION('',(-0.707106781186547,0.,-0.707106781186548));
#11923=DIRECTION('',(0.,1.,0.));
#11924=DIRECTION('',(0.707106781186547,0.,0.707106781186548));
#11925=DIRECTION('center_axis',(-1.,0.,0.));
#11926=DIRECTION('ref_axis',(0.,-1.,0.));
#11927=DIRECTION('',(0.,0.,1.));
#11928=DIRECTION('',(0.,-1.,0.));
#11929=DIRECTION('',(0.,0.,1.));
#11930=DIRECTION('center_axis',(0.,1.,0.));
#11931=DIRECTION('ref_axis',(-1.,0.,0.));
#11932=DIRECTION('',(1.,0.,0.));
#11933=DIRECTION('',(0.,0.,1.));
#11934=DIRECTION('',(-1.,0.,0.));
#11935=DIRECTION('center_axis',(1.,0.,0.));
#11936=DIRECTION('ref_axis',(0.,0.,-1.));
#11937=DIRECTION('',(0.,1.,0.));
#11938=DIRECTION('',(0.,0.,1.));
#11939=DIRECTION('',(0.,-0.707106781186547,0.707106781186548));
#11940=DIRECTION('',(0.,0.707106781186547,0.707106781186548));
#11941=DIRECTION('',(0.,1.,0.));
#11942=DIRECTION('',(0.,0.,-1.));
#11943=DIRECTION('center_axis',(0.,1.,0.));
#11944=DIRECTION('ref_axis',(0.,0.,1.));
#11945=DIRECTION('',(1.,0.,0.));
#11946=DIRECTION('',(1.,0.,0.));
#11947=DIRECTION('',(0.,0.,1.));
#11948=DIRECTION('center_axis',(0.,-0.707106781186548,-0.707106781186547));
#11949=DIRECTION('ref_axis',(0.,0.707106781186547,-0.707106781186548));
#11950=DIRECTION('',(1.,0.,0.));
#11951=DIRECTION('',(0.,0.707106781186547,-0.707106781186548));
#11952=DIRECTION('',(1.,0.,0.));
#11953=DIRECTION('',(-1.,0.,0.));
#11954=DIRECTION('center_axis',(0.,-0.707106781186548,0.707106781186547));
#11955=DIRECTION('ref_axis',(0.,-0.707106781186547,-0.707106781186548));
#11956=DIRECTION('',(0.,-0.707106781186547,-0.707106781186548));
#11957=DIRECTION('',(1.,0.,0.));
#11958=DIRECTION('center_axis',(0.,0.,1.));
#11959=DIRECTION('ref_axis',(0.,-1.,0.));
#11960=DIRECTION('',(0.,-1.,0.));
#11961=DIRECTION('center_axis',(1.,0.,0.));
#11962=DIRECTION('ref_axis',(0.,1.,0.));
#11963=DIRECTION('',(0.,1.,0.));
#11964=DIRECTION('',(0.,1.,0.));
#11965=DIRECTION('',(0.,0.,1.));
#11966=DIRECTION('center_axis',(1.,0.,0.));
#11967=DIRECTION('ref_axis',(0.,0.,-1.));
#11968=DIRECTION('',(0.,-1.,0.));
#11969=DIRECTION('',(0.,0.,1.));
#11970=DIRECTION('',(0.,0.707106781186547,0.707106781186548));
#11971=DIRECTION('',(0.,-0.707106781186547,0.707106781186548));
#11972=DIRECTION('',(0.,-1.,0.));
#11973=DIRECTION('',(0.,0.,-1.));
#11974=DIRECTION('center_axis',(0.,0.,1.));
#11975=DIRECTION('ref_axis',(0.,-1.,0.));
#11976=DIRECTION('',(0.,-1.,0.));
#11977=DIRECTION('',(1.,0.,0.));
#11978=DIRECTION('',(1.,0.,0.));
#11979=DIRECTION('center_axis',(0.,0.707106781186548,0.707106781186547));
#11980=DIRECTION('ref_axis',(0.,-0.707106781186547,0.707106781186548));
#11981=DIRECTION('',(0.,-0.707106781186547,0.707106781186548));
#11982=DIRECTION('',(1.,0.,0.));
#11983=DIRECTION('center_axis',(0.,0.707106781186548,-0.707106781186547));
#11984=DIRECTION('ref_axis',(0.,0.707106781186547,0.707106781186548));
#11985=DIRECTION('',(0.,0.707106781186547,0.707106781186548));
#11986=DIRECTION('',(1.,0.,0.));
#11987=DIRECTION('center_axis',(0.,-1.,0.));
#11988=DIRECTION('ref_axis',(0.,0.,-1.));
#11989=DIRECTION('',(-1.,0.,0.));
#11990=DIRECTION('',(0.,0.,-1.));
#11991=DIRECTION('center_axis',(-1.,0.,0.));
#11992=DIRECTION('ref_axis',(0.,-1.,0.));
#11993=DIRECTION('',(0.,0.,-1.));
#11994=DIRECTION('',(0.,-1.,0.));
#11995=DIRECTION('',(0.,-1.,0.));
#11996=DIRECTION('',(0.,0.,1.));
#11997=DIRECTION('',(0.,-1.,0.));
#11998=DIRECTION('',(0.,0.,1.));
#11999=DIRECTION('',(0.,-1.,0.));
#12000=DIRECTION('center_axis',(0.,-1.,0.));
#12001=DIRECTION('ref_axis',(1.,0.,0.));
#12002=DIRECTION('',(1.,0.,0.));
#12003=DIRECTION('',(-1.,0.,0.));
#12004=DIRECTION('center_axis',(0.,0.,1.));
#12005=DIRECTION('ref_axis',(1.,0.,0.));
#12006=DIRECTION('',(-1.,0.,0.));
#12007=DIRECTION('center_axis',(0.,0.,1.));
#12008=DIRECTION('ref_axis',(1.,0.,0.));
#12009=DIRECTION('',(1.,0.,0.));
#12010=DIRECTION('',(1.,0.,0.));
#12011=DIRECTION('',(0.,1.,0.));
#12012=DIRECTION('',(-1.,0.,0.));
#12013=DIRECTION('center_axis',(0.,0.,1.));
#12014=DIRECTION('ref_axis',(1.,0.,0.));
#12015=DIRECTION('',(1.,0.,0.));
#12016=DIRECTION('',(0.,-1.,0.));
#12017=DIRECTION('',(1.,0.,0.));
#12018=DIRECTION('',(0.,1.,0.));
#12019=DIRECTION('',(-1.,0.,0.));
#12020=DIRECTION('',(1.,0.,0.));
#12021=DIRECTION('',(0.,1.,0.));
#12022=DIRECTION('',(1.,0.,0.));
#12023=DIRECTION('center_axis',(0.,1.,0.));
#12024=DIRECTION('ref_axis',(-1.,0.,0.));
#12025=DIRECTION('',(-1.,0.,0.));
#12026=DIRECTION('center_axis',(0.,0.,1.));
#12027=DIRECTION('ref_axis',(1.,0.,0.));
#12028=DIRECTION('',(-1.,0.,0.));
#12029=DIRECTION('',(0.,1.,0.));
#12030=DIRECTION('',(-1.,0.,0.));
#12031=DIRECTION('',(1.,0.,0.));
#12032=DIRECTION('center_axis',(0.,-1.,0.));
#12033=DIRECTION('ref_axis',(1.,0.,0.));
#12034=DIRECTION('',(0.,0.,1.));
#12035=DIRECTION('center_axis',(1.,0.,0.));
#12036=DIRECTION('ref_axis',(0.,1.,0.));
#12037=DIRECTION('',(0.,0.,-1.));
#12038=DIRECTION('center_axis',(0.,-1.,0.));
#12039=DIRECTION('ref_axis',(1.,0.,0.));
#12040=DIRECTION('',(0.,0.,1.));
#12041=DIRECTION('center_axis',(0.,-1.,0.));
#12042=DIRECTION('ref_axis',(1.,0.,0.));
#12043=DIRECTION('',(0.,0.,1.));
#12044=DIRECTION('center_axis',(-1.,0.,0.));
#12045=DIRECTION('ref_axis',(0.,-1.,0.));
#12046=DIRECTION('center_axis',(0.,1.,0.));
#12047=DIRECTION('ref_axis',(-1.,0.,0.));
#12048=DIRECTION('center_axis',(0.,-1.,0.));
#12049=DIRECTION('ref_axis',(1.,0.,0.));
#12050=DIRECTION('',(0.,0.,1.));
#12051=DIRECTION('center_axis',(1.,0.,0.));
#12052=DIRECTION('ref_axis',(0.,1.,0.));
#12053=DIRECTION('center_axis',(0.,-1.,0.));
#12054=DIRECTION('ref_axis',(0.,0.,1.));
#12055=DIRECTION('',(-8.65956056235493E-17,-0.707106781186547,-0.707106781186548));
#12056=DIRECTION('center_axis',(0.,-1.,0.));
#12057=DIRECTION('ref_axis',(0.,0.,1.));
#12058=DIRECTION('center_axis',(0.,1.,0.));
#12059=DIRECTION('ref_axis',(0.,0.,1.));
#12060=DIRECTION('center_axis',(0.,1.,0.));
#12061=DIRECTION('ref_axis',(0.,0.,1.));
#12062=DIRECTION('',(8.65956056235493E-17,-0.707106781186547,0.707106781186548));
#12063=DIRECTION('center_axis',(0.,0.,1.));
#12064=DIRECTION('ref_axis',(1.,0.,0.));
#12065=DIRECTION('',(0.,1.,0.));
#12066=DIRECTION('',(-1.,0.,0.));
#12067=DIRECTION('',(0.,1.,0.));
#12068=DIRECTION('',(1.,0.,0.));
#12069=DIRECTION('center_axis',(-1.,0.,0.));
#12070=DIRECTION('ref_axis',(0.,0.,1.));
#12071=DIRECTION('',(0.,-0.707106781186547,0.707106781186548));
#12072=DIRECTION('',(0.,0.,1.));
#12073=DIRECTION('',(0.,1.,0.));
#12074=DIRECTION('',(0.,0.,-1.));
#12075=DIRECTION('center_axis',(0.707106781186547,0.,-0.707106781186548));
#12076=DIRECTION('ref_axis',(-0.707106781186548,0.,-0.707106781186547));
#12077=DIRECTION('',(0.,-1.,0.));
#12078=DIRECTION('',(-0.707106781186548,0.,-0.707106781186547));
#12079=DIRECTION('',(0.,1.,0.));
#12080=DIRECTION('',(0.707106781186548,0.,0.707106781186547));
#12081=DIRECTION('',(-0.577350269189626,-0.577350269189626,-0.577350269189626));
#12082=DIRECTION('center_axis',(0.707106781186547,0.,0.707106781186548));
#12083=DIRECTION('ref_axis',(0.707106781186548,0.,-0.707106781186547));
#12084=DIRECTION('',(-0.707106781186548,0.,0.707106781186547));
#12085=DIRECTION('',(0.707106781186548,0.,-0.707106781186547));
#12086=DIRECTION('center_axis',(0.,1.,0.));
#12087=DIRECTION('ref_axis',(-1.,0.,0.));
#12088=DIRECTION('',(0.,0.,-1.));
#12089=DIRECTION('',(0.,0.,1.));
#12090=DIRECTION('',(-1.,0.,0.));
#12091=DIRECTION('center_axis',(1.,0.,0.));
#12092=DIRECTION('ref_axis',(0.,1.,0.));
#12093=DIRECTION('',(0.,-0.707106781186548,-0.707106781186547));
#12094=DIRECTION('',(0.,0.,1.));
#12095=DIRECTION('',(0.,1.,0.));
#12096=DIRECTION('center_axis',(0.,0.707106781186547,-0.707106781186548));
#12097=DIRECTION('ref_axis',(0.,0.707106781186548,0.707106781186547));
#12098=DIRECTION('',(-1.,0.,0.));
#12099=DIRECTION('center_axis',(-1.,0.,0.));
#12100=DIRECTION('ref_axis',(0.,0.,1.));
#12101=DIRECTION('',(0.,1.,0.));
#12102=DIRECTION('',(0.,0.,-1.));
#12103=DIRECTION('',(0.,1.,0.));
#12104=DIRECTION('',(0.,0.,1.));
#12105=DIRECTION('center_axis',(0.707106781186547,0.,-0.707106781186548));
#12106=DIRECTION('ref_axis',(-0.707106781186548,0.,-0.707106781186547));
#12107=DIRECTION('',(0.577350269189626,-0.577350269189626,0.577350269189626));
#12108=DIRECTION('',(-0.707106781186548,0.,-0.707106781186547));
#12109=DIRECTION('',(0.,1.,0.));
#12110=DIRECTION('',(0.707106781186548,0.,0.707106781186547));
#12111=DIRECTION('',(0.,-1.,0.));
#12112=DIRECTION('center_axis',(0.707106781186547,0.,0.707106781186548));
#12113=DIRECTION('ref_axis',(0.707106781186548,0.,-0.707106781186547));
#12114=DIRECTION('',(-0.707106781186548,0.,0.707106781186547));
#12115=DIRECTION('',(0.707106781186548,0.,-0.707106781186547));
#12116=DIRECTION('',(0.,1.,0.));
#12117=DIRECTION('center_axis',(0.,-0.707106781186547,-0.707106781186548));
#12118=DIRECTION('ref_axis',(0.,0.707106781186548,-0.707106781186547));
#12119=DIRECTION('',(0.,-0.707106781186548,0.707106781186547));
#12120=DIRECTION('',(1.,0.,0.));
#12121=DIRECTION('center_axis',(1.,0.,0.));
#12122=DIRECTION('ref_axis',(0.,1.,0.));
#12123=DIRECTION('',(0.,0.,1.));
#12124=DIRECTION('',(0.,1.,0.));
#12125=DIRECTION('',(0.,0.,1.));
#12126=DIRECTION('center_axis',(0.,-1.,0.));
#12127=DIRECTION('ref_axis',(1.,0.,0.));
#12128=DIRECTION('center_axis',(0.,1.,0.));
#12129=DIRECTION('ref_axis',(1.,0.,0.));
#12130=DIRECTION('',(0.707106781186547,0.707106781186548,-8.65956056235493E-17));
#12131=DIRECTION('center_axis',(0.,-1.,0.));
#12132=DIRECTION('ref_axis',(1.,0.,0.));
#12133=DIRECTION('center_axis',(-0.707106781186548,0.,-0.707106781186547));
#12134=DIRECTION('ref_axis',(-0.707106781186547,0.,0.707106781186548));
#12135=DIRECTION('',(0.,1.,0.));
#12136=DIRECTION('',(0.707106781186547,0.,-0.707106781186548));
#12137=DIRECTION('',(0.,1.,0.));
#12138=DIRECTION('',(-0.707106781186547,0.,0.707106781186548));
#12139=DIRECTION('center_axis',(-0.707106781186548,0.,0.707106781186547));
#12140=DIRECTION('ref_axis',(0.707106781186547,0.,0.707106781186548));
#12141=DIRECTION('',(-0.707106781186547,0.,-0.707106781186548));
#12142=DIRECTION('',(0.,1.,0.));
#12143=DIRECTION('',(0.707106781186547,0.,0.707106781186548));
#12144=DIRECTION('center_axis',(0.,1.,0.));
#12145=DIRECTION('ref_axis',(-1.,0.,0.));
#12146=DIRECTION('',(-1.,0.,0.));
#12147=DIRECTION('',(0.,0.,1.));
#12148=DIRECTION('',(-1.,0.,0.));
#12149=DIRECTION('',(0.,0.,1.));
#12150=DIRECTION('center_axis',(0.,1.,0.));
#12151=DIRECTION('ref_axis',(1.,0.,0.));
#12152=DIRECTION('center_axis',(0.,-1.,0.));
#12153=DIRECTION('ref_axis',(1.,0.,0.));
#12154=DIRECTION('',(0.707106781186547,-0.707106781186548,8.65956056235493E-17));
#12155=DIRECTION('center_axis',(0.,1.,0.));
#12156=DIRECTION('ref_axis',(1.,0.,0.));
#12157=DIRECTION('center_axis',(-0.707106781186548,0.,-0.707106781186547));
#12158=DIRECTION('ref_axis',(-0.707106781186547,0.,0.707106781186548));
#12159=DIRECTION('',(0.,1.,0.));
#12160=DIRECTION('',(0.707106781186547,0.,-0.707106781186548));
#12161=DIRECTION('',(0.,1.,0.));
#12162=DIRECTION('',(-0.707106781186547,0.,0.707106781186548));
#12163=DIRECTION('center_axis',(-0.707106781186548,0.,0.707106781186547));
#12164=DIRECTION('ref_axis',(0.707106781186547,0.,0.707106781186548));
#12165=DIRECTION('',(-0.707106781186547,0.,-0.707106781186548));
#12166=DIRECTION('',(0.,1.,0.));
#12167=DIRECTION('',(0.707106781186547,0.,0.707106781186548));
#12168=DIRECTION('center_axis',(-1.,0.,0.));
#12169=DIRECTION('ref_axis',(0.,-1.,0.));
#12170=DIRECTION('',(0.,0.,1.));
#12171=DIRECTION('',(0.,-1.,0.));
#12172=DIRECTION('',(0.,0.,1.));
#12173=DIRECTION('center_axis',(0.,1.,0.));
#12174=DIRECTION('ref_axis',(-1.,0.,0.));
#12175=DIRECTION('',(1.,0.,0.));
#12176=DIRECTION('',(0.,0.,1.));
#12177=DIRECTION('',(-1.,0.,0.));
#12178=DIRECTION('center_axis',(1.,0.,0.));
#12179=DIRECTION('ref_axis',(0.,0.,-1.));
#12180=DIRECTION('',(0.,1.,0.));
#12181=DIRECTION('',(0.,0.,1.));
#12182=DIRECTION('',(0.,-0.707106781186547,0.707106781186548));
#12183=DIRECTION('',(0.,0.707106781186547,0.707106781186548));
#12184=DIRECTION('',(0.,1.,0.));
#12185=DIRECTION('',(0.,0.,-1.));
#12186=DIRECTION('center_axis',(0.,1.,0.));
#12187=DIRECTION('ref_axis',(0.,0.,1.));
#12188=DIRECTION('',(1.,0.,0.));
#12189=DIRECTION('',(1.,0.,0.));
#12190=DIRECTION('',(0.,0.,1.));
#12191=DIRECTION('center_axis',(0.,-0.707106781186548,-0.707106781186547));
#12192=DIRECTION('ref_axis',(0.,0.707106781186547,-0.707106781186548));
#12193=DIRECTION('',(1.,0.,0.));
#12194=DIRECTION('',(0.,0.707106781186547,-0.707106781186548));
#12195=DIRECTION('',(1.,0.,0.));
#12196=DIRECTION('',(-1.,0.,0.));
#12197=DIRECTION('center_axis',(0.,-0.707106781186548,0.707106781186547));
#12198=DIRECTION('ref_axis',(0.,-0.707106781186547,-0.707106781186548));
#12199=DIRECTION('',(0.,-0.707106781186547,-0.707106781186548));
#12200=DIRECTION('',(1.,0.,0.));
#12201=DIRECTION('center_axis',(0.,0.,1.));
#12202=DIRECTION('ref_axis',(0.,-1.,0.));
#12203=DIRECTION('',(0.,-1.,0.));
#12204=DIRECTION('center_axis',(1.,0.,0.));
#12205=DIRECTION('ref_axis',(0.,1.,0.));
#12206=DIRECTION('',(0.,1.,0.));
#12207=DIRECTION('',(0.,1.,0.));
#12208=DIRECTION('',(0.,0.,1.));
#12209=DIRECTION('center_axis',(1.,0.,0.));
#12210=DIRECTION('ref_axis',(0.,0.,-1.));
#12211=DIRECTION('',(0.,-1.,0.));
#12212=DIRECTION('',(0.,0.,1.));
#12213=DIRECTION('',(0.,0.707106781186547,0.707106781186548));
#12214=DIRECTION('',(0.,-0.707106781186547,0.707106781186548));
#12215=DIRECTION('',(0.,-1.,0.));
#12216=DIRECTION('',(0.,0.,-1.));
#12217=DIRECTION('center_axis',(0.,0.,1.));
#12218=DIRECTION('ref_axis',(0.,-1.,0.));
#12219=DIRECTION('',(0.,-1.,0.));
#12220=DIRECTION('',(1.,0.,0.));
#12221=DIRECTION('',(1.,0.,0.));
#12222=DIRECTION('center_axis',(0.,0.707106781186548,0.707106781186547));
#12223=DIRECTION('ref_axis',(0.,-0.707106781186547,0.707106781186548));
#12224=DIRECTION('',(0.,-0.707106781186547,0.707106781186548));
#12225=DIRECTION('',(1.,0.,0.));
#12226=DIRECTION('center_axis',(0.,0.707106781186548,-0.707106781186547));
#12227=DIRECTION('ref_axis',(0.,0.707106781186547,0.707106781186548));
#12228=DIRECTION('',(0.,0.707106781186547,0.707106781186548));
#12229=DIRECTION('',(1.,0.,0.));
#12230=DIRECTION('center_axis',(0.,-1.,0.));
#12231=DIRECTION('ref_axis',(0.,0.,-1.));
#12232=DIRECTION('',(-1.,0.,0.));
#12233=DIRECTION('',(0.,0.,-1.));
#12234=DIRECTION('center_axis',(-1.,0.,0.));
#12235=DIRECTION('ref_axis',(0.,-1.,0.));
#12236=DIRECTION('',(0.,0.,-1.));
#12237=DIRECTION('',(0.,-1.,0.));
#12238=DIRECTION('',(0.,-1.,0.));
#12239=DIRECTION('',(0.,0.,1.));
#12240=DIRECTION('',(0.,-1.,0.));
#12241=DIRECTION('',(0.,0.,1.));
#12242=DIRECTION('',(0.,-1.,0.));
#12243=DIRECTION('center_axis',(0.,-1.,0.));
#12244=DIRECTION('ref_axis',(1.,0.,0.));
#12245=DIRECTION('',(1.,0.,0.));
#12246=DIRECTION('',(-1.,0.,0.));
#12247=DIRECTION('center_axis',(0.,0.,1.));
#12248=DIRECTION('ref_axis',(1.,0.,0.));
#12249=DIRECTION('',(-1.,0.,0.));
#12250=DIRECTION('center_axis',(0.,0.,1.));
#12251=DIRECTION('ref_axis',(1.,0.,0.));
#12252=DIRECTION('',(1.,0.,0.));
#12253=DIRECTION('',(1.,0.,0.));
#12254=DIRECTION('',(0.,1.,0.));
#12255=DIRECTION('',(-1.,0.,0.));
#12256=DIRECTION('center_axis',(0.,0.,1.));
#12257=DIRECTION('ref_axis',(1.,0.,0.));
#12258=DIRECTION('',(1.,0.,0.));
#12259=DIRECTION('',(0.,-1.,0.));
#12260=DIRECTION('',(1.,0.,0.));
#12261=DIRECTION('',(0.,1.,0.));
#12262=DIRECTION('',(-1.,0.,0.));
#12263=DIRECTION('',(1.,0.,0.));
#12264=DIRECTION('',(0.,1.,0.));
#12265=DIRECTION('',(1.,0.,0.));
#12266=DIRECTION('center_axis',(0.,1.,0.));
#12267=DIRECTION('ref_axis',(-1.,0.,0.));
#12268=DIRECTION('',(-1.,0.,0.));
#12269=DIRECTION('center_axis',(0.,0.,1.));
#12270=DIRECTION('ref_axis',(1.,0.,0.));
#12271=DIRECTION('',(-1.,0.,0.));
#12272=DIRECTION('',(0.,1.,0.));
#12273=DIRECTION('',(-1.,0.,0.));
#12274=DIRECTION('',(1.,0.,0.));
#12275=DIRECTION('center_axis',(0.,-1.,0.));
#12276=DIRECTION('ref_axis',(1.,0.,0.));
#12277=DIRECTION('',(0.,0.,1.));
#12278=DIRECTION('center_axis',(1.,0.,0.));
#12279=DIRECTION('ref_axis',(0.,1.,0.));
#12280=DIRECTION('',(0.,0.,-1.));
#12281=DIRECTION('center_axis',(0.,-1.,0.));
#12282=DIRECTION('ref_axis',(1.,0.,0.));
#12283=DIRECTION('',(0.,0.,1.));
#12284=DIRECTION('center_axis',(0.,-1.,0.));
#12285=DIRECTION('ref_axis',(1.,0.,0.));
#12286=DIRECTION('',(0.,0.,1.));
#12287=DIRECTION('center_axis',(-1.,0.,0.));
#12288=DIRECTION('ref_axis',(0.,-1.,0.));
#12289=DIRECTION('center_axis',(0.,1.,0.));
#12290=DIRECTION('ref_axis',(-1.,0.,0.));
#12291=DIRECTION('center_axis',(0.,-1.,0.));
#12292=DIRECTION('ref_axis',(1.,0.,0.));
#12293=DIRECTION('',(0.,0.,1.));
#12294=DIRECTION('center_axis',(1.,0.,0.));
#12295=DIRECTION('ref_axis',(0.,1.,0.));
#12296=DIRECTION('center_axis',(0.,-1.,0.));
#12297=DIRECTION('ref_axis',(0.,0.,1.));
#12298=DIRECTION('',(-8.65956056235493E-17,-0.707106781186547,-0.707106781186548));
#12299=DIRECTION('center_axis',(0.,-1.,0.));
#12300=DIRECTION('ref_axis',(0.,0.,1.));
#12301=DIRECTION('center_axis',(0.,1.,0.));
#12302=DIRECTION('ref_axis',(0.,0.,1.));
#12303=DIRECTION('center_axis',(0.,1.,0.));
#12304=DIRECTION('ref_axis',(0.,0.,1.));
#12305=DIRECTION('',(8.65956056235493E-17,-0.707106781186547,0.707106781186548));
#12306=DIRECTION('center_axis',(0.,0.,1.));
#12307=DIRECTION('ref_axis',(1.,0.,0.));
#12308=DIRECTION('',(0.,1.,0.));
#12309=DIRECTION('',(-1.,0.,0.));
#12310=DIRECTION('',(0.,1.,0.));
#12311=DIRECTION('',(1.,0.,0.));
#12312=DIRECTION('center_axis',(-1.,0.,0.));
#12313=DIRECTION('ref_axis',(0.,0.,1.));
#12314=DIRECTION('',(0.,-0.707106781186547,0.707106781186548));
#12315=DIRECTION('',(0.,0.,1.));
#12316=DIRECTION('',(0.,1.,0.));
#12317=DIRECTION('',(0.,0.,-1.));
#12318=DIRECTION('center_axis',(0.707106781186547,0.,-0.707106781186548));
#12319=DIRECTION('ref_axis',(-0.707106781186548,0.,-0.707106781186547));
#12320=DIRECTION('',(0.,-1.,0.));
#12321=DIRECTION('',(-0.707106781186548,0.,-0.707106781186547));
#12322=DIRECTION('',(0.,1.,0.));
#12323=DIRECTION('',(0.707106781186548,0.,0.707106781186547));
#12324=DIRECTION('',(-0.577350269189626,-0.577350269189626,-0.577350269189626));
#12325=DIRECTION('center_axis',(0.707106781186547,0.,0.707106781186548));
#12326=DIRECTION('ref_axis',(0.707106781186548,0.,-0.707106781186547));
#12327=DIRECTION('',(-0.707106781186548,0.,0.707106781186547));
#12328=DIRECTION('',(0.707106781186548,0.,-0.707106781186547));
#12329=DIRECTION('center_axis',(0.,1.,0.));
#12330=DIRECTION('ref_axis',(-1.,0.,0.));
#12331=DIRECTION('',(0.,0.,-1.));
#12332=DIRECTION('',(0.,0.,1.));
#12333=DIRECTION('',(-1.,0.,0.));
#12334=DIRECTION('center_axis',(1.,0.,0.));
#12335=DIRECTION('ref_axis',(0.,1.,0.));
#12336=DIRECTION('',(0.,-0.707106781186548,-0.707106781186547));
#12337=DIRECTION('',(0.,0.,1.));
#12338=DIRECTION('',(0.,1.,0.));
#12339=DIRECTION('center_axis',(0.,0.707106781186547,-0.707106781186548));
#12340=DIRECTION('ref_axis',(0.,0.707106781186548,0.707106781186547));
#12341=DIRECTION('',(-1.,0.,0.));
#12342=DIRECTION('center_axis',(-1.,0.,0.));
#12343=DIRECTION('ref_axis',(0.,0.,1.));
#12344=DIRECTION('',(0.,1.,0.));
#12345=DIRECTION('',(0.,0.,-1.));
#12346=DIRECTION('',(0.,1.,0.));
#12347=DIRECTION('',(0.,0.,1.));
#12348=DIRECTION('center_axis',(0.707106781186547,0.,-0.707106781186548));
#12349=DIRECTION('ref_axis',(-0.707106781186548,0.,-0.707106781186547));
#12350=DIRECTION('',(0.577350269189626,-0.577350269189626,0.577350269189626));
#12351=DIRECTION('',(-0.707106781186548,0.,-0.707106781186547));
#12352=DIRECTION('',(0.,1.,0.));
#12353=DIRECTION('',(0.707106781186548,0.,0.707106781186547));
#12354=DIRECTION('',(0.,-1.,0.));
#12355=DIRECTION('center_axis',(0.707106781186547,0.,0.707106781186548));
#12356=DIRECTION('ref_axis',(0.707106781186548,0.,-0.707106781186547));
#12357=DIRECTION('',(-0.707106781186548,0.,0.707106781186547));
#12358=DIRECTION('',(0.707106781186548,0.,-0.707106781186547));
#12359=DIRECTION('',(0.,1.,0.));
#12360=DIRECTION('center_axis',(0.,-0.707106781186547,-0.707106781186548));
#12361=DIRECTION('ref_axis',(0.,0.707106781186548,-0.707106781186547));
#12362=DIRECTION('',(0.,-0.707106781186548,0.707106781186547));
#12363=DIRECTION('',(1.,0.,0.));
#12364=DIRECTION('center_axis',(1.,0.,0.));
#12365=DIRECTION('ref_axis',(0.,1.,0.));
#12366=DIRECTION('',(0.,0.,1.));
#12367=DIRECTION('',(0.,1.,0.));
#12368=DIRECTION('',(0.,0.,1.));
#12369=DIRECTION('center_axis',(0.,-1.,0.));
#12370=DIRECTION('ref_axis',(1.,0.,0.));
#12371=DIRECTION('center_axis',(0.,1.,0.));
#12372=DIRECTION('ref_axis',(1.,0.,0.));
#12373=DIRECTION('',(0.707106781186547,0.707106781186548,-8.65956056235493E-17));
#12374=DIRECTION('center_axis',(0.,-1.,0.));
#12375=DIRECTION('ref_axis',(1.,0.,0.));
#12376=DIRECTION('center_axis',(-0.707106781186548,0.,-0.707106781186547));
#12377=DIRECTION('ref_axis',(-0.707106781186547,0.,0.707106781186548));
#12378=DIRECTION('',(0.,1.,0.));
#12379=DIRECTION('',(0.707106781186547,0.,-0.707106781186548));
#12380=DIRECTION('',(0.,1.,0.));
#12381=DIRECTION('',(-0.707106781186547,0.,0.707106781186548));
#12382=DIRECTION('center_axis',(-0.707106781186548,0.,0.707106781186547));
#12383=DIRECTION('ref_axis',(0.707106781186547,0.,0.707106781186548));
#12384=DIRECTION('',(-0.707106781186547,0.,-0.707106781186548));
#12385=DIRECTION('',(0.,1.,0.));
#12386=DIRECTION('',(0.707106781186547,0.,0.707106781186548));
#12387=DIRECTION('center_axis',(0.,1.,0.));
#12388=DIRECTION('ref_axis',(-1.,0.,0.));
#12389=DIRECTION('',(-1.,0.,0.));
#12390=DIRECTION('',(0.,0.,1.));
#12391=DIRECTION('',(-1.,0.,0.));
#12392=DIRECTION('',(0.,0.,1.));
#12393=DIRECTION('center_axis',(0.,1.,0.));
#12394=DIRECTION('ref_axis',(1.,0.,0.));
#12395=DIRECTION('center_axis',(0.,-1.,0.));
#12396=DIRECTION('ref_axis',(1.,0.,0.));
#12397=DIRECTION('',(0.707106781186547,-0.707106781186548,8.65956056235493E-17));
#12398=DIRECTION('center_axis',(0.,1.,0.));
#12399=DIRECTION('ref_axis',(1.,0.,0.));
#12400=DIRECTION('center_axis',(-0.707106781186548,0.,-0.707106781186547));
#12401=DIRECTION('ref_axis',(-0.707106781186547,0.,0.707106781186548));
#12402=DIRECTION('',(0.,1.,0.));
#12403=DIRECTION('',(0.707106781186547,0.,-0.707106781186548));
#12404=DIRECTION('',(0.,1.,0.));
#12405=DIRECTION('',(-0.707106781186547,0.,0.707106781186548));
#12406=DIRECTION('center_axis',(-0.707106781186548,0.,0.707106781186547));
#12407=DIRECTION('ref_axis',(0.707106781186547,0.,0.707106781186548));
#12408=DIRECTION('',(-0.707106781186547,0.,-0.707106781186548));
#12409=DIRECTION('',(0.,1.,0.));
#12410=DIRECTION('',(0.707106781186547,0.,0.707106781186548));
#12411=DIRECTION('center_axis',(-1.,0.,0.));
#12412=DIRECTION('ref_axis',(0.,-1.,0.));
#12413=DIRECTION('',(0.,0.,1.));
#12414=DIRECTION('',(0.,-1.,0.));
#12415=DIRECTION('',(0.,0.,1.));
#12416=DIRECTION('center_axis',(0.,1.,0.));
#12417=DIRECTION('ref_axis',(-1.,0.,0.));
#12418=DIRECTION('',(1.,0.,0.));
#12419=DIRECTION('',(0.,0.,1.));
#12420=DIRECTION('',(-1.,0.,0.));
#12421=DIRECTION('center_axis',(1.,0.,0.));
#12422=DIRECTION('ref_axis',(0.,0.,-1.));
#12423=DIRECTION('',(0.,1.,0.));
#12424=DIRECTION('',(0.,0.,1.));
#12425=DIRECTION('',(0.,-0.707106781186547,0.707106781186548));
#12426=DIRECTION('',(0.,0.707106781186547,0.707106781186548));
#12427=DIRECTION('',(0.,1.,0.));
#12428=DIRECTION('',(0.,0.,-1.));
#12429=DIRECTION('center_axis',(0.,1.,0.));
#12430=DIRECTION('ref_axis',(0.,0.,1.));
#12431=DIRECTION('',(1.,0.,0.));
#12432=DIRECTION('',(1.,0.,0.));
#12433=DIRECTION('',(0.,0.,1.));
#12434=DIRECTION('center_axis',(0.,-0.707106781186548,-0.707106781186547));
#12435=DIRECTION('ref_axis',(0.,0.707106781186547,-0.707106781186548));
#12436=DIRECTION('',(1.,0.,0.));
#12437=DIRECTION('',(0.,0.707106781186547,-0.707106781186548));
#12438=DIRECTION('',(1.,0.,0.));
#12439=DIRECTION('',(-1.,0.,0.));
#12440=DIRECTION('center_axis',(0.,-0.707106781186548,0.707106781186547));
#12441=DIRECTION('ref_axis',(0.,-0.707106781186547,-0.707106781186548));
#12442=DIRECTION('',(0.,-0.707106781186547,-0.707106781186548));
#12443=DIRECTION('',(1.,0.,0.));
#12444=DIRECTION('center_axis',(0.,0.,1.));
#12445=DIRECTION('ref_axis',(0.,-1.,0.));
#12446=DIRECTION('',(0.,-1.,0.));
#12447=DIRECTION('center_axis',(1.,0.,0.));
#12448=DIRECTION('ref_axis',(0.,1.,0.));
#12449=DIRECTION('',(0.,1.,0.));
#12450=DIRECTION('',(0.,1.,0.));
#12451=DIRECTION('',(0.,0.,1.));
#12452=DIRECTION('center_axis',(1.,0.,0.));
#12453=DIRECTION('ref_axis',(0.,0.,-1.));
#12454=DIRECTION('',(0.,-1.,0.));
#12455=DIRECTION('',(0.,0.,1.));
#12456=DIRECTION('',(0.,0.707106781186547,0.707106781186548));
#12457=DIRECTION('',(0.,-0.707106781186547,0.707106781186548));
#12458=DIRECTION('',(0.,-1.,0.));
#12459=DIRECTION('',(0.,0.,-1.));
#12460=DIRECTION('center_axis',(0.,0.,1.));
#12461=DIRECTION('ref_axis',(0.,-1.,0.));
#12462=DIRECTION('',(0.,-1.,0.));
#12463=DIRECTION('',(1.,0.,0.));
#12464=DIRECTION('',(1.,0.,0.));
#12465=DIRECTION('center_axis',(0.,0.707106781186548,0.707106781186547));
#12466=DIRECTION('ref_axis',(0.,-0.707106781186547,0.707106781186548));
#12467=DIRECTION('',(0.,-0.707106781186547,0.707106781186548));
#12468=DIRECTION('',(1.,0.,0.));
#12469=DIRECTION('center_axis',(0.,0.707106781186548,-0.707106781186547));
#12470=DIRECTION('ref_axis',(0.,0.707106781186547,0.707106781186548));
#12471=DIRECTION('',(0.,0.707106781186547,0.707106781186548));
#12472=DIRECTION('',(1.,0.,0.));
#12473=DIRECTION('center_axis',(0.,-1.,0.));
#12474=DIRECTION('ref_axis',(0.,0.,-1.));
#12475=DIRECTION('',(-1.,0.,0.));
#12476=DIRECTION('',(0.,0.,-1.));
#12477=DIRECTION('center_axis',(-1.,0.,0.));
#12478=DIRECTION('ref_axis',(0.,-1.,0.));
#12479=DIRECTION('',(0.,0.,-1.));
#12480=DIRECTION('',(0.,-1.,0.));
#12481=DIRECTION('',(0.,-1.,0.));
#12482=DIRECTION('',(0.,0.,1.));
#12483=DIRECTION('',(0.,-1.,0.));
#12484=DIRECTION('',(0.,0.,1.));
#12485=DIRECTION('',(0.,-1.,0.));
#12486=DIRECTION('center_axis',(0.,-1.,0.));
#12487=DIRECTION('ref_axis',(1.,0.,0.));
#12488=DIRECTION('',(1.,0.,0.));
#12489=DIRECTION('',(-1.,0.,0.));
#12490=DIRECTION('center_axis',(0.,0.,1.));
#12491=DIRECTION('ref_axis',(1.,0.,0.));
#12492=DIRECTION('',(-1.,0.,0.));
#12493=DIRECTION('center_axis',(0.,0.,1.));
#12494=DIRECTION('ref_axis',(1.,0.,0.));
#12495=DIRECTION('',(1.,0.,0.));
#12496=DIRECTION('',(1.,0.,0.));
#12497=DIRECTION('',(0.,1.,0.));
#12498=DIRECTION('',(-1.,0.,0.));
#12499=DIRECTION('center_axis',(0.,0.,1.));
#12500=DIRECTION('ref_axis',(1.,0.,0.));
#12501=DIRECTION('',(1.,0.,0.));
#12502=DIRECTION('',(0.,-1.,0.));
#12503=DIRECTION('',(1.,0.,0.));
#12504=DIRECTION('',(0.,1.,0.));
#12505=DIRECTION('',(-1.,0.,0.));
#12506=DIRECTION('',(1.,0.,0.));
#12507=DIRECTION('',(0.,1.,0.));
#12508=DIRECTION('',(1.,0.,0.));
#12509=DIRECTION('center_axis',(0.,1.,0.));
#12510=DIRECTION('ref_axis',(-1.,0.,0.));
#12511=DIRECTION('',(-1.,0.,0.));
#12512=DIRECTION('center_axis',(0.,0.,1.));
#12513=DIRECTION('ref_axis',(1.,0.,0.));
#12514=DIRECTION('',(-1.,0.,0.));
#12515=DIRECTION('',(0.,1.,0.));
#12516=DIRECTION('',(-1.,0.,0.));
#12517=DIRECTION('',(1.,0.,0.));
#12518=DIRECTION('center_axis',(0.,-1.,0.));
#12519=DIRECTION('ref_axis',(1.,0.,0.));
#12520=DIRECTION('',(0.,0.,1.));
#12521=DIRECTION('center_axis',(1.,0.,0.));
#12522=DIRECTION('ref_axis',(0.,1.,0.));
#12523=DIRECTION('',(0.,0.,-1.));
#12524=DIRECTION('center_axis',(0.,-1.,0.));
#12525=DIRECTION('ref_axis',(1.,0.,0.));
#12526=DIRECTION('',(0.,0.,1.));
#12527=DIRECTION('center_axis',(0.,-1.,0.));
#12528=DIRECTION('ref_axis',(1.,0.,0.));
#12529=DIRECTION('',(0.,0.,1.));
#12530=DIRECTION('center_axis',(-1.,0.,0.));
#12531=DIRECTION('ref_axis',(0.,-1.,0.));
#12532=DIRECTION('center_axis',(0.,1.,0.));
#12533=DIRECTION('ref_axis',(-1.,0.,0.));
#12534=DIRECTION('center_axis',(0.,-1.,0.));
#12535=DIRECTION('ref_axis',(1.,0.,0.));
#12536=DIRECTION('',(0.,0.,1.));
#12537=DIRECTION('center_axis',(1.,0.,0.));
#12538=DIRECTION('ref_axis',(0.,1.,0.));
#12539=DIRECTION('center_axis',(0.,-1.,0.));
#12540=DIRECTION('ref_axis',(0.,0.,1.));
#12541=DIRECTION('',(-8.65956056235493E-17,-0.707106781186547,-0.707106781186548));
#12542=DIRECTION('center_axis',(0.,-1.,0.));
#12543=DIRECTION('ref_axis',(0.,0.,1.));
#12544=DIRECTION('center_axis',(0.,1.,0.));
#12545=DIRECTION('ref_axis',(0.,0.,1.));
#12546=DIRECTION('center_axis',(0.,1.,0.));
#12547=DIRECTION('ref_axis',(0.,0.,1.));
#12548=DIRECTION('',(8.65956056235493E-17,-0.707106781186547,0.707106781186548));
#12549=DIRECTION('center_axis',(0.,0.,1.));
#12550=DIRECTION('ref_axis',(1.,0.,0.));
#12551=DIRECTION('',(0.,1.,0.));
#12552=DIRECTION('',(-1.,0.,0.));
#12553=DIRECTION('',(0.,1.,0.));
#12554=DIRECTION('',(1.,0.,0.));
#12555=DIRECTION('center_axis',(-1.,0.,0.));
#12556=DIRECTION('ref_axis',(0.,0.,1.));
#12557=DIRECTION('',(0.,-0.707106781186547,0.707106781186548));
#12558=DIRECTION('',(0.,0.,1.));
#12559=DIRECTION('',(0.,1.,0.));
#12560=DIRECTION('',(0.,0.,-1.));
#12561=DIRECTION('center_axis',(0.707106781186547,0.,-0.707106781186548));
#12562=DIRECTION('ref_axis',(-0.707106781186548,0.,-0.707106781186547));
#12563=DIRECTION('',(0.,-1.,0.));
#12564=DIRECTION('',(-0.707106781186548,0.,-0.707106781186547));
#12565=DIRECTION('',(0.,1.,0.));
#12566=DIRECTION('',(0.707106781186548,0.,0.707106781186547));
#12567=DIRECTION('',(-0.577350269189626,-0.577350269189626,-0.577350269189626));
#12568=DIRECTION('center_axis',(0.707106781186547,0.,0.707106781186548));
#12569=DIRECTION('ref_axis',(0.707106781186548,0.,-0.707106781186547));
#12570=DIRECTION('',(-0.707106781186548,0.,0.707106781186547));
#12571=DIRECTION('',(0.707106781186548,0.,-0.707106781186547));
#12572=DIRECTION('center_axis',(0.,1.,0.));
#12573=DIRECTION('ref_axis',(-1.,0.,0.));
#12574=DIRECTION('',(0.,0.,-1.));
#12575=DIRECTION('',(0.,0.,1.));
#12576=DIRECTION('',(-1.,0.,0.));
#12577=DIRECTION('center_axis',(1.,0.,0.));
#12578=DIRECTION('ref_axis',(0.,1.,0.));
#12579=DIRECTION('',(0.,-0.707106781186548,-0.707106781186547));
#12580=DIRECTION('',(0.,0.,1.));
#12581=DIRECTION('',(0.,1.,0.));
#12582=DIRECTION('center_axis',(0.,0.707106781186547,-0.707106781186548));
#12583=DIRECTION('ref_axis',(0.,0.707106781186548,0.707106781186547));
#12584=DIRECTION('',(-1.,0.,0.));
#12585=DIRECTION('center_axis',(-1.,0.,0.));
#12586=DIRECTION('ref_axis',(0.,0.,1.));
#12587=DIRECTION('',(0.,1.,0.));
#12588=DIRECTION('',(0.,0.,-1.));
#12589=DIRECTION('',(0.,1.,0.));
#12590=DIRECTION('',(0.,0.,1.));
#12591=DIRECTION('center_axis',(0.707106781186547,0.,-0.707106781186548));
#12592=DIRECTION('ref_axis',(-0.707106781186548,0.,-0.707106781186547));
#12593=DIRECTION('',(0.577350269189626,-0.577350269189626,0.577350269189626));
#12594=DIRECTION('',(-0.707106781186548,0.,-0.707106781186547));
#12595=DIRECTION('',(0.,1.,0.));
#12596=DIRECTION('',(0.707106781186548,0.,0.707106781186547));
#12597=DIRECTION('',(0.,-1.,0.));
#12598=DIRECTION('center_axis',(0.707106781186547,0.,0.707106781186548));
#12599=DIRECTION('ref_axis',(0.707106781186548,0.,-0.707106781186547));
#12600=DIRECTION('',(-0.707106781186548,0.,0.707106781186547));
#12601=DIRECTION('',(0.707106781186548,0.,-0.707106781186547));
#12602=DIRECTION('',(0.,1.,0.));
#12603=DIRECTION('center_axis',(0.,-0.707106781186547,-0.707106781186548));
#12604=DIRECTION('ref_axis',(0.,0.707106781186548,-0.707106781186547));
#12605=DIRECTION('',(0.,-0.707106781186548,0.707106781186547));
#12606=DIRECTION('',(1.,0.,0.));
#12607=DIRECTION('center_axis',(1.,0.,0.));
#12608=DIRECTION('ref_axis',(0.,1.,0.));
#12609=DIRECTION('',(0.,0.,1.));
#12610=DIRECTION('',(0.,1.,0.));
#12611=DIRECTION('',(0.,0.,1.));
#12612=DIRECTION('center_axis',(0.,-1.,0.));
#12613=DIRECTION('ref_axis',(1.,0.,0.));
#12614=DIRECTION('center_axis',(0.,1.,0.));
#12615=DIRECTION('ref_axis',(1.,0.,0.));
#12616=DIRECTION('',(0.707106781186547,0.707106781186548,-8.65956056235493E-17));
#12617=DIRECTION('center_axis',(0.,-1.,0.));
#12618=DIRECTION('ref_axis',(1.,0.,0.));
#12619=DIRECTION('center_axis',(-0.707106781186548,0.,-0.707106781186547));
#12620=DIRECTION('ref_axis',(-0.707106781186547,0.,0.707106781186548));
#12621=DIRECTION('',(0.,1.,0.));
#12622=DIRECTION('',(0.707106781186547,0.,-0.707106781186548));
#12623=DIRECTION('',(0.,1.,0.));
#12624=DIRECTION('',(-0.707106781186547,0.,0.707106781186548));
#12625=DIRECTION('center_axis',(-0.707106781186548,0.,0.707106781186547));
#12626=DIRECTION('ref_axis',(0.707106781186547,0.,0.707106781186548));
#12627=DIRECTION('',(-0.707106781186547,0.,-0.707106781186548));
#12628=DIRECTION('',(0.,1.,0.));
#12629=DIRECTION('',(0.707106781186547,0.,0.707106781186548));
#12630=DIRECTION('center_axis',(0.,1.,0.));
#12631=DIRECTION('ref_axis',(-1.,0.,0.));
#12632=DIRECTION('',(-1.,0.,0.));
#12633=DIRECTION('',(0.,0.,1.));
#12634=DIRECTION('',(-1.,0.,0.));
#12635=DIRECTION('',(0.,0.,1.));
#12636=DIRECTION('center_axis',(0.,1.,0.));
#12637=DIRECTION('ref_axis',(1.,0.,0.));
#12638=DIRECTION('center_axis',(0.,-1.,0.));
#12639=DIRECTION('ref_axis',(1.,0.,0.));
#12640=DIRECTION('',(0.707106781186547,-0.707106781186548,8.65956056235493E-17));
#12641=DIRECTION('center_axis',(0.,1.,0.));
#12642=DIRECTION('ref_axis',(1.,0.,0.));
#12643=DIRECTION('center_axis',(-0.707106781186548,0.,-0.707106781186547));
#12644=DIRECTION('ref_axis',(-0.707106781186547,0.,0.707106781186548));
#12645=DIRECTION('',(0.,1.,0.));
#12646=DIRECTION('',(0.707106781186547,0.,-0.707106781186548));
#12647=DIRECTION('',(0.,1.,0.));
#12648=DIRECTION('',(-0.707106781186547,0.,0.707106781186548));
#12649=DIRECTION('center_axis',(-0.707106781186548,0.,0.707106781186547));
#12650=DIRECTION('ref_axis',(0.707106781186547,0.,0.707106781186548));
#12651=DIRECTION('',(-0.707106781186547,0.,-0.707106781186548));
#12652=DIRECTION('',(0.,1.,0.));
#12653=DIRECTION('',(0.707106781186547,0.,0.707106781186548));
#12654=DIRECTION('center_axis',(-1.,0.,0.));
#12655=DIRECTION('ref_axis',(0.,-1.,0.));
#12656=DIRECTION('',(0.,0.,1.));
#12657=DIRECTION('',(0.,-1.,0.));
#12658=DIRECTION('',(0.,0.,1.));
#12659=DIRECTION('center_axis',(0.,1.,0.));
#12660=DIRECTION('ref_axis',(-1.,0.,0.));
#12661=DIRECTION('',(1.,0.,0.));
#12662=DIRECTION('',(0.,0.,1.));
#12663=DIRECTION('',(-1.,0.,0.));
#12664=DIRECTION('center_axis',(1.,0.,0.));
#12665=DIRECTION('ref_axis',(0.,0.,-1.));
#12666=DIRECTION('',(0.,1.,0.));
#12667=DIRECTION('',(0.,0.,1.));
#12668=DIRECTION('',(0.,-0.707106781186547,0.707106781186548));
#12669=DIRECTION('',(0.,0.707106781186547,0.707106781186548));
#12670=DIRECTION('',(0.,1.,0.));
#12671=DIRECTION('',(0.,0.,-1.));
#12672=DIRECTION('center_axis',(0.,1.,0.));
#12673=DIRECTION('ref_axis',(0.,0.,1.));
#12674=DIRECTION('',(1.,0.,0.));
#12675=DIRECTION('',(1.,0.,0.));
#12676=DIRECTION('',(0.,0.,1.));
#12677=DIRECTION('center_axis',(0.,-0.707106781186548,-0.707106781186547));
#12678=DIRECTION('ref_axis',(0.,0.707106781186547,-0.707106781186548));
#12679=DIRECTION('',(1.,0.,0.));
#12680=DIRECTION('',(0.,0.707106781186547,-0.707106781186548));
#12681=DIRECTION('',(1.,0.,0.));
#12682=DIRECTION('',(-1.,0.,0.));
#12683=DIRECTION('center_axis',(0.,-0.707106781186548,0.707106781186547));
#12684=DIRECTION('ref_axis',(0.,-0.707106781186547,-0.707106781186548));
#12685=DIRECTION('',(0.,-0.707106781186547,-0.707106781186548));
#12686=DIRECTION('',(1.,0.,0.));
#12687=DIRECTION('center_axis',(0.,0.,1.));
#12688=DIRECTION('ref_axis',(0.,-1.,0.));
#12689=DIRECTION('',(0.,-1.,0.));
#12690=DIRECTION('center_axis',(1.,0.,0.));
#12691=DIRECTION('ref_axis',(0.,1.,0.));
#12692=DIRECTION('',(0.,1.,0.));
#12693=DIRECTION('',(0.,1.,0.));
#12694=DIRECTION('',(0.,0.,1.));
#12695=DIRECTION('center_axis',(1.,0.,0.));
#12696=DIRECTION('ref_axis',(0.,0.,-1.));
#12697=DIRECTION('',(0.,-1.,0.));
#12698=DIRECTION('',(0.,0.,1.));
#12699=DIRECTION('',(0.,0.707106781186547,0.707106781186548));
#12700=DIRECTION('',(0.,-0.707106781186547,0.707106781186548));
#12701=DIRECTION('',(0.,-1.,0.));
#12702=DIRECTION('',(0.,0.,-1.));
#12703=DIRECTION('center_axis',(0.,0.,1.));
#12704=DIRECTION('ref_axis',(0.,-1.,0.));
#12705=DIRECTION('',(0.,-1.,0.));
#12706=DIRECTION('',(1.,0.,0.));
#12707=DIRECTION('',(1.,0.,0.));
#12708=DIRECTION('center_axis',(0.,0.707106781186548,0.707106781186547));
#12709=DIRECTION('ref_axis',(0.,-0.707106781186547,0.707106781186548));
#12710=DIRECTION('',(0.,-0.707106781186547,0.707106781186548));
#12711=DIRECTION('',(1.,0.,0.));
#12712=DIRECTION('center_axis',(0.,0.707106781186548,-0.707106781186547));
#12713=DIRECTION('ref_axis',(0.,0.707106781186547,0.707106781186548));
#12714=DIRECTION('',(0.,0.707106781186547,0.707106781186548));
#12715=DIRECTION('',(1.,0.,0.));
#12716=DIRECTION('center_axis',(0.,-1.,0.));
#12717=DIRECTION('ref_axis',(0.,0.,-1.));
#12718=DIRECTION('',(-1.,0.,0.));
#12719=DIRECTION('',(0.,0.,-1.));
#12720=DIRECTION('center_axis',(-1.,0.,0.));
#12721=DIRECTION('ref_axis',(0.,-1.,0.));
#12722=DIRECTION('',(0.,0.,-1.));
#12723=DIRECTION('',(0.,-1.,0.));
#12724=DIRECTION('',(0.,-1.,0.));
#12725=DIRECTION('',(0.,0.,1.));
#12726=DIRECTION('',(0.,-1.,0.));
#12727=DIRECTION('',(0.,0.,1.));
#12728=DIRECTION('',(0.,-1.,0.));
#12729=DIRECTION('center_axis',(0.,-1.,0.));
#12730=DIRECTION('ref_axis',(1.,0.,0.));
#12731=DIRECTION('',(1.,0.,0.));
#12732=DIRECTION('',(-1.,0.,0.));
#12733=DIRECTION('center_axis',(0.,0.,1.));
#12734=DIRECTION('ref_axis',(1.,0.,0.));
#12735=DIRECTION('',(-1.,0.,0.));
#12736=DIRECTION('center_axis',(0.,0.,1.));
#12737=DIRECTION('ref_axis',(1.,0.,0.));
#12738=DIRECTION('',(1.,0.,0.));
#12739=DIRECTION('',(1.,0.,0.));
#12740=DIRECTION('',(0.,1.,0.));
#12741=DIRECTION('',(-1.,0.,0.));
#12742=DIRECTION('center_axis',(0.,0.,1.));
#12743=DIRECTION('ref_axis',(1.,0.,0.));
#12744=DIRECTION('',(1.,0.,0.));
#12745=DIRECTION('',(0.,-1.,0.));
#12746=DIRECTION('',(1.,0.,0.));
#12747=DIRECTION('',(0.,1.,0.));
#12748=DIRECTION('',(-1.,0.,0.));
#12749=DIRECTION('',(1.,0.,0.));
#12750=DIRECTION('',(0.,1.,0.));
#12751=DIRECTION('',(1.,0.,0.));
#12752=DIRECTION('center_axis',(0.,1.,0.));
#12753=DIRECTION('ref_axis',(-1.,0.,0.));
#12754=DIRECTION('',(-1.,0.,0.));
#12755=DIRECTION('center_axis',(0.,0.,1.));
#12756=DIRECTION('ref_axis',(1.,0.,0.));
#12757=DIRECTION('',(-1.,0.,0.));
#12758=DIRECTION('',(0.,1.,0.));
#12759=DIRECTION('',(-1.,0.,0.));
#12760=DIRECTION('',(1.,0.,0.));
#12761=DIRECTION('center_axis',(0.,-1.,0.));
#12762=DIRECTION('ref_axis',(1.,0.,0.));
#12763=DIRECTION('',(0.,0.,1.));
#12764=DIRECTION('center_axis',(1.,0.,0.));
#12765=DIRECTION('ref_axis',(0.,1.,0.));
#12766=DIRECTION('',(0.,0.,-1.));
#12767=DIRECTION('center_axis',(0.,-1.,0.));
#12768=DIRECTION('ref_axis',(1.,0.,0.));
#12769=DIRECTION('',(0.,0.,1.));
#12770=DIRECTION('center_axis',(0.,-1.,0.));
#12771=DIRECTION('ref_axis',(1.,0.,0.));
#12772=DIRECTION('',(0.,0.,1.));
#12773=DIRECTION('center_axis',(-1.,0.,0.));
#12774=DIRECTION('ref_axis',(0.,-1.,0.));
#12775=DIRECTION('center_axis',(0.,1.,0.));
#12776=DIRECTION('ref_axis',(-1.,0.,0.));
#12777=DIRECTION('center_axis',(0.,-1.,0.));
#12778=DIRECTION('ref_axis',(1.,0.,0.));
#12779=DIRECTION('',(0.,0.,1.));
#12780=DIRECTION('center_axis',(1.,0.,0.));
#12781=DIRECTION('ref_axis',(0.,1.,0.));
#12782=DIRECTION('center_axis',(0.,-1.,0.));
#12783=DIRECTION('ref_axis',(0.,0.,1.));
#12784=DIRECTION('',(-8.65956056235493E-17,-0.707106781186547,-0.707106781186548));
#12785=DIRECTION('center_axis',(0.,-1.,0.));
#12786=DIRECTION('ref_axis',(0.,0.,1.));
#12787=DIRECTION('center_axis',(0.,1.,0.));
#12788=DIRECTION('ref_axis',(0.,0.,1.));
#12789=DIRECTION('center_axis',(0.,1.,0.));
#12790=DIRECTION('ref_axis',(0.,0.,1.));
#12791=DIRECTION('',(8.65956056235493E-17,-0.707106781186547,0.707106781186548));
#12792=DIRECTION('center_axis',(0.,0.,1.));
#12793=DIRECTION('ref_axis',(1.,0.,0.));
#12794=DIRECTION('',(0.,1.,0.));
#12795=DIRECTION('',(-1.,0.,0.));
#12796=DIRECTION('',(0.,1.,0.));
#12797=DIRECTION('',(1.,0.,0.));
#12798=DIRECTION('center_axis',(-1.,0.,0.));
#12799=DIRECTION('ref_axis',(0.,0.,1.));
#12800=DIRECTION('',(0.,-0.707106781186547,0.707106781186548));
#12801=DIRECTION('',(0.,0.,1.));
#12802=DIRECTION('',(0.,1.,0.));
#12803=DIRECTION('',(0.,0.,-1.));
#12804=DIRECTION('center_axis',(0.707106781186547,0.,-0.707106781186548));
#12805=DIRECTION('ref_axis',(-0.707106781186548,0.,-0.707106781186547));
#12806=DIRECTION('',(0.,-1.,0.));
#12807=DIRECTION('',(-0.707106781186548,0.,-0.707106781186547));
#12808=DIRECTION('',(0.,1.,0.));
#12809=DIRECTION('',(0.707106781186548,0.,0.707106781186547));
#12810=DIRECTION('',(-0.577350269189626,-0.577350269189626,-0.577350269189626));
#12811=DIRECTION('center_axis',(0.707106781186547,0.,0.707106781186548));
#12812=DIRECTION('ref_axis',(0.707106781186548,0.,-0.707106781186547));
#12813=DIRECTION('',(-0.707106781186548,0.,0.707106781186547));
#12814=DIRECTION('',(0.707106781186548,0.,-0.707106781186547));
#12815=DIRECTION('center_axis',(0.,1.,0.));
#12816=DIRECTION('ref_axis',(-1.,0.,0.));
#12817=DIRECTION('',(0.,0.,-1.));
#12818=DIRECTION('',(0.,0.,1.));
#12819=DIRECTION('',(-1.,0.,0.));
#12820=DIRECTION('center_axis',(1.,0.,0.));
#12821=DIRECTION('ref_axis',(0.,1.,0.));
#12822=DIRECTION('',(0.,-0.707106781186548,-0.707106781186547));
#12823=DIRECTION('',(0.,0.,1.));
#12824=DIRECTION('',(0.,1.,0.));
#12825=DIRECTION('center_axis',(0.,0.707106781186547,-0.707106781186548));
#12826=DIRECTION('ref_axis',(0.,0.707106781186548,0.707106781186547));
#12827=DIRECTION('',(-1.,0.,0.));
#12828=DIRECTION('center_axis',(-1.,0.,0.));
#12829=DIRECTION('ref_axis',(0.,0.,1.));
#12830=DIRECTION('',(0.,1.,0.));
#12831=DIRECTION('',(0.,0.,-1.));
#12832=DIRECTION('',(0.,1.,0.));
#12833=DIRECTION('',(0.,0.,1.));
#12834=DIRECTION('center_axis',(0.707106781186547,0.,-0.707106781186548));
#12835=DIRECTION('ref_axis',(-0.707106781186548,0.,-0.707106781186547));
#12836=DIRECTION('',(0.577350269189626,-0.577350269189626,0.577350269189626));
#12837=DIRECTION('',(-0.707106781186548,0.,-0.707106781186547));
#12838=DIRECTION('',(0.,1.,0.));
#12839=DIRECTION('',(0.707106781186548,0.,0.707106781186547));
#12840=DIRECTION('',(0.,-1.,0.));
#12841=DIRECTION('center_axis',(0.707106781186547,0.,0.707106781186548));
#12842=DIRECTION('ref_axis',(0.707106781186548,0.,-0.707106781186547));
#12843=DIRECTION('',(-0.707106781186548,0.,0.707106781186547));
#12844=DIRECTION('',(0.707106781186548,0.,-0.707106781186547));
#12845=DIRECTION('',(0.,1.,0.));
#12846=DIRECTION('center_axis',(0.,-0.707106781186547,-0.707106781186548));
#12847=DIRECTION('ref_axis',(0.,0.707106781186548,-0.707106781186547));
#12848=DIRECTION('',(0.,-0.707106781186548,0.707106781186547));
#12849=DIRECTION('',(1.,0.,0.));
#12850=DIRECTION('center_axis',(1.,0.,0.));
#12851=DIRECTION('ref_axis',(0.,1.,0.));
#12852=DIRECTION('',(0.,0.,1.));
#12853=DIRECTION('',(0.,1.,0.));
#12854=DIRECTION('',(0.,0.,1.));
#12855=DIRECTION('center_axis',(0.,-1.,0.));
#12856=DIRECTION('ref_axis',(1.,0.,0.));
#12857=DIRECTION('center_axis',(0.,1.,0.));
#12858=DIRECTION('ref_axis',(1.,0.,0.));
#12859=DIRECTION('',(0.707106781186547,0.707106781186548,-8.65956056235493E-17));
#12860=DIRECTION('center_axis',(0.,-1.,0.));
#12861=DIRECTION('ref_axis',(1.,0.,0.));
#12862=DIRECTION('center_axis',(-0.707106781186548,0.,-0.707106781186547));
#12863=DIRECTION('ref_axis',(-0.707106781186547,0.,0.707106781186548));
#12864=DIRECTION('',(0.,1.,0.));
#12865=DIRECTION('',(0.707106781186547,0.,-0.707106781186548));
#12866=DIRECTION('',(0.,1.,0.));
#12867=DIRECTION('',(-0.707106781186547,0.,0.707106781186548));
#12868=DIRECTION('center_axis',(-0.707106781186548,0.,0.707106781186547));
#12869=DIRECTION('ref_axis',(0.707106781186547,0.,0.707106781186548));
#12870=DIRECTION('',(-0.707106781186547,0.,-0.707106781186548));
#12871=DIRECTION('',(0.,1.,0.));
#12872=DIRECTION('',(0.707106781186547,0.,0.707106781186548));
#12873=DIRECTION('center_axis',(0.,1.,0.));
#12874=DIRECTION('ref_axis',(-1.,0.,0.));
#12875=DIRECTION('',(-1.,0.,0.));
#12876=DIRECTION('',(0.,0.,1.));
#12877=DIRECTION('',(-1.,0.,0.));
#12878=DIRECTION('',(0.,0.,1.));
#12879=DIRECTION('center_axis',(0.,1.,0.));
#12880=DIRECTION('ref_axis',(1.,0.,0.));
#12881=DIRECTION('center_axis',(0.,-1.,0.));
#12882=DIRECTION('ref_axis',(1.,0.,0.));
#12883=DIRECTION('',(0.707106781186547,-0.707106781186548,8.65956056235493E-17));
#12884=DIRECTION('center_axis',(0.,1.,0.));
#12885=DIRECTION('ref_axis',(1.,0.,0.));
#12886=DIRECTION('center_axis',(-0.707106781186548,0.,-0.707106781186547));
#12887=DIRECTION('ref_axis',(-0.707106781186547,0.,0.707106781186548));
#12888=DIRECTION('',(0.,1.,0.));
#12889=DIRECTION('',(0.707106781186547,0.,-0.707106781186548));
#12890=DIRECTION('',(0.,1.,0.));
#12891=DIRECTION('',(-0.707106781186547,0.,0.707106781186548));
#12892=DIRECTION('center_axis',(-0.707106781186548,0.,0.707106781186547));
#12893=DIRECTION('ref_axis',(0.707106781186547,0.,0.707106781186548));
#12894=DIRECTION('',(-0.707106781186547,0.,-0.707106781186548));
#12895=DIRECTION('',(0.,1.,0.));
#12896=DIRECTION('',(0.707106781186547,0.,0.707106781186548));
#12897=DIRECTION('center_axis',(-1.,0.,0.));
#12898=DIRECTION('ref_axis',(0.,-1.,0.));
#12899=DIRECTION('',(0.,0.,1.));
#12900=DIRECTION('',(0.,-1.,0.));
#12901=DIRECTION('',(0.,0.,1.));
#12902=DIRECTION('center_axis',(0.,1.,0.));
#12903=DIRECTION('ref_axis',(-1.,0.,0.));
#12904=DIRECTION('',(1.,0.,0.));
#12905=DIRECTION('',(0.,0.,1.));
#12906=DIRECTION('',(-1.,0.,0.));
#12907=DIRECTION('center_axis',(1.,0.,0.));
#12908=DIRECTION('ref_axis',(0.,0.,-1.));
#12909=DIRECTION('',(0.,1.,0.));
#12910=DIRECTION('',(0.,0.,1.));
#12911=DIRECTION('',(0.,-0.707106781186547,0.707106781186548));
#12912=DIRECTION('',(0.,0.707106781186547,0.707106781186548));
#12913=DIRECTION('',(0.,1.,0.));
#12914=DIRECTION('',(0.,0.,-1.));
#12915=DIRECTION('center_axis',(0.,1.,0.));
#12916=DIRECTION('ref_axis',(0.,0.,1.));
#12917=DIRECTION('',(1.,0.,0.));
#12918=DIRECTION('',(1.,0.,0.));
#12919=DIRECTION('',(0.,0.,1.));
#12920=DIRECTION('center_axis',(0.,-0.707106781186548,-0.707106781186547));
#12921=DIRECTION('ref_axis',(0.,0.707106781186547,-0.707106781186548));
#12922=DIRECTION('',(1.,0.,0.));
#12923=DIRECTION('',(0.,0.707106781186547,-0.707106781186548));
#12924=DIRECTION('',(1.,0.,0.));
#12925=DIRECTION('',(-1.,0.,0.));
#12926=DIRECTION('center_axis',(0.,-0.707106781186548,0.707106781186547));
#12927=DIRECTION('ref_axis',(0.,-0.707106781186547,-0.707106781186548));
#12928=DIRECTION('',(0.,-0.707106781186547,-0.707106781186548));
#12929=DIRECTION('',(1.,0.,0.));
#12930=DIRECTION('center_axis',(0.,0.,1.));
#12931=DIRECTION('ref_axis',(0.,-1.,0.));
#12932=DIRECTION('',(0.,-1.,0.));
#12933=DIRECTION('center_axis',(1.,0.,0.));
#12934=DIRECTION('ref_axis',(0.,1.,0.));
#12935=DIRECTION('',(0.,1.,0.));
#12936=DIRECTION('',(0.,1.,0.));
#12937=DIRECTION('',(0.,0.,1.));
#12938=DIRECTION('center_axis',(1.,0.,0.));
#12939=DIRECTION('ref_axis',(0.,0.,-1.));
#12940=DIRECTION('',(0.,-1.,0.));
#12941=DIRECTION('',(0.,0.,1.));
#12942=DIRECTION('',(0.,0.707106781186547,0.707106781186548));
#12943=DIRECTION('',(0.,-0.707106781186547,0.707106781186548));
#12944=DIRECTION('',(0.,-1.,0.));
#12945=DIRECTION('',(0.,0.,-1.));
#12946=DIRECTION('center_axis',(0.,0.,1.));
#12947=DIRECTION('ref_axis',(0.,-1.,0.));
#12948=DIRECTION('',(0.,-1.,0.));
#12949=DIRECTION('',(1.,0.,0.));
#12950=DIRECTION('',(1.,0.,0.));
#12951=DIRECTION('center_axis',(0.,0.707106781186548,0.707106781186547));
#12952=DIRECTION('ref_axis',(0.,-0.707106781186547,0.707106781186548));
#12953=DIRECTION('',(0.,-0.707106781186547,0.707106781186548));
#12954=DIRECTION('',(1.,0.,0.));
#12955=DIRECTION('center_axis',(0.,0.707106781186548,-0.707106781186547));
#12956=DIRECTION('ref_axis',(0.,0.707106781186547,0.707106781186548));
#12957=DIRECTION('',(0.,0.707106781186547,0.707106781186548));
#12958=DIRECTION('',(1.,0.,0.));
#12959=DIRECTION('center_axis',(0.,-1.,0.));
#12960=DIRECTION('ref_axis',(0.,0.,-1.));
#12961=DIRECTION('',(-1.,0.,0.));
#12962=DIRECTION('',(0.,0.,-1.));
#12963=DIRECTION('center_axis',(-1.,0.,0.));
#12964=DIRECTION('ref_axis',(0.,-1.,0.));
#12965=DIRECTION('',(0.,0.,-1.));
#12966=DIRECTION('',(0.,-1.,0.));
#12967=DIRECTION('',(0.,-1.,0.));
#12968=DIRECTION('',(0.,0.,1.));
#12969=DIRECTION('',(0.,-1.,0.));
#12970=DIRECTION('',(0.,0.,1.));
#12971=DIRECTION('',(0.,-1.,0.));
#12972=DIRECTION('center_axis',(0.,-1.,0.));
#12973=DIRECTION('ref_axis',(1.,0.,0.));
#12974=DIRECTION('',(1.,0.,0.));
#12975=DIRECTION('',(-1.,0.,0.));
#12976=DIRECTION('center_axis',(0.,0.,1.));
#12977=DIRECTION('ref_axis',(1.,0.,0.));
#12978=DIRECTION('',(-1.,0.,0.));
#12979=DIRECTION('center_axis',(0.,0.,1.));
#12980=DIRECTION('ref_axis',(1.,0.,0.));
#12981=DIRECTION('',(1.,0.,0.));
#12982=DIRECTION('',(1.,0.,0.));
#12983=DIRECTION('',(0.,1.,0.));
#12984=DIRECTION('',(-1.,0.,0.));
#12985=DIRECTION('center_axis',(0.,0.,1.));
#12986=DIRECTION('ref_axis',(1.,0.,0.));
#12987=DIRECTION('',(1.,0.,0.));
#12988=DIRECTION('',(0.,-1.,0.));
#12989=DIRECTION('',(1.,0.,0.));
#12990=DIRECTION('',(0.,1.,0.));
#12991=DIRECTION('',(-1.,0.,0.));
#12992=DIRECTION('',(1.,0.,0.));
#12993=DIRECTION('',(0.,1.,0.));
#12994=DIRECTION('',(1.,0.,0.));
#12995=DIRECTION('center_axis',(0.,1.,0.));
#12996=DIRECTION('ref_axis',(-1.,0.,0.));
#12997=DIRECTION('',(-1.,0.,0.));
#12998=DIRECTION('center_axis',(0.,0.,1.));
#12999=DIRECTION('ref_axis',(1.,0.,0.));
#13000=DIRECTION('',(-1.,0.,0.));
#13001=DIRECTION('',(0.,1.,0.));
#13002=DIRECTION('',(-1.,0.,0.));
#13003=DIRECTION('',(1.,0.,0.));
#13004=DIRECTION('center_axis',(0.,-1.,0.));
#13005=DIRECTION('ref_axis',(1.,0.,0.));
#13006=DIRECTION('',(0.,0.,1.));
#13007=DIRECTION('center_axis',(1.,0.,0.));
#13008=DIRECTION('ref_axis',(0.,1.,0.));
#13009=DIRECTION('',(0.,0.,-1.));
#13010=DIRECTION('center_axis',(0.,-1.,0.));
#13011=DIRECTION('ref_axis',(1.,0.,0.));
#13012=DIRECTION('',(0.,0.,1.));
#13013=DIRECTION('center_axis',(0.,-1.,0.));
#13014=DIRECTION('ref_axis',(1.,0.,0.));
#13015=DIRECTION('',(0.,0.,1.));
#13016=DIRECTION('center_axis',(-1.,0.,0.));
#13017=DIRECTION('ref_axis',(0.,-1.,0.));
#13018=DIRECTION('center_axis',(0.,1.,0.));
#13019=DIRECTION('ref_axis',(-1.,0.,0.));
#13020=DIRECTION('center_axis',(0.,-1.,0.));
#13021=DIRECTION('ref_axis',(1.,0.,0.));
#13022=DIRECTION('',(0.,0.,1.));
#13023=DIRECTION('center_axis',(1.,0.,0.));
#13024=DIRECTION('ref_axis',(0.,1.,0.));
#13025=DIRECTION('center_axis',(0.,-1.,0.));
#13026=DIRECTION('ref_axis',(0.,0.,1.));
#13027=DIRECTION('',(-8.65956056235493E-17,-0.707106781186547,-0.707106781186548));
#13028=DIRECTION('center_axis',(0.,-1.,0.));
#13029=DIRECTION('ref_axis',(0.,0.,1.));
#13030=DIRECTION('center_axis',(0.,1.,0.));
#13031=DIRECTION('ref_axis',(0.,0.,1.));
#13032=DIRECTION('center_axis',(0.,1.,0.));
#13033=DIRECTION('ref_axis',(0.,0.,1.));
#13034=DIRECTION('',(8.65956056235493E-17,-0.707106781186547,0.707106781186548));
#13035=DIRECTION('center_axis',(0.,0.,1.));
#13036=DIRECTION('ref_axis',(1.,0.,0.));
#13037=DIRECTION('',(0.,1.,0.));
#13038=DIRECTION('',(-1.,0.,0.));
#13039=DIRECTION('',(0.,1.,0.));
#13040=DIRECTION('',(1.,0.,0.));
#13041=DIRECTION('center_axis',(-1.,0.,0.));
#13042=DIRECTION('ref_axis',(0.,0.,1.));
#13043=DIRECTION('',(0.,-0.707106781186547,0.707106781186548));
#13044=DIRECTION('',(0.,0.,1.));
#13045=DIRECTION('',(0.,1.,0.));
#13046=DIRECTION('',(0.,0.,-1.));
#13047=DIRECTION('center_axis',(0.707106781186547,0.,-0.707106781186548));
#13048=DIRECTION('ref_axis',(-0.707106781186548,0.,-0.707106781186547));
#13049=DIRECTION('',(0.,-1.,0.));
#13050=DIRECTION('',(-0.707106781186548,0.,-0.707106781186547));
#13051=DIRECTION('',(0.,1.,0.));
#13052=DIRECTION('',(0.707106781186548,0.,0.707106781186547));
#13053=DIRECTION('',(-0.577350269189626,-0.577350269189626,-0.577350269189626));
#13054=DIRECTION('center_axis',(0.707106781186547,0.,0.707106781186548));
#13055=DIRECTION('ref_axis',(0.707106781186548,0.,-0.707106781186547));
#13056=DIRECTION('',(-0.707106781186548,0.,0.707106781186547));
#13057=DIRECTION('',(0.707106781186548,0.,-0.707106781186547));
#13058=DIRECTION('center_axis',(0.,1.,0.));
#13059=DIRECTION('ref_axis',(-1.,0.,0.));
#13060=DIRECTION('',(0.,0.,-1.));
#13061=DIRECTION('',(0.,0.,1.));
#13062=DIRECTION('',(-1.,0.,0.));
#13063=DIRECTION('center_axis',(1.,0.,0.));
#13064=DIRECTION('ref_axis',(0.,1.,0.));
#13065=DIRECTION('',(0.,-0.707106781186548,-0.707106781186547));
#13066=DIRECTION('',(0.,0.,1.));
#13067=DIRECTION('',(0.,1.,0.));
#13068=DIRECTION('center_axis',(0.,0.707106781186547,-0.707106781186548));
#13069=DIRECTION('ref_axis',(0.,0.707106781186548,0.707106781186547));
#13070=DIRECTION('',(-1.,0.,0.));
#13071=DIRECTION('center_axis',(-1.,0.,0.));
#13072=DIRECTION('ref_axis',(0.,0.,1.));
#13073=DIRECTION('',(0.,1.,0.));
#13074=DIRECTION('',(0.,0.,-1.));
#13075=DIRECTION('',(0.,1.,0.));
#13076=DIRECTION('',(0.,0.,1.));
#13077=DIRECTION('center_axis',(0.707106781186547,0.,-0.707106781186548));
#13078=DIRECTION('ref_axis',(-0.707106781186548,0.,-0.707106781186547));
#13079=DIRECTION('',(0.577350269189626,-0.577350269189626,0.577350269189626));
#13080=DIRECTION('',(-0.707106781186548,0.,-0.707106781186547));
#13081=DIRECTION('',(0.,1.,0.));
#13082=DIRECTION('',(0.707106781186548,0.,0.707106781186547));
#13083=DIRECTION('',(0.,-1.,0.));
#13084=DIRECTION('center_axis',(0.707106781186547,0.,0.707106781186548));
#13085=DIRECTION('ref_axis',(0.707106781186548,0.,-0.707106781186547));
#13086=DIRECTION('',(-0.707106781186548,0.,0.707106781186547));
#13087=DIRECTION('',(0.707106781186548,0.,-0.707106781186547));
#13088=DIRECTION('',(0.,1.,0.));
#13089=DIRECTION('center_axis',(0.,-0.707106781186547,-0.707106781186548));
#13090=DIRECTION('ref_axis',(0.,0.707106781186548,-0.707106781186547));
#13091=DIRECTION('',(0.,-0.707106781186548,0.707106781186547));
#13092=DIRECTION('',(1.,0.,0.));
#13093=DIRECTION('center_axis',(1.,0.,0.));
#13094=DIRECTION('ref_axis',(0.,1.,0.));
#13095=DIRECTION('',(0.,0.,1.));
#13096=DIRECTION('',(0.,1.,0.));
#13097=DIRECTION('',(0.,0.,1.));
#13098=DIRECTION('center_axis',(0.,-1.,0.));
#13099=DIRECTION('ref_axis',(1.,0.,0.));
#13100=DIRECTION('center_axis',(0.,1.,0.));
#13101=DIRECTION('ref_axis',(1.,0.,0.));
#13102=DIRECTION('',(0.707106781186547,0.707106781186548,-8.65956056235493E-17));
#13103=DIRECTION('center_axis',(0.,-1.,0.));
#13104=DIRECTION('ref_axis',(1.,0.,0.));
#13105=DIRECTION('center_axis',(-0.707106781186548,0.,-0.707106781186547));
#13106=DIRECTION('ref_axis',(-0.707106781186547,0.,0.707106781186548));
#13107=DIRECTION('',(0.,1.,0.));
#13108=DIRECTION('',(0.707106781186547,0.,-0.707106781186548));
#13109=DIRECTION('',(0.,1.,0.));
#13110=DIRECTION('',(-0.707106781186547,0.,0.707106781186548));
#13111=DIRECTION('center_axis',(-0.707106781186548,0.,0.707106781186547));
#13112=DIRECTION('ref_axis',(0.707106781186547,0.,0.707106781186548));
#13113=DIRECTION('',(-0.707106781186547,0.,-0.707106781186548));
#13114=DIRECTION('',(0.,1.,0.));
#13115=DIRECTION('',(0.707106781186547,0.,0.707106781186548));
#13116=DIRECTION('center_axis',(0.,1.,0.));
#13117=DIRECTION('ref_axis',(-1.,0.,0.));
#13118=DIRECTION('',(-1.,0.,0.));
#13119=DIRECTION('',(0.,0.,1.));
#13120=DIRECTION('',(-1.,0.,0.));
#13121=DIRECTION('',(0.,0.,1.));
#13122=DIRECTION('center_axis',(0.,1.,0.));
#13123=DIRECTION('ref_axis',(1.,0.,0.));
#13124=DIRECTION('center_axis',(0.,-1.,0.));
#13125=DIRECTION('ref_axis',(1.,0.,0.));
#13126=DIRECTION('',(0.707106781186547,-0.707106781186548,8.65956056235493E-17));
#13127=DIRECTION('center_axis',(0.,1.,0.));
#13128=DIRECTION('ref_axis',(1.,0.,0.));
#13129=DIRECTION('center_axis',(-0.707106781186548,0.,-0.707106781186547));
#13130=DIRECTION('ref_axis',(-0.707106781186547,0.,0.707106781186548));
#13131=DIRECTION('',(0.,1.,0.));
#13132=DIRECTION('',(0.707106781186547,0.,-0.707106781186548));
#13133=DIRECTION('',(0.,1.,0.));
#13134=DIRECTION('',(-0.707106781186547,0.,0.707106781186548));
#13135=DIRECTION('center_axis',(-0.707106781186548,0.,0.707106781186547));
#13136=DIRECTION('ref_axis',(0.707106781186547,0.,0.707106781186548));
#13137=DIRECTION('',(-0.707106781186547,0.,-0.707106781186548));
#13138=DIRECTION('',(0.,1.,0.));
#13139=DIRECTION('',(0.707106781186547,0.,0.707106781186548));
#13140=DIRECTION('center_axis',(-1.,0.,0.));
#13141=DIRECTION('ref_axis',(0.,-1.,0.));
#13142=DIRECTION('',(0.,0.,1.));
#13143=DIRECTION('',(0.,-1.,0.));
#13144=DIRECTION('',(0.,0.,1.));
#13145=DIRECTION('center_axis',(0.,1.,0.));
#13146=DIRECTION('ref_axis',(-1.,0.,0.));
#13147=DIRECTION('',(1.,0.,0.));
#13148=DIRECTION('',(0.,0.,1.));
#13149=DIRECTION('',(-1.,0.,0.));
#13150=DIRECTION('center_axis',(1.,0.,0.));
#13151=DIRECTION('ref_axis',(0.,0.,-1.));
#13152=DIRECTION('',(0.,1.,0.));
#13153=DIRECTION('',(0.,0.,1.));
#13154=DIRECTION('',(0.,-0.707106781186547,0.707106781186548));
#13155=DIRECTION('',(0.,0.707106781186547,0.707106781186548));
#13156=DIRECTION('',(0.,1.,0.));
#13157=DIRECTION('',(0.,0.,-1.));
#13158=DIRECTION('center_axis',(0.,1.,0.));
#13159=DIRECTION('ref_axis',(0.,0.,1.));
#13160=DIRECTION('',(1.,0.,0.));
#13161=DIRECTION('',(1.,0.,0.));
#13162=DIRECTION('',(0.,0.,1.));
#13163=DIRECTION('center_axis',(0.,-0.707106781186548,-0.707106781186547));
#13164=DIRECTION('ref_axis',(0.,0.707106781186547,-0.707106781186548));
#13165=DIRECTION('',(1.,0.,0.));
#13166=DIRECTION('',(0.,0.707106781186547,-0.707106781186548));
#13167=DIRECTION('',(1.,0.,0.));
#13168=DIRECTION('',(-1.,0.,0.));
#13169=DIRECTION('center_axis',(0.,-0.707106781186548,0.707106781186547));
#13170=DIRECTION('ref_axis',(0.,-0.707106781186547,-0.707106781186548));
#13171=DIRECTION('',(0.,-0.707106781186547,-0.707106781186548));
#13172=DIRECTION('',(1.,0.,0.));
#13173=DIRECTION('center_axis',(0.,0.,1.));
#13174=DIRECTION('ref_axis',(0.,-1.,0.));
#13175=DIRECTION('',(0.,-1.,0.));
#13176=DIRECTION('center_axis',(1.,0.,0.));
#13177=DIRECTION('ref_axis',(0.,1.,0.));
#13178=DIRECTION('',(0.,1.,0.));
#13179=DIRECTION('',(0.,1.,0.));
#13180=DIRECTION('',(0.,0.,1.));
#13181=DIRECTION('center_axis',(1.,0.,0.));
#13182=DIRECTION('ref_axis',(0.,0.,-1.));
#13183=DIRECTION('',(0.,-1.,0.));
#13184=DIRECTION('',(0.,0.,1.));
#13185=DIRECTION('',(0.,0.707106781186547,0.707106781186548));
#13186=DIRECTION('',(0.,-0.707106781186547,0.707106781186548));
#13187=DIRECTION('',(0.,-1.,0.));
#13188=DIRECTION('',(0.,0.,-1.));
#13189=DIRECTION('center_axis',(0.,0.,1.));
#13190=DIRECTION('ref_axis',(0.,-1.,0.));
#13191=DIRECTION('',(0.,-1.,0.));
#13192=DIRECTION('',(1.,0.,0.));
#13193=DIRECTION('',(1.,0.,0.));
#13194=DIRECTION('center_axis',(0.,0.707106781186548,0.707106781186547));
#13195=DIRECTION('ref_axis',(0.,-0.707106781186547,0.707106781186548));
#13196=DIRECTION('',(0.,-0.707106781186547,0.707106781186548));
#13197=DIRECTION('',(1.,0.,0.));
#13198=DIRECTION('center_axis',(0.,0.707106781186548,-0.707106781186547));
#13199=DIRECTION('ref_axis',(0.,0.707106781186547,0.707106781186548));
#13200=DIRECTION('',(0.,0.707106781186547,0.707106781186548));
#13201=DIRECTION('',(1.,0.,0.));
#13202=DIRECTION('center_axis',(0.,-1.,0.));
#13203=DIRECTION('ref_axis',(0.,0.,-1.));
#13204=DIRECTION('',(-1.,0.,0.));
#13205=DIRECTION('',(0.,0.,-1.));
#13206=DIRECTION('center_axis',(-1.,0.,0.));
#13207=DIRECTION('ref_axis',(0.,-1.,0.));
#13208=DIRECTION('',(0.,0.,-1.));
#13209=DIRECTION('',(0.,-1.,0.));
#13210=DIRECTION('',(0.,-1.,0.));
#13211=DIRECTION('',(0.,0.,1.));
#13212=DIRECTION('',(0.,-1.,0.));
#13213=DIRECTION('',(0.,0.,1.));
#13214=DIRECTION('',(0.,-1.,0.));
#13215=DIRECTION('center_axis',(0.,-1.,0.));
#13216=DIRECTION('ref_axis',(1.,0.,0.));
#13217=DIRECTION('',(1.,0.,0.));
#13218=DIRECTION('',(-1.,0.,0.));
#13219=DIRECTION('center_axis',(0.,0.,1.));
#13220=DIRECTION('ref_axis',(1.,0.,0.));
#13221=DIRECTION('',(-1.,0.,0.));
#13222=DIRECTION('center_axis',(0.,0.,1.));
#13223=DIRECTION('ref_axis',(1.,0.,0.));
#13224=DIRECTION('',(1.,0.,0.));
#13225=DIRECTION('',(1.,0.,0.));
#13226=DIRECTION('',(0.,1.,0.));
#13227=DIRECTION('',(-1.,0.,0.));
#13228=DIRECTION('center_axis',(0.,0.,1.));
#13229=DIRECTION('ref_axis',(1.,0.,0.));
#13230=DIRECTION('',(1.,0.,0.));
#13231=DIRECTION('',(0.,-1.,0.));
#13232=DIRECTION('',(1.,0.,0.));
#13233=DIRECTION('',(0.,1.,0.));
#13234=DIRECTION('',(-1.,0.,0.));
#13235=DIRECTION('',(1.,0.,0.));
#13236=DIRECTION('',(0.,1.,0.));
#13237=DIRECTION('',(1.,0.,0.));
#13238=DIRECTION('center_axis',(0.,1.,0.));
#13239=DIRECTION('ref_axis',(-1.,0.,0.));
#13240=DIRECTION('',(-1.,0.,0.));
#13241=DIRECTION('center_axis',(0.,0.,1.));
#13242=DIRECTION('ref_axis',(1.,0.,0.));
#13243=DIRECTION('',(-1.,0.,0.));
#13244=DIRECTION('',(0.,1.,0.));
#13245=DIRECTION('',(-1.,0.,0.));
#13246=DIRECTION('',(1.,0.,0.));
#13247=DIRECTION('center_axis',(0.,-1.,0.));
#13248=DIRECTION('ref_axis',(1.,0.,0.));
#13249=DIRECTION('',(0.,0.,1.));
#13250=DIRECTION('center_axis',(1.,0.,0.));
#13251=DIRECTION('ref_axis',(0.,1.,0.));
#13252=DIRECTION('',(0.,0.,-1.));
#13253=DIRECTION('center_axis',(0.,-1.,0.));
#13254=DIRECTION('ref_axis',(1.,0.,0.));
#13255=DIRECTION('',(0.,0.,1.));
#13256=DIRECTION('center_axis',(0.,-1.,0.));
#13257=DIRECTION('ref_axis',(1.,0.,0.));
#13258=DIRECTION('',(0.,0.,1.));
#13259=DIRECTION('center_axis',(-1.,0.,0.));
#13260=DIRECTION('ref_axis',(0.,-1.,0.));
#13261=DIRECTION('center_axis',(0.,1.,0.));
#13262=DIRECTION('ref_axis',(-1.,0.,0.));
#13263=DIRECTION('center_axis',(0.,-1.,0.));
#13264=DIRECTION('ref_axis',(1.,0.,0.));
#13265=DIRECTION('',(0.,0.,1.));
#13266=DIRECTION('center_axis',(1.,0.,0.));
#13267=DIRECTION('ref_axis',(0.,1.,0.));
#13268=DIRECTION('center_axis',(0.,-1.,0.));
#13269=DIRECTION('ref_axis',(0.,0.,1.));
#13270=DIRECTION('',(-8.65956056235493E-17,-0.707106781186547,-0.707106781186548));
#13271=DIRECTION('center_axis',(0.,-1.,0.));
#13272=DIRECTION('ref_axis',(0.,0.,1.));
#13273=DIRECTION('center_axis',(0.,1.,0.));
#13274=DIRECTION('ref_axis',(0.,0.,1.));
#13275=DIRECTION('center_axis',(0.,1.,0.));
#13276=DIRECTION('ref_axis',(0.,0.,1.));
#13277=DIRECTION('',(8.65956056235493E-17,-0.707106781186547,0.707106781186548));
#13278=DIRECTION('center_axis',(0.,0.,1.));
#13279=DIRECTION('ref_axis',(1.,0.,0.));
#13280=DIRECTION('',(0.,1.,0.));
#13281=DIRECTION('',(-1.,0.,0.));
#13282=DIRECTION('',(0.,1.,0.));
#13283=DIRECTION('',(1.,0.,0.));
#13284=DIRECTION('center_axis',(-1.,0.,0.));
#13285=DIRECTION('ref_axis',(0.,0.,1.));
#13286=DIRECTION('',(0.,-0.707106781186547,0.707106781186548));
#13287=DIRECTION('',(0.,0.,1.));
#13288=DIRECTION('',(0.,1.,0.));
#13289=DIRECTION('',(0.,0.,-1.));
#13290=DIRECTION('center_axis',(0.707106781186547,0.,-0.707106781186548));
#13291=DIRECTION('ref_axis',(-0.707106781186548,0.,-0.707106781186547));
#13292=DIRECTION('',(0.,-1.,0.));
#13293=DIRECTION('',(-0.707106781186548,0.,-0.707106781186547));
#13294=DIRECTION('',(0.,1.,0.));
#13295=DIRECTION('',(0.707106781186548,0.,0.707106781186547));
#13296=DIRECTION('',(-0.577350269189626,-0.577350269189626,-0.577350269189626));
#13297=DIRECTION('center_axis',(0.707106781186547,0.,0.707106781186548));
#13298=DIRECTION('ref_axis',(0.707106781186548,0.,-0.707106781186547));
#13299=DIRECTION('',(-0.707106781186548,0.,0.707106781186547));
#13300=DIRECTION('',(0.707106781186548,0.,-0.707106781186547));
#13301=DIRECTION('center_axis',(0.,1.,0.));
#13302=DIRECTION('ref_axis',(-1.,0.,0.));
#13303=DIRECTION('',(0.,0.,-1.));
#13304=DIRECTION('',(0.,0.,1.));
#13305=DIRECTION('',(-1.,0.,0.));
#13306=DIRECTION('center_axis',(1.,0.,0.));
#13307=DIRECTION('ref_axis',(0.,1.,0.));
#13308=DIRECTION('',(0.,-0.707106781186548,-0.707106781186547));
#13309=DIRECTION('',(0.,0.,1.));
#13310=DIRECTION('',(0.,1.,0.));
#13311=DIRECTION('center_axis',(0.,0.707106781186547,-0.707106781186548));
#13312=DIRECTION('ref_axis',(0.,0.707106781186548,0.707106781186547));
#13313=DIRECTION('',(-1.,0.,0.));
#13314=DIRECTION('center_axis',(-1.,0.,0.));
#13315=DIRECTION('ref_axis',(0.,0.,1.));
#13316=DIRECTION('',(0.,1.,0.));
#13317=DIRECTION('',(0.,0.,-1.));
#13318=DIRECTION('',(0.,1.,0.));
#13319=DIRECTION('',(0.,0.,1.));
#13320=DIRECTION('center_axis',(0.707106781186547,0.,-0.707106781186548));
#13321=DIRECTION('ref_axis',(-0.707106781186548,0.,-0.707106781186547));
#13322=DIRECTION('',(0.577350269189626,-0.577350269189626,0.577350269189626));
#13323=DIRECTION('',(-0.707106781186548,0.,-0.707106781186547));
#13324=DIRECTION('',(0.,1.,0.));
#13325=DIRECTION('',(0.707106781186548,0.,0.707106781186547));
#13326=DIRECTION('',(0.,-1.,0.));
#13327=DIRECTION('center_axis',(0.707106781186547,0.,0.707106781186548));
#13328=DIRECTION('ref_axis',(0.707106781186548,0.,-0.707106781186547));
#13329=DIRECTION('',(-0.707106781186548,0.,0.707106781186547));
#13330=DIRECTION('',(0.707106781186548,0.,-0.707106781186547));
#13331=DIRECTION('',(0.,1.,0.));
#13332=DIRECTION('center_axis',(0.,-0.707106781186547,-0.707106781186548));
#13333=DIRECTION('ref_axis',(0.,0.707106781186548,-0.707106781186547));
#13334=DIRECTION('',(0.,-0.707106781186548,0.707106781186547));
#13335=DIRECTION('',(1.,0.,0.));
#13336=DIRECTION('center_axis',(1.,0.,0.));
#13337=DIRECTION('ref_axis',(0.,1.,0.));
#13338=DIRECTION('',(0.,0.,1.));
#13339=DIRECTION('',(0.,1.,0.));
#13340=DIRECTION('',(0.,0.,1.));
#13341=DIRECTION('center_axis',(0.,-1.,0.));
#13342=DIRECTION('ref_axis',(1.,0.,0.));
#13343=DIRECTION('center_axis',(0.,1.,0.));
#13344=DIRECTION('ref_axis',(1.,0.,0.));
#13345=DIRECTION('',(0.707106781186547,0.707106781186548,-8.65956056235493E-17));
#13346=DIRECTION('center_axis',(0.,-1.,0.));
#13347=DIRECTION('ref_axis',(1.,0.,0.));
#13348=DIRECTION('center_axis',(-0.707106781186548,0.,-0.707106781186547));
#13349=DIRECTION('ref_axis',(-0.707106781186547,0.,0.707106781186548));
#13350=DIRECTION('',(0.,1.,0.));
#13351=DIRECTION('',(0.707106781186547,0.,-0.707106781186548));
#13352=DIRECTION('',(0.,1.,0.));
#13353=DIRECTION('',(-0.707106781186547,0.,0.707106781186548));
#13354=DIRECTION('center_axis',(-0.707106781186548,0.,0.707106781186547));
#13355=DIRECTION('ref_axis',(0.707106781186547,0.,0.707106781186548));
#13356=DIRECTION('',(-0.707106781186547,0.,-0.707106781186548));
#13357=DIRECTION('',(0.,1.,0.));
#13358=DIRECTION('',(0.707106781186547,0.,0.707106781186548));
#13359=DIRECTION('center_axis',(0.,1.,0.));
#13360=DIRECTION('ref_axis',(-1.,0.,0.));
#13361=DIRECTION('',(-1.,0.,0.));
#13362=DIRECTION('',(0.,0.,1.));
#13363=DIRECTION('',(-1.,0.,0.));
#13364=DIRECTION('',(0.,0.,1.));
#13365=DIRECTION('center_axis',(0.,1.,0.));
#13366=DIRECTION('ref_axis',(1.,0.,0.));
#13367=DIRECTION('center_axis',(0.,-1.,0.));
#13368=DIRECTION('ref_axis',(1.,0.,0.));
#13369=DIRECTION('',(0.707106781186547,-0.707106781186548,8.65956056235493E-17));
#13370=DIRECTION('center_axis',(0.,1.,0.));
#13371=DIRECTION('ref_axis',(1.,0.,0.));
#13372=DIRECTION('center_axis',(-0.707106781186548,0.,-0.707106781186547));
#13373=DIRECTION('ref_axis',(-0.707106781186547,0.,0.707106781186548));
#13374=DIRECTION('',(0.,1.,0.));
#13375=DIRECTION('',(0.707106781186547,0.,-0.707106781186548));
#13376=DIRECTION('',(0.,1.,0.));
#13377=DIRECTION('',(-0.707106781186547,0.,0.707106781186548));
#13378=DIRECTION('center_axis',(-0.707106781186548,0.,0.707106781186547));
#13379=DIRECTION('ref_axis',(0.707106781186547,0.,0.707106781186548));
#13380=DIRECTION('',(-0.707106781186547,0.,-0.707106781186548));
#13381=DIRECTION('',(0.,1.,0.));
#13382=DIRECTION('',(0.707106781186547,0.,0.707106781186548));
#13383=DIRECTION('center_axis',(-1.,0.,0.));
#13384=DIRECTION('ref_axis',(0.,-1.,0.));
#13385=DIRECTION('',(0.,0.,1.));
#13386=DIRECTION('',(0.,-1.,0.));
#13387=DIRECTION('',(0.,0.,1.));
#13388=DIRECTION('center_axis',(0.,1.,0.));
#13389=DIRECTION('ref_axis',(-1.,0.,0.));
#13390=DIRECTION('',(1.,0.,0.));
#13391=DIRECTION('',(0.,0.,1.));
#13392=DIRECTION('',(-1.,0.,0.));
#13393=DIRECTION('center_axis',(1.,0.,0.));
#13394=DIRECTION('ref_axis',(0.,0.,-1.));
#13395=DIRECTION('',(0.,1.,0.));
#13396=DIRECTION('',(0.,0.,1.));
#13397=DIRECTION('',(0.,-0.707106781186547,0.707106781186548));
#13398=DIRECTION('',(0.,0.707106781186547,0.707106781186548));
#13399=DIRECTION('',(0.,1.,0.));
#13400=DIRECTION('',(0.,0.,-1.));
#13401=DIRECTION('center_axis',(0.,1.,0.));
#13402=DIRECTION('ref_axis',(0.,0.,1.));
#13403=DIRECTION('',(1.,0.,0.));
#13404=DIRECTION('',(1.,0.,0.));
#13405=DIRECTION('',(0.,0.,1.));
#13406=DIRECTION('center_axis',(0.,-0.707106781186548,-0.707106781186547));
#13407=DIRECTION('ref_axis',(0.,0.707106781186547,-0.707106781186548));
#13408=DIRECTION('',(1.,0.,0.));
#13409=DIRECTION('',(0.,0.707106781186547,-0.707106781186548));
#13410=DIRECTION('',(1.,0.,0.));
#13411=DIRECTION('',(-1.,0.,0.));
#13412=DIRECTION('center_axis',(0.,-0.707106781186548,0.707106781186547));
#13413=DIRECTION('ref_axis',(0.,-0.707106781186547,-0.707106781186548));
#13414=DIRECTION('',(0.,-0.707106781186547,-0.707106781186548));
#13415=DIRECTION('',(1.,0.,0.));
#13416=DIRECTION('center_axis',(0.,0.,1.));
#13417=DIRECTION('ref_axis',(0.,-1.,0.));
#13418=DIRECTION('',(0.,-1.,0.));
#13419=DIRECTION('center_axis',(1.,0.,0.));
#13420=DIRECTION('ref_axis',(0.,1.,0.));
#13421=DIRECTION('',(0.,1.,0.));
#13422=DIRECTION('',(0.,1.,0.));
#13423=DIRECTION('',(0.,0.,1.));
#13424=DIRECTION('center_axis',(1.,0.,0.));
#13425=DIRECTION('ref_axis',(0.,0.,-1.));
#13426=DIRECTION('',(0.,-1.,0.));
#13427=DIRECTION('',(0.,0.,1.));
#13428=DIRECTION('',(0.,0.707106781186547,0.707106781186548));
#13429=DIRECTION('',(0.,-0.707106781186547,0.707106781186548));
#13430=DIRECTION('',(0.,-1.,0.));
#13431=DIRECTION('',(0.,0.,-1.));
#13432=DIRECTION('center_axis',(0.,0.,1.));
#13433=DIRECTION('ref_axis',(0.,-1.,0.));
#13434=DIRECTION('',(0.,-1.,0.));
#13435=DIRECTION('',(1.,0.,0.));
#13436=DIRECTION('',(1.,0.,0.));
#13437=DIRECTION('center_axis',(0.,0.707106781186548,0.707106781186547));
#13438=DIRECTION('ref_axis',(0.,-0.707106781186547,0.707106781186548));
#13439=DIRECTION('',(0.,-0.707106781186547,0.707106781186548));
#13440=DIRECTION('',(1.,0.,0.));
#13441=DIRECTION('center_axis',(0.,0.707106781186548,-0.707106781186547));
#13442=DIRECTION('ref_axis',(0.,0.707106781186547,0.707106781186548));
#13443=DIRECTION('',(0.,0.707106781186547,0.707106781186548));
#13444=DIRECTION('',(1.,0.,0.));
#13445=DIRECTION('center_axis',(0.,-1.,0.));
#13446=DIRECTION('ref_axis',(0.,0.,-1.));
#13447=DIRECTION('',(-1.,0.,0.));
#13448=DIRECTION('',(0.,0.,-1.));
#13449=DIRECTION('center_axis',(-1.,0.,0.));
#13450=DIRECTION('ref_axis',(0.,-1.,0.));
#13451=DIRECTION('',(0.,0.,-1.));
#13452=DIRECTION('',(0.,-1.,0.));
#13453=DIRECTION('',(0.,-1.,0.));
#13454=DIRECTION('',(0.,0.,1.));
#13455=DIRECTION('',(0.,-1.,0.));
#13456=DIRECTION('',(0.,0.,1.));
#13457=DIRECTION('',(0.,-1.,0.));
#13458=DIRECTION('center_axis',(0.,-1.,0.));
#13459=DIRECTION('ref_axis',(1.,0.,0.));
#13460=DIRECTION('',(1.,0.,0.));
#13461=DIRECTION('',(-1.,0.,0.));
#13462=DIRECTION('center_axis',(0.,0.,1.));
#13463=DIRECTION('ref_axis',(1.,0.,0.));
#13464=DIRECTION('',(-1.,0.,0.));
#13465=DIRECTION('center_axis',(0.,0.,1.));
#13466=DIRECTION('ref_axis',(1.,0.,0.));
#13467=DIRECTION('',(1.,0.,0.));
#13468=DIRECTION('',(1.,0.,0.));
#13469=DIRECTION('',(0.,1.,0.));
#13470=DIRECTION('',(-1.,0.,0.));
#13471=DIRECTION('center_axis',(0.,0.,1.));
#13472=DIRECTION('ref_axis',(1.,0.,0.));
#13473=DIRECTION('',(1.,0.,0.));
#13474=DIRECTION('',(0.,-1.,0.));
#13475=DIRECTION('',(1.,0.,0.));
#13476=DIRECTION('',(0.,1.,0.));
#13477=DIRECTION('',(-1.,0.,0.));
#13478=DIRECTION('',(1.,0.,0.));
#13479=DIRECTION('',(0.,1.,0.));
#13480=DIRECTION('',(1.,0.,0.));
#13481=DIRECTION('center_axis',(0.,1.,0.));
#13482=DIRECTION('ref_axis',(-1.,0.,0.));
#13483=DIRECTION('',(-1.,0.,0.));
#13484=DIRECTION('center_axis',(0.,0.,1.));
#13485=DIRECTION('ref_axis',(1.,0.,0.));
#13486=DIRECTION('',(-1.,0.,0.));
#13487=DIRECTION('',(0.,1.,0.));
#13488=DIRECTION('',(-1.,0.,0.));
#13489=DIRECTION('',(1.,0.,0.));
#13490=DIRECTION('center_axis',(0.,-1.,0.));
#13491=DIRECTION('ref_axis',(1.,0.,0.));
#13492=DIRECTION('',(0.,0.,1.));
#13493=DIRECTION('center_axis',(1.,0.,0.));
#13494=DIRECTION('ref_axis',(0.,1.,0.));
#13495=DIRECTION('',(0.,0.,-1.));
#13496=DIRECTION('center_axis',(0.,-1.,0.));
#13497=DIRECTION('ref_axis',(1.,0.,0.));
#13498=DIRECTION('',(0.,0.,1.));
#13499=DIRECTION('center_axis',(0.,-1.,0.));
#13500=DIRECTION('ref_axis',(1.,0.,0.));
#13501=DIRECTION('',(0.,0.,1.));
#13502=DIRECTION('center_axis',(-1.,0.,0.));
#13503=DIRECTION('ref_axis',(0.,-1.,0.));
#13504=DIRECTION('center_axis',(0.,1.,0.));
#13505=DIRECTION('ref_axis',(-1.,0.,0.));
#13506=DIRECTION('center_axis',(0.,-1.,0.));
#13507=DIRECTION('ref_axis',(1.,0.,0.));
#13508=DIRECTION('',(0.,0.,1.));
#13509=DIRECTION('center_axis',(1.,0.,0.));
#13510=DIRECTION('ref_axis',(0.,1.,0.));
#13511=DIRECTION('center_axis',(0.,-1.,0.));
#13512=DIRECTION('ref_axis',(0.,0.,1.));
#13513=DIRECTION('',(-8.65956056235493E-17,-0.707106781186547,-0.707106781186548));
#13514=DIRECTION('center_axis',(0.,-1.,0.));
#13515=DIRECTION('ref_axis',(0.,0.,1.));
#13516=DIRECTION('center_axis',(0.,1.,0.));
#13517=DIRECTION('ref_axis',(0.,0.,1.));
#13518=DIRECTION('center_axis',(0.,1.,0.));
#13519=DIRECTION('ref_axis',(0.,0.,1.));
#13520=DIRECTION('',(8.65956056235493E-17,-0.707106781186547,0.707106781186548));
#13521=DIRECTION('center_axis',(0.,0.,1.));
#13522=DIRECTION('ref_axis',(1.,0.,0.));
#13523=DIRECTION('',(0.,1.,0.));
#13524=DIRECTION('',(-1.,0.,0.));
#13525=DIRECTION('',(0.,1.,0.));
#13526=DIRECTION('',(1.,0.,0.));
#13527=DIRECTION('center_axis',(-1.,0.,0.));
#13528=DIRECTION('ref_axis',(0.,0.,1.));
#13529=DIRECTION('',(0.,-0.707106781186547,0.707106781186548));
#13530=DIRECTION('',(0.,0.,1.));
#13531=DIRECTION('',(0.,1.,0.));
#13532=DIRECTION('',(0.,0.,-1.));
#13533=DIRECTION('center_axis',(0.707106781186547,0.,-0.707106781186548));
#13534=DIRECTION('ref_axis',(-0.707106781186548,0.,-0.707106781186547));
#13535=DIRECTION('',(0.,-1.,0.));
#13536=DIRECTION('',(-0.707106781186548,0.,-0.707106781186547));
#13537=DIRECTION('',(0.,1.,0.));
#13538=DIRECTION('',(0.707106781186548,0.,0.707106781186547));
#13539=DIRECTION('',(-0.577350269189626,-0.577350269189626,-0.577350269189626));
#13540=DIRECTION('center_axis',(0.707106781186547,0.,0.707106781186548));
#13541=DIRECTION('ref_axis',(0.707106781186548,0.,-0.707106781186547));
#13542=DIRECTION('',(-0.707106781186548,0.,0.707106781186547));
#13543=DIRECTION('',(0.707106781186548,0.,-0.707106781186547));
#13544=DIRECTION('center_axis',(0.,1.,0.));
#13545=DIRECTION('ref_axis',(-1.,0.,0.));
#13546=DIRECTION('',(0.,0.,-1.));
#13547=DIRECTION('',(0.,0.,1.));
#13548=DIRECTION('',(-1.,0.,0.));
#13549=DIRECTION('center_axis',(1.,0.,0.));
#13550=DIRECTION('ref_axis',(0.,1.,0.));
#13551=DIRECTION('',(0.,-0.707106781186548,-0.707106781186547));
#13552=DIRECTION('',(0.,0.,1.));
#13553=DIRECTION('',(0.,1.,0.));
#13554=DIRECTION('center_axis',(0.,0.707106781186547,-0.707106781186548));
#13555=DIRECTION('ref_axis',(0.,0.707106781186548,0.707106781186547));
#13556=DIRECTION('',(-1.,0.,0.));
#13557=DIRECTION('center_axis',(-1.,0.,0.));
#13558=DIRECTION('ref_axis',(0.,0.,1.));
#13559=DIRECTION('',(0.,1.,0.));
#13560=DIRECTION('',(0.,0.,-1.));
#13561=DIRECTION('',(0.,1.,0.));
#13562=DIRECTION('',(0.,0.,1.));
#13563=DIRECTION('center_axis',(0.707106781186547,0.,-0.707106781186548));
#13564=DIRECTION('ref_axis',(-0.707106781186548,0.,-0.707106781186547));
#13565=DIRECTION('',(0.577350269189626,-0.577350269189626,0.577350269189626));
#13566=DIRECTION('',(-0.707106781186548,0.,-0.707106781186547));
#13567=DIRECTION('',(0.,1.,0.));
#13568=DIRECTION('',(0.707106781186548,0.,0.707106781186547));
#13569=DIRECTION('',(0.,-1.,0.));
#13570=DIRECTION('center_axis',(0.707106781186547,0.,0.707106781186548));
#13571=DIRECTION('ref_axis',(0.707106781186548,0.,-0.707106781186547));
#13572=DIRECTION('',(-0.707106781186548,0.,0.707106781186547));
#13573=DIRECTION('',(0.707106781186548,0.,-0.707106781186547));
#13574=DIRECTION('',(0.,1.,0.));
#13575=DIRECTION('center_axis',(0.,-0.707106781186547,-0.707106781186548));
#13576=DIRECTION('ref_axis',(0.,0.707106781186548,-0.707106781186547));
#13577=DIRECTION('',(0.,-0.707106781186548,0.707106781186547));
#13578=DIRECTION('',(1.,0.,0.));
#13579=DIRECTION('center_axis',(1.,0.,0.));
#13580=DIRECTION('ref_axis',(0.,1.,0.));
#13581=DIRECTION('',(0.,0.,1.));
#13582=DIRECTION('',(0.,1.,0.));
#13583=DIRECTION('',(0.,0.,1.));
#13584=DIRECTION('center_axis',(0.,-1.,0.));
#13585=DIRECTION('ref_axis',(1.,0.,0.));
#13586=DIRECTION('center_axis',(0.,1.,0.));
#13587=DIRECTION('ref_axis',(1.,0.,0.));
#13588=DIRECTION('',(0.707106781186547,0.707106781186548,-8.65956056235493E-17));
#13589=DIRECTION('center_axis',(0.,-1.,0.));
#13590=DIRECTION('ref_axis',(1.,0.,0.));
#13591=DIRECTION('center_axis',(-0.707106781186548,0.,-0.707106781186547));
#13592=DIRECTION('ref_axis',(-0.707106781186547,0.,0.707106781186548));
#13593=DIRECTION('',(0.,1.,0.));
#13594=DIRECTION('',(0.707106781186547,0.,-0.707106781186548));
#13595=DIRECTION('',(0.,1.,0.));
#13596=DIRECTION('',(-0.707106781186547,0.,0.707106781186548));
#13597=DIRECTION('center_axis',(-0.707106781186548,0.,0.707106781186547));
#13598=DIRECTION('ref_axis',(0.707106781186547,0.,0.707106781186548));
#13599=DIRECTION('',(-0.707106781186547,0.,-0.707106781186548));
#13600=DIRECTION('',(0.,1.,0.));
#13601=DIRECTION('',(0.707106781186547,0.,0.707106781186548));
#13602=DIRECTION('center_axis',(0.,1.,0.));
#13603=DIRECTION('ref_axis',(-1.,0.,0.));
#13604=DIRECTION('',(-1.,0.,0.));
#13605=DIRECTION('',(0.,0.,1.));
#13606=DIRECTION('',(-1.,0.,0.));
#13607=DIRECTION('',(0.,0.,1.));
#13608=DIRECTION('center_axis',(0.,1.,0.));
#13609=DIRECTION('ref_axis',(1.,0.,0.));
#13610=DIRECTION('center_axis',(0.,-1.,0.));
#13611=DIRECTION('ref_axis',(1.,0.,0.));
#13612=DIRECTION('',(0.707106781186547,-0.707106781186548,8.65956056235493E-17));
#13613=DIRECTION('center_axis',(0.,1.,0.));
#13614=DIRECTION('ref_axis',(1.,0.,0.));
#13615=DIRECTION('center_axis',(-0.707106781186548,0.,-0.707106781186547));
#13616=DIRECTION('ref_axis',(-0.707106781186547,0.,0.707106781186548));
#13617=DIRECTION('',(0.,1.,0.));
#13618=DIRECTION('',(0.707106781186547,0.,-0.707106781186548));
#13619=DIRECTION('',(0.,1.,0.));
#13620=DIRECTION('',(-0.707106781186547,0.,0.707106781186548));
#13621=DIRECTION('center_axis',(-0.707106781186548,0.,0.707106781186547));
#13622=DIRECTION('ref_axis',(0.707106781186547,0.,0.707106781186548));
#13623=DIRECTION('',(-0.707106781186547,0.,-0.707106781186548));
#13624=DIRECTION('',(0.,1.,0.));
#13625=DIRECTION('',(0.707106781186547,0.,0.707106781186548));
#13626=DIRECTION('center_axis',(-1.,0.,0.));
#13627=DIRECTION('ref_axis',(0.,-1.,0.));
#13628=DIRECTION('',(0.,0.,1.));
#13629=DIRECTION('',(0.,-1.,0.));
#13630=DIRECTION('',(0.,0.,1.));
#13631=DIRECTION('center_axis',(0.,1.,0.));
#13632=DIRECTION('ref_axis',(-1.,0.,0.));
#13633=DIRECTION('',(1.,0.,0.));
#13634=DIRECTION('',(0.,0.,1.));
#13635=DIRECTION('',(-1.,0.,0.));
#13636=DIRECTION('center_axis',(1.,0.,0.));
#13637=DIRECTION('ref_axis',(0.,0.,-1.));
#13638=DIRECTION('',(0.,1.,0.));
#13639=DIRECTION('',(0.,0.,1.));
#13640=DIRECTION('',(0.,-0.707106781186547,0.707106781186548));
#13641=DIRECTION('',(0.,0.707106781186547,0.707106781186548));
#13642=DIRECTION('',(0.,1.,0.));
#13643=DIRECTION('',(0.,0.,-1.));
#13644=DIRECTION('center_axis',(0.,1.,0.));
#13645=DIRECTION('ref_axis',(0.,0.,1.));
#13646=DIRECTION('',(1.,0.,0.));
#13647=DIRECTION('',(1.,0.,0.));
#13648=DIRECTION('',(0.,0.,1.));
#13649=DIRECTION('center_axis',(0.,-0.707106781186548,-0.707106781186547));
#13650=DIRECTION('ref_axis',(0.,0.707106781186547,-0.707106781186548));
#13651=DIRECTION('',(1.,0.,0.));
#13652=DIRECTION('',(0.,0.707106781186547,-0.707106781186548));
#13653=DIRECTION('',(1.,0.,0.));
#13654=DIRECTION('',(-1.,0.,0.));
#13655=DIRECTION('center_axis',(0.,-0.707106781186548,0.707106781186547));
#13656=DIRECTION('ref_axis',(0.,-0.707106781186547,-0.707106781186548));
#13657=DIRECTION('',(0.,-0.707106781186547,-0.707106781186548));
#13658=DIRECTION('',(1.,0.,0.));
#13659=DIRECTION('center_axis',(0.,0.,1.));
#13660=DIRECTION('ref_axis',(0.,-1.,0.));
#13661=DIRECTION('',(0.,-1.,0.));
#13662=DIRECTION('center_axis',(1.,0.,0.));
#13663=DIRECTION('ref_axis',(0.,1.,0.));
#13664=DIRECTION('',(0.,1.,0.));
#13665=DIRECTION('',(0.,1.,0.));
#13666=DIRECTION('',(0.,0.,1.));
#13667=DIRECTION('center_axis',(1.,0.,0.));
#13668=DIRECTION('ref_axis',(0.,0.,-1.));
#13669=DIRECTION('',(0.,-1.,0.));
#13670=DIRECTION('',(0.,0.,1.));
#13671=DIRECTION('',(0.,0.707106781186547,0.707106781186548));
#13672=DIRECTION('',(0.,-0.707106781186547,0.707106781186548));
#13673=DIRECTION('',(0.,-1.,0.));
#13674=DIRECTION('',(0.,0.,-1.));
#13675=DIRECTION('center_axis',(0.,0.,1.));
#13676=DIRECTION('ref_axis',(0.,-1.,0.));
#13677=DIRECTION('',(0.,-1.,0.));
#13678=DIRECTION('',(1.,0.,0.));
#13679=DIRECTION('',(1.,0.,0.));
#13680=DIRECTION('center_axis',(0.,0.707106781186548,0.707106781186547));
#13681=DIRECTION('ref_axis',(0.,-0.707106781186547,0.707106781186548));
#13682=DIRECTION('',(0.,-0.707106781186547,0.707106781186548));
#13683=DIRECTION('',(1.,0.,0.));
#13684=DIRECTION('center_axis',(0.,0.707106781186548,-0.707106781186547));
#13685=DIRECTION('ref_axis',(0.,0.707106781186547,0.707106781186548));
#13686=DIRECTION('',(0.,0.707106781186547,0.707106781186548));
#13687=DIRECTION('',(1.,0.,0.));
#13688=DIRECTION('center_axis',(0.,-1.,0.));
#13689=DIRECTION('ref_axis',(0.,0.,-1.));
#13690=DIRECTION('',(-1.,0.,0.));
#13691=DIRECTION('',(0.,0.,-1.));
#13692=DIRECTION('center_axis',(-1.,0.,0.));
#13693=DIRECTION('ref_axis',(0.,-1.,0.));
#13694=DIRECTION('',(0.,0.,-1.));
#13695=DIRECTION('',(0.,-1.,0.));
#13696=DIRECTION('',(0.,-1.,0.));
#13697=DIRECTION('',(0.,0.,1.));
#13698=DIRECTION('',(0.,-1.,0.));
#13699=DIRECTION('',(0.,0.,1.));
#13700=DIRECTION('',(0.,-1.,0.));
#13701=DIRECTION('center_axis',(0.,-1.,0.));
#13702=DIRECTION('ref_axis',(1.,0.,0.));
#13703=DIRECTION('',(1.,0.,0.));
#13704=DIRECTION('',(-1.,0.,0.));
#13705=DIRECTION('center_axis',(0.,0.,1.));
#13706=DIRECTION('ref_axis',(1.,0.,0.));
#13707=DIRECTION('',(-1.,0.,0.));
#13708=DIRECTION('center_axis',(0.,0.,1.));
#13709=DIRECTION('ref_axis',(1.,0.,0.));
#13710=DIRECTION('',(1.,0.,0.));
#13711=DIRECTION('',(1.,0.,0.));
#13712=DIRECTION('',(0.,1.,0.));
#13713=DIRECTION('',(-1.,0.,0.));
#13714=DIRECTION('center_axis',(0.,0.,1.));
#13715=DIRECTION('ref_axis',(1.,0.,0.));
#13716=DIRECTION('',(1.,0.,0.));
#13717=DIRECTION('',(0.,-1.,0.));
#13718=DIRECTION('',(1.,0.,0.));
#13719=DIRECTION('',(0.,1.,0.));
#13720=DIRECTION('',(-1.,0.,0.));
#13721=DIRECTION('',(1.,0.,0.));
#13722=DIRECTION('',(0.,1.,0.));
#13723=DIRECTION('',(1.,0.,0.));
#13724=DIRECTION('center_axis',(0.,1.,0.));
#13725=DIRECTION('ref_axis',(-1.,0.,0.));
#13726=DIRECTION('',(-1.,0.,0.));
#13727=DIRECTION('center_axis',(0.,0.,1.));
#13728=DIRECTION('ref_axis',(1.,0.,0.));
#13729=DIRECTION('',(-1.,0.,0.));
#13730=DIRECTION('',(0.,1.,0.));
#13731=DIRECTION('',(-1.,0.,0.));
#13732=DIRECTION('',(1.,0.,0.));
#13733=DIRECTION('center_axis',(0.,-1.,0.));
#13734=DIRECTION('ref_axis',(1.,0.,0.));
#13735=DIRECTION('',(0.,0.,1.));
#13736=DIRECTION('center_axis',(1.,0.,0.));
#13737=DIRECTION('ref_axis',(0.,1.,0.));
#13738=DIRECTION('',(0.,0.,-1.));
#13739=DIRECTION('center_axis',(0.,-1.,0.));
#13740=DIRECTION('ref_axis',(1.,0.,0.));
#13741=DIRECTION('',(0.,0.,1.));
#13742=DIRECTION('center_axis',(0.,-1.,0.));
#13743=DIRECTION('ref_axis',(1.,0.,0.));
#13744=DIRECTION('',(0.,0.,1.));
#13745=DIRECTION('center_axis',(-1.,0.,0.));
#13746=DIRECTION('ref_axis',(0.,-1.,0.));
#13747=DIRECTION('center_axis',(0.,1.,0.));
#13748=DIRECTION('ref_axis',(-1.,0.,0.));
#13749=DIRECTION('center_axis',(0.,-1.,0.));
#13750=DIRECTION('ref_axis',(1.,0.,0.));
#13751=DIRECTION('',(0.,0.,1.));
#13752=DIRECTION('center_axis',(1.,0.,0.));
#13753=DIRECTION('ref_axis',(0.,1.,0.));
#13754=DIRECTION('center_axis',(0.,-1.,0.));
#13755=DIRECTION('ref_axis',(0.,0.,1.));
#13756=DIRECTION('',(-8.65956056235493E-17,-0.707106781186547,-0.707106781186548));
#13757=DIRECTION('center_axis',(0.,-1.,0.));
#13758=DIRECTION('ref_axis',(0.,0.,1.));
#13759=DIRECTION('center_axis',(0.,1.,0.));
#13760=DIRECTION('ref_axis',(0.,0.,1.));
#13761=DIRECTION('center_axis',(0.,1.,0.));
#13762=DIRECTION('ref_axis',(0.,0.,1.));
#13763=DIRECTION('',(8.65956056235493E-17,-0.707106781186547,0.707106781186548));
#13764=DIRECTION('center_axis',(0.,0.,1.));
#13765=DIRECTION('ref_axis',(1.,0.,0.));
#13766=DIRECTION('',(0.,1.,0.));
#13767=DIRECTION('',(-1.,0.,0.));
#13768=DIRECTION('',(0.,1.,0.));
#13769=DIRECTION('',(1.,0.,0.));
#13770=DIRECTION('center_axis',(-1.,0.,0.));
#13771=DIRECTION('ref_axis',(0.,0.,1.));
#13772=DIRECTION('',(0.,-0.707106781186547,0.707106781186548));
#13773=DIRECTION('',(0.,0.,1.));
#13774=DIRECTION('',(0.,1.,0.));
#13775=DIRECTION('',(0.,0.,-1.));
#13776=DIRECTION('center_axis',(0.707106781186547,0.,-0.707106781186548));
#13777=DIRECTION('ref_axis',(-0.707106781186548,0.,-0.707106781186547));
#13778=DIRECTION('',(0.,-1.,0.));
#13779=DIRECTION('',(-0.707106781186548,0.,-0.707106781186547));
#13780=DIRECTION('',(0.,1.,0.));
#13781=DIRECTION('',(0.707106781186548,0.,0.707106781186547));
#13782=DIRECTION('',(-0.577350269189626,-0.577350269189626,-0.577350269189626));
#13783=DIRECTION('center_axis',(0.707106781186547,0.,0.707106781186548));
#13784=DIRECTION('ref_axis',(0.707106781186548,0.,-0.707106781186547));
#13785=DIRECTION('',(-0.707106781186548,0.,0.707106781186547));
#13786=DIRECTION('',(0.707106781186548,0.,-0.707106781186547));
#13787=DIRECTION('center_axis',(0.,1.,0.));
#13788=DIRECTION('ref_axis',(-1.,0.,0.));
#13789=DIRECTION('',(0.,0.,-1.));
#13790=DIRECTION('',(0.,0.,1.));
#13791=DIRECTION('',(-1.,0.,0.));
#13792=DIRECTION('center_axis',(1.,0.,0.));
#13793=DIRECTION('ref_axis',(0.,1.,0.));
#13794=DIRECTION('',(0.,-0.707106781186548,-0.707106781186547));
#13795=DIRECTION('',(0.,0.,1.));
#13796=DIRECTION('',(0.,1.,0.));
#13797=DIRECTION('center_axis',(0.,0.707106781186547,-0.707106781186548));
#13798=DIRECTION('ref_axis',(0.,0.707106781186548,0.707106781186547));
#13799=DIRECTION('',(-1.,0.,0.));
#13800=DIRECTION('center_axis',(-1.,0.,0.));
#13801=DIRECTION('ref_axis',(0.,0.,1.));
#13802=DIRECTION('',(0.,1.,0.));
#13803=DIRECTION('',(0.,0.,-1.));
#13804=DIRECTION('',(0.,1.,0.));
#13805=DIRECTION('',(0.,0.,1.));
#13806=DIRECTION('center_axis',(0.707106781186547,0.,-0.707106781186548));
#13807=DIRECTION('ref_axis',(-0.707106781186548,0.,-0.707106781186547));
#13808=DIRECTION('',(0.577350269189626,-0.577350269189626,0.577350269189626));
#13809=DIRECTION('',(-0.707106781186548,0.,-0.707106781186547));
#13810=DIRECTION('',(0.,1.,0.));
#13811=DIRECTION('',(0.707106781186548,0.,0.707106781186547));
#13812=DIRECTION('',(0.,-1.,0.));
#13813=DIRECTION('center_axis',(0.707106781186547,0.,0.707106781186548));
#13814=DIRECTION('ref_axis',(0.707106781186548,0.,-0.707106781186547));
#13815=DIRECTION('',(-0.707106781186548,0.,0.707106781186547));
#13816=DIRECTION('',(0.707106781186548,0.,-0.707106781186547));
#13817=DIRECTION('',(0.,1.,0.));
#13818=DIRECTION('center_axis',(0.,-0.707106781186547,-0.707106781186548));
#13819=DIRECTION('ref_axis',(0.,0.707106781186548,-0.707106781186547));
#13820=DIRECTION('',(0.,-0.707106781186548,0.707106781186547));
#13821=DIRECTION('',(1.,0.,0.));
#13822=DIRECTION('center_axis',(1.,0.,0.));
#13823=DIRECTION('ref_axis',(0.,1.,0.));
#13824=DIRECTION('',(0.,0.,1.));
#13825=DIRECTION('',(0.,1.,0.));
#13826=DIRECTION('',(0.,0.,1.));
#13827=DIRECTION('center_axis',(0.,-1.,0.));
#13828=DIRECTION('ref_axis',(1.,0.,0.));
#13829=DIRECTION('center_axis',(0.,1.,0.));
#13830=DIRECTION('ref_axis',(1.,0.,0.));
#13831=DIRECTION('',(0.707106781186547,0.707106781186548,-8.65956056235493E-17));
#13832=DIRECTION('center_axis',(0.,-1.,0.));
#13833=DIRECTION('ref_axis',(1.,0.,0.));
#13834=DIRECTION('center_axis',(-0.707106781186548,0.,-0.707106781186547));
#13835=DIRECTION('ref_axis',(-0.707106781186547,0.,0.707106781186548));
#13836=DIRECTION('',(0.,1.,0.));
#13837=DIRECTION('',(0.707106781186547,0.,-0.707106781186548));
#13838=DIRECTION('',(0.,1.,0.));
#13839=DIRECTION('',(-0.707106781186547,0.,0.707106781186548));
#13840=DIRECTION('center_axis',(-0.707106781186548,0.,0.707106781186547));
#13841=DIRECTION('ref_axis',(0.707106781186547,0.,0.707106781186548));
#13842=DIRECTION('',(-0.707106781186547,0.,-0.707106781186548));
#13843=DIRECTION('',(0.,1.,0.));
#13844=DIRECTION('',(0.707106781186547,0.,0.707106781186548));
#13845=DIRECTION('center_axis',(0.,1.,0.));
#13846=DIRECTION('ref_axis',(-1.,0.,0.));
#13847=DIRECTION('',(-1.,0.,0.));
#13848=DIRECTION('',(0.,0.,1.));
#13849=DIRECTION('',(-1.,0.,0.));
#13850=DIRECTION('',(0.,0.,1.));
#13851=DIRECTION('center_axis',(0.,1.,0.));
#13852=DIRECTION('ref_axis',(1.,0.,0.));
#13853=DIRECTION('center_axis',(0.,-1.,0.));
#13854=DIRECTION('ref_axis',(1.,0.,0.));
#13855=DIRECTION('',(0.707106781186547,-0.707106781186548,8.65956056235493E-17));
#13856=DIRECTION('center_axis',(0.,1.,0.));
#13857=DIRECTION('ref_axis',(1.,0.,0.));
#13858=DIRECTION('center_axis',(-0.707106781186548,0.,-0.707106781186547));
#13859=DIRECTION('ref_axis',(-0.707106781186547,0.,0.707106781186548));
#13860=DIRECTION('',(0.,1.,0.));
#13861=DIRECTION('',(0.707106781186547,0.,-0.707106781186548));
#13862=DIRECTION('',(0.,1.,0.));
#13863=DIRECTION('',(-0.707106781186547,0.,0.707106781186548));
#13864=DIRECTION('center_axis',(-0.707106781186548,0.,0.707106781186547));
#13865=DIRECTION('ref_axis',(0.707106781186547,0.,0.707106781186548));
#13866=DIRECTION('',(-0.707106781186547,0.,-0.707106781186548));
#13867=DIRECTION('',(0.,1.,0.));
#13868=DIRECTION('',(0.707106781186547,0.,0.707106781186548));
#13869=DIRECTION('center_axis',(-1.,0.,0.));
#13870=DIRECTION('ref_axis',(0.,-1.,0.));
#13871=DIRECTION('',(0.,0.,1.));
#13872=DIRECTION('',(0.,-1.,0.));
#13873=DIRECTION('',(0.,0.,1.));
#13874=DIRECTION('center_axis',(0.,1.,0.));
#13875=DIRECTION('ref_axis',(-1.,0.,0.));
#13876=DIRECTION('',(1.,0.,0.));
#13877=DIRECTION('',(0.,0.,1.));
#13878=DIRECTION('',(-1.,0.,0.));
#13879=DIRECTION('center_axis',(1.,0.,0.));
#13880=DIRECTION('ref_axis',(0.,0.,-1.));
#13881=DIRECTION('',(0.,1.,0.));
#13882=DIRECTION('',(0.,0.,1.));
#13883=DIRECTION('',(0.,-0.707106781186547,0.707106781186548));
#13884=DIRECTION('',(0.,0.707106781186547,0.707106781186548));
#13885=DIRECTION('',(0.,1.,0.));
#13886=DIRECTION('',(0.,0.,-1.));
#13887=DIRECTION('center_axis',(0.,1.,0.));
#13888=DIRECTION('ref_axis',(0.,0.,1.));
#13889=DIRECTION('',(1.,0.,0.));
#13890=DIRECTION('',(1.,0.,0.));
#13891=DIRECTION('',(0.,0.,1.));
#13892=DIRECTION('center_axis',(0.,-0.707106781186548,-0.707106781186547));
#13893=DIRECTION('ref_axis',(0.,0.707106781186547,-0.707106781186548));
#13894=DIRECTION('',(1.,0.,0.));
#13895=DIRECTION('',(0.,0.707106781186547,-0.707106781186548));
#13896=DIRECTION('',(1.,0.,0.));
#13897=DIRECTION('',(-1.,0.,0.));
#13898=DIRECTION('center_axis',(0.,-0.707106781186548,0.707106781186547));
#13899=DIRECTION('ref_axis',(0.,-0.707106781186547,-0.707106781186548));
#13900=DIRECTION('',(0.,-0.707106781186547,-0.707106781186548));
#13901=DIRECTION('',(1.,0.,0.));
#13902=DIRECTION('center_axis',(0.,0.,1.));
#13903=DIRECTION('ref_axis',(0.,-1.,0.));
#13904=DIRECTION('',(0.,-1.,0.));
#13905=DIRECTION('center_axis',(1.,0.,0.));
#13906=DIRECTION('ref_axis',(0.,1.,0.));
#13907=DIRECTION('',(0.,1.,0.));
#13908=DIRECTION('',(0.,1.,0.));
#13909=DIRECTION('',(0.,0.,1.));
#13910=DIRECTION('center_axis',(1.,0.,0.));
#13911=DIRECTION('ref_axis',(0.,0.,-1.));
#13912=DIRECTION('',(0.,-1.,0.));
#13913=DIRECTION('',(0.,0.,1.));
#13914=DIRECTION('',(0.,0.707106781186547,0.707106781186548));
#13915=DIRECTION('',(0.,-0.707106781186547,0.707106781186548));
#13916=DIRECTION('',(0.,-1.,0.));
#13917=DIRECTION('',(0.,0.,-1.));
#13918=DIRECTION('center_axis',(0.,0.,1.));
#13919=DIRECTION('ref_axis',(0.,-1.,0.));
#13920=DIRECTION('',(0.,-1.,0.));
#13921=DIRECTION('',(1.,0.,0.));
#13922=DIRECTION('',(1.,0.,0.));
#13923=DIRECTION('center_axis',(0.,0.707106781186548,0.707106781186547));
#13924=DIRECTION('ref_axis',(0.,-0.707106781186547,0.707106781186548));
#13925=DIRECTION('',(0.,-0.707106781186547,0.707106781186548));
#13926=DIRECTION('',(1.,0.,0.));
#13927=DIRECTION('center_axis',(0.,0.707106781186548,-0.707106781186547));
#13928=DIRECTION('ref_axis',(0.,0.707106781186547,0.707106781186548));
#13929=DIRECTION('',(0.,0.707106781186547,0.707106781186548));
#13930=DIRECTION('',(1.,0.,0.));
#13931=DIRECTION('center_axis',(0.,-1.,0.));
#13932=DIRECTION('ref_axis',(0.,0.,-1.));
#13933=DIRECTION('',(-1.,0.,0.));
#13934=DIRECTION('',(0.,0.,-1.));
#13935=DIRECTION('center_axis',(-1.,0.,0.));
#13936=DIRECTION('ref_axis',(0.,-1.,0.));
#13937=DIRECTION('',(0.,0.,-1.));
#13938=DIRECTION('',(0.,-1.,0.));
#13939=DIRECTION('',(0.,-1.,0.));
#13940=DIRECTION('',(0.,0.,1.));
#13941=DIRECTION('',(0.,-1.,0.));
#13942=DIRECTION('',(0.,0.,1.));
#13943=DIRECTION('',(0.,-1.,0.));
#13944=DIRECTION('center_axis',(0.,-1.,0.));
#13945=DIRECTION('ref_axis',(1.,0.,0.));
#13946=DIRECTION('',(1.,0.,0.));
#13947=DIRECTION('',(-1.,0.,0.));
#13948=DIRECTION('center_axis',(0.,0.,1.));
#13949=DIRECTION('ref_axis',(1.,0.,0.));
#13950=DIRECTION('',(-1.,0.,0.));
#13951=DIRECTION('center_axis',(0.,0.,1.));
#13952=DIRECTION('ref_axis',(1.,0.,0.));
#13953=DIRECTION('',(1.,0.,0.));
#13954=DIRECTION('',(1.,0.,0.));
#13955=DIRECTION('',(0.,1.,0.));
#13956=DIRECTION('',(-1.,0.,0.));
#13957=DIRECTION('center_axis',(0.,0.,1.));
#13958=DIRECTION('ref_axis',(1.,0.,0.));
#13959=DIRECTION('',(1.,0.,0.));
#13960=DIRECTION('',(0.,-1.,0.));
#13961=DIRECTION('',(1.,0.,0.));
#13962=DIRECTION('',(0.,1.,0.));
#13963=DIRECTION('',(-1.,0.,0.));
#13964=DIRECTION('',(1.,0.,0.));
#13965=DIRECTION('',(0.,1.,0.));
#13966=DIRECTION('',(1.,0.,0.));
#13967=DIRECTION('center_axis',(0.,1.,0.));
#13968=DIRECTION('ref_axis',(-1.,0.,0.));
#13969=DIRECTION('',(-1.,0.,0.));
#13970=DIRECTION('center_axis',(0.,0.,1.));
#13971=DIRECTION('ref_axis',(1.,0.,0.));
#13972=DIRECTION('',(-1.,0.,0.));
#13973=DIRECTION('',(0.,1.,0.));
#13974=DIRECTION('',(-1.,0.,0.));
#13975=DIRECTION('',(1.,0.,0.));
#13976=DIRECTION('center_axis',(0.,-1.,0.));
#13977=DIRECTION('ref_axis',(1.,0.,0.));
#13978=DIRECTION('',(0.,0.,1.));
#13979=DIRECTION('center_axis',(1.,0.,0.));
#13980=DIRECTION('ref_axis',(0.,1.,0.));
#13981=DIRECTION('',(0.,0.,-1.));
#13982=DIRECTION('center_axis',(0.,-1.,0.));
#13983=DIRECTION('ref_axis',(1.,0.,0.));
#13984=DIRECTION('',(0.,0.,1.));
#13985=DIRECTION('center_axis',(0.,-1.,0.));
#13986=DIRECTION('ref_axis',(1.,0.,0.));
#13987=DIRECTION('',(0.,0.,1.));
#13988=DIRECTION('center_axis',(-1.,0.,0.));
#13989=DIRECTION('ref_axis',(0.,-1.,0.));
#13990=DIRECTION('center_axis',(0.,1.,0.));
#13991=DIRECTION('ref_axis',(-1.,0.,0.));
#13992=DIRECTION('center_axis',(0.,-1.,0.));
#13993=DIRECTION('ref_axis',(1.,0.,0.));
#13994=DIRECTION('',(0.,0.,1.));
#13995=DIRECTION('center_axis',(1.,0.,0.));
#13996=DIRECTION('ref_axis',(0.,1.,0.));
#13997=DIRECTION('center_axis',(0.,-1.,0.));
#13998=DIRECTION('ref_axis',(0.,0.,1.));
#13999=DIRECTION('',(-8.65956056235493E-17,-0.707106781186547,-0.707106781186548));
#14000=DIRECTION('center_axis',(0.,-1.,0.));
#14001=DIRECTION('ref_axis',(0.,0.,1.));
#14002=DIRECTION('center_axis',(0.,1.,0.));
#14003=DIRECTION('ref_axis',(0.,0.,1.));
#14004=DIRECTION('center_axis',(0.,1.,0.));
#14005=DIRECTION('ref_axis',(0.,0.,1.));
#14006=DIRECTION('',(8.65956056235493E-17,-0.707106781186547,0.707106781186548));
#14007=DIRECTION('center_axis',(0.,0.,1.));
#14008=DIRECTION('ref_axis',(1.,0.,0.));
#14009=DIRECTION('',(0.,1.,0.));
#14010=DIRECTION('',(-1.,0.,0.));
#14011=DIRECTION('',(0.,1.,0.));
#14012=DIRECTION('',(1.,0.,0.));
#14013=DIRECTION('center_axis',(-1.,0.,0.));
#14014=DIRECTION('ref_axis',(0.,0.,1.));
#14015=DIRECTION('',(0.,-0.707106781186547,0.707106781186548));
#14016=DIRECTION('',(0.,0.,1.));
#14017=DIRECTION('',(0.,1.,0.));
#14018=DIRECTION('',(0.,0.,-1.));
#14019=DIRECTION('center_axis',(0.707106781186547,0.,-0.707106781186548));
#14020=DIRECTION('ref_axis',(-0.707106781186548,0.,-0.707106781186547));
#14021=DIRECTION('',(0.,-1.,0.));
#14022=DIRECTION('',(-0.707106781186548,0.,-0.707106781186547));
#14023=DIRECTION('',(0.,1.,0.));
#14024=DIRECTION('',(0.707106781186548,0.,0.707106781186547));
#14025=DIRECTION('',(-0.577350269189626,-0.577350269189626,-0.577350269189626));
#14026=DIRECTION('center_axis',(0.707106781186547,0.,0.707106781186548));
#14027=DIRECTION('ref_axis',(0.707106781186548,0.,-0.707106781186547));
#14028=DIRECTION('',(-0.707106781186548,0.,0.707106781186547));
#14029=DIRECTION('',(0.707106781186548,0.,-0.707106781186547));
#14030=DIRECTION('center_axis',(0.,1.,0.));
#14031=DIRECTION('ref_axis',(-1.,0.,0.));
#14032=DIRECTION('',(0.,0.,-1.));
#14033=DIRECTION('',(0.,0.,1.));
#14034=DIRECTION('',(-1.,0.,0.));
#14035=DIRECTION('center_axis',(1.,0.,0.));
#14036=DIRECTION('ref_axis',(0.,1.,0.));
#14037=DIRECTION('',(0.,-0.707106781186548,-0.707106781186547));
#14038=DIRECTION('',(0.,0.,1.));
#14039=DIRECTION('',(0.,1.,0.));
#14040=DIRECTION('center_axis',(0.,0.707106781186547,-0.707106781186548));
#14041=DIRECTION('ref_axis',(0.,0.707106781186548,0.707106781186547));
#14042=DIRECTION('',(-1.,0.,0.));
#14043=DIRECTION('center_axis',(-1.,0.,0.));
#14044=DIRECTION('ref_axis',(0.,0.,1.));
#14045=DIRECTION('',(0.,1.,0.));
#14046=DIRECTION('',(0.,0.,-1.));
#14047=DIRECTION('',(0.,1.,0.));
#14048=DIRECTION('',(0.,0.,1.));
#14049=DIRECTION('center_axis',(0.707106781186547,0.,-0.707106781186548));
#14050=DIRECTION('ref_axis',(-0.707106781186548,0.,-0.707106781186547));
#14051=DIRECTION('',(0.577350269189626,-0.577350269189626,0.577350269189626));
#14052=DIRECTION('',(-0.707106781186548,0.,-0.707106781186547));
#14053=DIRECTION('',(0.,1.,0.));
#14054=DIRECTION('',(0.707106781186548,0.,0.707106781186547));
#14055=DIRECTION('',(0.,-1.,0.));
#14056=DIRECTION('center_axis',(0.707106781186547,0.,0.707106781186548));
#14057=DIRECTION('ref_axis',(0.707106781186548,0.,-0.707106781186547));
#14058=DIRECTION('',(-0.707106781186548,0.,0.707106781186547));
#14059=DIRECTION('',(0.707106781186548,0.,-0.707106781186547));
#14060=DIRECTION('',(0.,1.,0.));
#14061=DIRECTION('center_axis',(0.,-0.707106781186547,-0.707106781186548));
#14062=DIRECTION('ref_axis',(0.,0.707106781186548,-0.707106781186547));
#14063=DIRECTION('',(0.,-0.707106781186548,0.707106781186547));
#14064=DIRECTION('',(1.,0.,0.));
#14065=DIRECTION('center_axis',(1.,0.,0.));
#14066=DIRECTION('ref_axis',(0.,1.,0.));
#14067=DIRECTION('',(0.,0.,1.));
#14068=DIRECTION('',(0.,1.,0.));
#14069=DIRECTION('',(0.,0.,1.));
#14070=DIRECTION('center_axis',(0.,-1.,0.));
#14071=DIRECTION('ref_axis',(1.,0.,0.));
#14072=DIRECTION('center_axis',(0.,1.,0.));
#14073=DIRECTION('ref_axis',(1.,0.,0.));
#14074=DIRECTION('',(0.707106781186547,0.707106781186548,-8.65956056235493E-17));
#14075=DIRECTION('center_axis',(0.,-1.,0.));
#14076=DIRECTION('ref_axis',(1.,0.,0.));
#14077=DIRECTION('center_axis',(-0.707106781186548,0.,-0.707106781186547));
#14078=DIRECTION('ref_axis',(-0.707106781186547,0.,0.707106781186548));
#14079=DIRECTION('',(0.,1.,0.));
#14080=DIRECTION('',(0.707106781186547,0.,-0.707106781186548));
#14081=DIRECTION('',(0.,1.,0.));
#14082=DIRECTION('',(-0.707106781186547,0.,0.707106781186548));
#14083=DIRECTION('center_axis',(-0.707106781186548,0.,0.707106781186547));
#14084=DIRECTION('ref_axis',(0.707106781186547,0.,0.707106781186548));
#14085=DIRECTION('',(-0.707106781186547,0.,-0.707106781186548));
#14086=DIRECTION('',(0.,1.,0.));
#14087=DIRECTION('',(0.707106781186547,0.,0.707106781186548));
#14088=DIRECTION('center_axis',(0.,1.,0.));
#14089=DIRECTION('ref_axis',(-1.,0.,0.));
#14090=DIRECTION('',(-1.,0.,0.));
#14091=DIRECTION('',(0.,0.,1.));
#14092=DIRECTION('',(-1.,0.,0.));
#14093=DIRECTION('',(0.,0.,1.));
#14094=DIRECTION('center_axis',(0.,1.,0.));
#14095=DIRECTION('ref_axis',(1.,0.,0.));
#14096=DIRECTION('center_axis',(0.,-1.,0.));
#14097=DIRECTION('ref_axis',(1.,0.,0.));
#14098=DIRECTION('',(0.707106781186547,-0.707106781186548,8.65956056235493E-17));
#14099=DIRECTION('center_axis',(0.,1.,0.));
#14100=DIRECTION('ref_axis',(1.,0.,0.));
#14101=DIRECTION('center_axis',(-0.707106781186548,0.,-0.707106781186547));
#14102=DIRECTION('ref_axis',(-0.707106781186547,0.,0.707106781186548));
#14103=DIRECTION('',(0.,1.,0.));
#14104=DIRECTION('',(0.707106781186547,0.,-0.707106781186548));
#14105=DIRECTION('',(0.,1.,0.));
#14106=DIRECTION('',(-0.707106781186547,0.,0.707106781186548));
#14107=DIRECTION('center_axis',(-0.707106781186548,0.,0.707106781186547));
#14108=DIRECTION('ref_axis',(0.707106781186547,0.,0.707106781186548));
#14109=DIRECTION('',(-0.707106781186547,0.,-0.707106781186548));
#14110=DIRECTION('',(0.,1.,0.));
#14111=DIRECTION('',(0.707106781186547,0.,0.707106781186548));
#14112=DIRECTION('center_axis',(-1.,0.,0.));
#14113=DIRECTION('ref_axis',(0.,-1.,0.));
#14114=DIRECTION('',(0.,0.,1.));
#14115=DIRECTION('',(0.,-1.,0.));
#14116=DIRECTION('',(0.,0.,1.));
#14117=DIRECTION('center_axis',(0.,1.,0.));
#14118=DIRECTION('ref_axis',(-1.,0.,0.));
#14119=DIRECTION('',(1.,0.,0.));
#14120=DIRECTION('',(0.,0.,1.));
#14121=DIRECTION('',(-1.,0.,0.));
#14122=DIRECTION('center_axis',(1.,0.,0.));
#14123=DIRECTION('ref_axis',(0.,0.,-1.));
#14124=DIRECTION('',(0.,1.,0.));
#14125=DIRECTION('',(0.,0.,1.));
#14126=DIRECTION('',(0.,-0.707106781186547,0.707106781186548));
#14127=DIRECTION('',(0.,0.707106781186547,0.707106781186548));
#14128=DIRECTION('',(0.,1.,0.));
#14129=DIRECTION('',(0.,0.,-1.));
#14130=DIRECTION('center_axis',(0.,1.,0.));
#14131=DIRECTION('ref_axis',(0.,0.,1.));
#14132=DIRECTION('',(1.,0.,0.));
#14133=DIRECTION('',(1.,0.,0.));
#14134=DIRECTION('',(0.,0.,1.));
#14135=DIRECTION('center_axis',(0.,-0.707106781186548,-0.707106781186547));
#14136=DIRECTION('ref_axis',(0.,0.707106781186547,-0.707106781186548));
#14137=DIRECTION('',(1.,0.,0.));
#14138=DIRECTION('',(0.,0.707106781186547,-0.707106781186548));
#14139=DIRECTION('',(1.,0.,0.));
#14140=DIRECTION('',(-1.,0.,0.));
#14141=DIRECTION('center_axis',(0.,-0.707106781186548,0.707106781186547));
#14142=DIRECTION('ref_axis',(0.,-0.707106781186547,-0.707106781186548));
#14143=DIRECTION('',(0.,-0.707106781186547,-0.707106781186548));
#14144=DIRECTION('',(1.,0.,0.));
#14145=DIRECTION('center_axis',(0.,0.,1.));
#14146=DIRECTION('ref_axis',(0.,-1.,0.));
#14147=DIRECTION('',(0.,-1.,0.));
#14148=DIRECTION('center_axis',(1.,0.,0.));
#14149=DIRECTION('ref_axis',(0.,1.,0.));
#14150=DIRECTION('',(0.,1.,0.));
#14151=DIRECTION('',(0.,1.,0.));
#14152=DIRECTION('',(0.,0.,1.));
#14153=DIRECTION('center_axis',(1.,0.,0.));
#14154=DIRECTION('ref_axis',(0.,0.,-1.));
#14155=DIRECTION('',(0.,-1.,0.));
#14156=DIRECTION('',(0.,0.,1.));
#14157=DIRECTION('',(0.,0.707106781186547,0.707106781186548));
#14158=DIRECTION('',(0.,-0.707106781186547,0.707106781186548));
#14159=DIRECTION('',(0.,-1.,0.));
#14160=DIRECTION('',(0.,0.,-1.));
#14161=DIRECTION('center_axis',(0.,0.,1.));
#14162=DIRECTION('ref_axis',(0.,-1.,0.));
#14163=DIRECTION('',(0.,-1.,0.));
#14164=DIRECTION('',(1.,0.,0.));
#14165=DIRECTION('',(1.,0.,0.));
#14166=DIRECTION('center_axis',(0.,0.707106781186548,0.707106781186547));
#14167=DIRECTION('ref_axis',(0.,-0.707106781186547,0.707106781186548));
#14168=DIRECTION('',(0.,-0.707106781186547,0.707106781186548));
#14169=DIRECTION('',(1.,0.,0.));
#14170=DIRECTION('center_axis',(0.,0.707106781186548,-0.707106781186547));
#14171=DIRECTION('ref_axis',(0.,0.707106781186547,0.707106781186548));
#14172=DIRECTION('',(0.,0.707106781186547,0.707106781186548));
#14173=DIRECTION('',(1.,0.,0.));
#14174=DIRECTION('center_axis',(0.,-1.,0.));
#14175=DIRECTION('ref_axis',(0.,0.,-1.));
#14176=DIRECTION('',(-1.,0.,0.));
#14177=DIRECTION('',(0.,0.,-1.));
#14178=DIRECTION('center_axis',(-1.,0.,0.));
#14179=DIRECTION('ref_axis',(0.,-1.,0.));
#14180=DIRECTION('',(0.,0.,-1.));
#14181=DIRECTION('',(0.,-1.,0.));
#14182=DIRECTION('',(0.,-1.,0.));
#14183=DIRECTION('',(0.,0.,1.));
#14184=DIRECTION('',(0.,-1.,0.));
#14185=DIRECTION('',(0.,0.,1.));
#14186=DIRECTION('',(0.,-1.,0.));
#14187=DIRECTION('center_axis',(0.,-1.,0.));
#14188=DIRECTION('ref_axis',(1.,0.,0.));
#14189=DIRECTION('',(1.,0.,0.));
#14190=DIRECTION('',(-1.,0.,0.));
#14191=DIRECTION('center_axis',(0.,0.,1.));
#14192=DIRECTION('ref_axis',(1.,0.,0.));
#14193=DIRECTION('',(-1.,0.,0.));
#14194=DIRECTION('center_axis',(0.,0.,1.));
#14195=DIRECTION('ref_axis',(1.,0.,0.));
#14196=DIRECTION('',(1.,0.,0.));
#14197=DIRECTION('',(1.,0.,0.));
#14198=DIRECTION('',(0.,1.,0.));
#14199=DIRECTION('',(-1.,0.,0.));
#14200=DIRECTION('center_axis',(0.,0.,1.));
#14201=DIRECTION('ref_axis',(1.,0.,0.));
#14202=DIRECTION('',(1.,0.,0.));
#14203=DIRECTION('',(0.,-1.,0.));
#14204=DIRECTION('',(1.,0.,0.));
#14205=DIRECTION('',(0.,1.,0.));
#14206=DIRECTION('',(-1.,0.,0.));
#14207=DIRECTION('',(1.,0.,0.));
#14208=DIRECTION('',(0.,1.,0.));
#14209=DIRECTION('',(1.,0.,0.));
#14210=DIRECTION('center_axis',(0.,1.,0.));
#14211=DIRECTION('ref_axis',(-1.,0.,0.));
#14212=DIRECTION('',(-1.,0.,0.));
#14213=DIRECTION('center_axis',(0.,0.,1.));
#14214=DIRECTION('ref_axis',(1.,0.,0.));
#14215=DIRECTION('',(-1.,0.,0.));
#14216=DIRECTION('',(0.,1.,0.));
#14217=DIRECTION('',(-1.,0.,0.));
#14218=DIRECTION('',(1.,0.,0.));
#14219=DIRECTION('center_axis',(0.,-1.,0.));
#14220=DIRECTION('ref_axis',(1.,0.,0.));
#14221=DIRECTION('',(0.,0.,1.));
#14222=DIRECTION('center_axis',(1.,0.,0.));
#14223=DIRECTION('ref_axis',(0.,1.,0.));
#14224=DIRECTION('',(0.,0.,-1.));
#14225=DIRECTION('center_axis',(0.,-1.,0.));
#14226=DIRECTION('ref_axis',(1.,0.,0.));
#14227=DIRECTION('',(0.,0.,1.));
#14228=DIRECTION('center_axis',(0.,-1.,0.));
#14229=DIRECTION('ref_axis',(1.,0.,0.));
#14230=DIRECTION('',(0.,0.,1.));
#14231=DIRECTION('center_axis',(-1.,0.,0.));
#14232=DIRECTION('ref_axis',(0.,-1.,0.));
#14233=DIRECTION('center_axis',(0.,1.,0.));
#14234=DIRECTION('ref_axis',(-1.,0.,0.));
#14235=DIRECTION('center_axis',(0.,-1.,0.));
#14236=DIRECTION('ref_axis',(1.,0.,0.));
#14237=DIRECTION('',(0.,0.,1.));
#14238=DIRECTION('center_axis',(1.,0.,0.));
#14239=DIRECTION('ref_axis',(0.,1.,0.));
#14240=CARTESIAN_POINT('',(0.,0.,0.));
#14241=CARTESIAN_POINT('Origin',(20.,4.9,5.));
#14242=CARTESIAN_POINT('',(20.,7.3,5.));
#14243=CARTESIAN_POINT('',(20.,5.2,2.9));
#14244=CARTESIAN_POINT('',(20.,4.9,2.6));
#14245=CARTESIAN_POINT('Origin',(20.,5.2,5.));
#14246=CARTESIAN_POINT('Origin',(20.,-6.1,5.));
#14247=CARTESIAN_POINT('',(20.,-5.2,2.9));
#14248=CARTESIAN_POINT('Origin',(20.,-5.2,5.));
#14249=CARTESIAN_POINT('',(20.,-7.3,5.));
#14250=CARTESIAN_POINT('',(20.,-6.1,3.8));
#14251=CARTESIAN_POINT('Origin',(15.,3.3,8.));
#14252=CARTESIAN_POINT('',(16.,3.3,8.));
#14253=CARTESIAN_POINT('',(16.,5.2,8.));
#14254=CARTESIAN_POINT('',(16.,-1.85,8.));
#14255=CARTESIAN_POINT('',(20.5,3.3,8.));
#14256=CARTESIAN_POINT('',(20.5,3.3,8.));
#14257=CARTESIAN_POINT('',(20.5,5.2,8.));
#14258=CARTESIAN_POINT('',(20.5,3.3,8.));
#14259=CARTESIAN_POINT('',(20.5,5.2,8.));
#14260=CARTESIAN_POINT('Origin',(15.,3.3,1.));
#14261=CARTESIAN_POINT('',(15.,5.,2.8));
#14262=CARTESIAN_POINT('',(15.,3.3,4.5));
#14263=CARTESIAN_POINT('',(15.,2.125,5.675));
#14264=CARTESIAN_POINT('',(15.,5.,2.));
#14265=CARTESIAN_POINT('',(15.,5.,0.5));
#14266=CARTESIAN_POINT('',(15.,3.3,2.));
#14267=CARTESIAN_POINT('',(15.,1.65,2.));
#14268=CARTESIAN_POINT('',(15.,3.3,8.));
#14269=CARTESIAN_POINT('Origin',(23.5,3.3,5.));
#14270=CARTESIAN_POINT('',(20.,5.2,1.5));
#14271=CARTESIAN_POINT('',(20.,3.8,1.5));
#14272=CARTESIAN_POINT('',(20.,3.3,1.5));
#14273=CARTESIAN_POINT('',(23.5,5.2,5.));
#14274=CARTESIAN_POINT('',(19.5,5.2,1.));
#14275=CARTESIAN_POINT('',(23.5,3.3,5.));
#14276=CARTESIAN_POINT('',(23.5,3.3,5.));
#14277=CARTESIAN_POINT('',(19.5,3.3,1.));
#14278=CARTESIAN_POINT('',(19.5,3.3,1.));
#14279=CARTESIAN_POINT('',(20.2166666666667,4.01666666666667,1.71666666666667));
#14280=CARTESIAN_POINT('Origin',(20.5,3.3,8.));
#14281=CARTESIAN_POINT('',(23.5,3.3,5.));
#14282=CARTESIAN_POINT('',(23.5,5.2,5.));
#14283=CARTESIAN_POINT('Origin',(20.,5.2,0.));
#14284=CARTESIAN_POINT('',(16.,5.2,0.));
#14285=CARTESIAN_POINT('',(16.,5.2,0.));
#14286=CARTESIAN_POINT('',(20.,5.2,0.));
#14287=CARTESIAN_POINT('',(20.,5.2,0.));
#14288=CARTESIAN_POINT('',(20.,5.2,0.));
#14289=CARTESIAN_POINT('Origin',(20.,3.3,0.));
#14290=CARTESIAN_POINT('',(20.,3.3,1.));
#14291=CARTESIAN_POINT('',(20.,3.05,0.75));
#14292=CARTESIAN_POINT('',(20.,3.3,0.));
#14293=CARTESIAN_POINT('',(20.,3.3,0.));
#14294=CARTESIAN_POINT('',(20.,3.3,0.));
#14295=CARTESIAN_POINT('Origin',(15.8,3.3,1.));
#14296=CARTESIAN_POINT('',(15.8,3.3,1.));
#14297=CARTESIAN_POINT('Origin',(15.,-5.2,1.));
#14298=CARTESIAN_POINT('',(15.,-5.,2.));
#14299=CARTESIAN_POINT('',(15.,-3.3,2.));
#14300=CARTESIAN_POINT('',(15.,-2.6,2.));
#14301=CARTESIAN_POINT('',(15.,-5.,8.));
#14302=CARTESIAN_POINT('',(15.,-5.,0.5));
#14303=CARTESIAN_POINT('',(15.,-3.3,8.));
#14304=CARTESIAN_POINT('',(15.,-5.2,8.));
#14305=CARTESIAN_POINT('',(15.,-3.3,8.));
#14306=CARTESIAN_POINT('Origin',(23.5,-5.2,5.));
#14307=CARTESIAN_POINT('',(19.5,-3.3,1.));
#14308=CARTESIAN_POINT('',(20.,-3.8,1.5));
#14309=CARTESIAN_POINT('',(20.8666666666667,-4.66666666666667,2.36666666666667));
#14310=CARTESIAN_POINT('',(23.5,-3.3,5.));
#14311=CARTESIAN_POINT('',(19.5,-3.3,1.));
#14312=CARTESIAN_POINT('',(23.5,-5.2,5.));
#14313=CARTESIAN_POINT('',(23.5,-5.2,5.));
#14314=CARTESIAN_POINT('',(20.,-5.2,1.5));
#14315=CARTESIAN_POINT('',(19.5,-5.2,1.));
#14316=CARTESIAN_POINT('',(20.,-5.2,1.5));
#14317=CARTESIAN_POINT('Origin',(20.5,-5.2,8.));
#14318=CARTESIAN_POINT('',(20.5,-5.2,8.));
#14319=CARTESIAN_POINT('',(23.5,-5.2,5.));
#14320=CARTESIAN_POINT('',(20.5,-3.3,8.));
#14321=CARTESIAN_POINT('',(23.5,-3.3,5.));
#14322=CARTESIAN_POINT('',(20.5,-5.2,8.));
#14323=CARTESIAN_POINT('Origin',(15.8,-4.3,2.));
#14324=CARTESIAN_POINT('',(20.,-3.3,1.));
#14325=CARTESIAN_POINT('',(20.,-4.025,1.725));
#14326=CARTESIAN_POINT('',(17.9,-3.3,1.));
#14327=CARTESIAN_POINT('Origin',(20.,-5.2,0.));
#14328=CARTESIAN_POINT('',(20.,-5.2,0.));
#14329=CARTESIAN_POINT('',(20.,-5.2,0.));
#14330=CARTESIAN_POINT('',(20.,-3.3,0.));
#14331=CARTESIAN_POINT('',(20.,-5.2,0.));
#14332=CARTESIAN_POINT('',(20.,-3.3,0.));
#14333=CARTESIAN_POINT('Origin',(0.,5.3,5.));
#14334=CARTESIAN_POINT('',(-2.3,5.3,5.));
#14335=CARTESIAN_POINT('Origin',(0.,5.3,5.));
#14336=CARTESIAN_POINT('',(-0.600000000000001,7.,5.));
#14337=CARTESIAN_POINT('',(-2.3,5.3,5.));
#14338=CARTESIAN_POINT('Origin',(0.,7.,5.));
#14339=CARTESIAN_POINT('Origin',(0.5,5.3,1.));
#14340=CARTESIAN_POINT('',(0.,5.3,1.5));
#14341=CARTESIAN_POINT('',(0.,7.,1.5));
#14342=CARTESIAN_POINT('',(-6.93889390390723E-17,6.15,1.5));
#14343=CARTESIAN_POINT('',(-3.5,5.3,5.));
#14344=CARTESIAN_POINT('',(-3.5,5.3,5.));
#14345=CARTESIAN_POINT('',(-3.5,7.,5.));
#14346=CARTESIAN_POINT('',(-3.5,5.3,5.));
#14347=CARTESIAN_POINT('',(-3.5,7.,5.));
#14348=CARTESIAN_POINT('Origin',(-3.5,5.3,5.));
#14349=CARTESIAN_POINT('',(-0.5,5.3,8.));
#14350=CARTESIAN_POINT('',(-0.5,5.3,8.));
#14351=CARTESIAN_POINT('',(-0.5,7.,8.));
#14352=CARTESIAN_POINT('',(-0.5,5.3,8.));
#14353=CARTESIAN_POINT('',(-0.5,7.,8.));
#14354=CARTESIAN_POINT('Origin',(16.,7.,0.));
#14355=CARTESIAN_POINT('',(16.,7.,8.));
#14356=CARTESIAN_POINT('',(16.,7.,8.));
#14357=CARTESIAN_POINT('',(16.,7.,0.));
#14358=CARTESIAN_POINT('',(16.,7.,0.));
#14359=CARTESIAN_POINT('',(0.,7.,0.));
#14360=CARTESIAN_POINT('',(16.,7.,0.));
#14361=CARTESIAN_POINT('',(0.,7.,0.));
#14362=CARTESIAN_POINT('Origin',(0.,-5.3,5.));
#14363=CARTESIAN_POINT('',(-2.3,-5.3,5.));
#14364=CARTESIAN_POINT('Origin',(0.,-5.3,5.));
#14365=CARTESIAN_POINT('',(-0.600000000000001,-7.,5.));
#14366=CARTESIAN_POINT('',(-2.3,-5.3,5.));
#14367=CARTESIAN_POINT('Origin',(0.,-7.,5.));
#14368=CARTESIAN_POINT('Origin',(0.5,-7.,1.));
#14369=CARTESIAN_POINT('',(0.,-7.,1.5));
#14370=CARTESIAN_POINT('',(0.,-5.3,1.5));
#14371=CARTESIAN_POINT('',(-6.93889390390723E-17,-6.15,1.5));
#14372=CARTESIAN_POINT('',(-3.5,-7.,5.));
#14373=CARTESIAN_POINT('',(-3.5,-7.,5.));
#14374=CARTESIAN_POINT('',(-3.5,-5.3,5.));
#14375=CARTESIAN_POINT('',(-3.5,-7.,5.));
#14376=CARTESIAN_POINT('',(-3.5,-5.3,5.));
#14377=CARTESIAN_POINT('Origin',(-3.5,-7.,5.));
#14378=CARTESIAN_POINT('',(-0.5,-7.,8.));
#14379=CARTESIAN_POINT('',(-0.5,-7.,8.));
#14380=CARTESIAN_POINT('',(-0.5,-5.3,8.));
#14381=CARTESIAN_POINT('',(-0.5,-7.,8.));
#14382=CARTESIAN_POINT('',(-0.5,-5.3,8.));
#14383=CARTESIAN_POINT('Origin',(0.,-5.3,0.));
#14384=CARTESIAN_POINT('',(0.,-5.3,0.));
#14385=CARTESIAN_POINT('',(0.,-5.3,0.));
#14386=CARTESIAN_POINT('',(0.,-7.,0.));
#14387=CARTESIAN_POINT('',(0.,-5.3,0.));
#14388=CARTESIAN_POINT('',(0.,-7.,0.));
#14389=CARTESIAN_POINT('Origin',(4.2,-5.3,0.));
#14390=CARTESIAN_POINT('',(4.,-5.3,8.));
#14391=CARTESIAN_POINT('',(4.,-5.3,8.));
#14392=CARTESIAN_POINT('',(4.,-5.3,0.));
#14393=CARTESIAN_POINT('',(4.,-5.3,0.));
#14394=CARTESIAN_POINT('',(4.2,-5.3,0.));
#14395=CARTESIAN_POINT('Origin',(12.,2.5,5.6));
#14396=CARTESIAN_POINT('',(12.,5.,8.));
#14397=CARTESIAN_POINT('',(12.,5.8,8.));
#14398=CARTESIAN_POINT('',(12.,4.25,8.));
#14399=CARTESIAN_POINT('',(12.,5.,2.8));
#14400=CARTESIAN_POINT('',(12.,5.,2.8));
#14401=CARTESIAN_POINT('',(12.,-0.8,8.6));
#14402=CARTESIAN_POINT('',(12.,5.,2.8));
#14403=CARTESIAN_POINT('',(12.,-0.4,9.));
#14404=CARTESIAN_POINT('',(12.,-0.8,8.6));
#14405=CARTESIAN_POINT('',(12.,5.8,9.));
#14406=CARTESIAN_POINT('',(12.,-0.4,9.));
#14407=CARTESIAN_POINT('',(12.,5.8,9.));
#14408=CARTESIAN_POINT('Origin',(12.,5.8,2.2));
#14409=CARTESIAN_POINT('',(16.,5.8,8.));
#14410=CARTESIAN_POINT('',(11.,5.8,8.));
#14411=CARTESIAN_POINT('',(16.,5.8,9.));
#14412=CARTESIAN_POINT('',(12.,5.8,9.));
#14413=CARTESIAN_POINT('',(16.,5.8,9.));
#14414=CARTESIAN_POINT('Origin',(12.,-0.8,8.6));
#14415=CARTESIAN_POINT('',(16.,3.3,4.5));
#14416=CARTESIAN_POINT('',(15.625,3.3,4.5));
#14417=CARTESIAN_POINT('',(16.,-0.8,8.6));
#14418=CARTESIAN_POINT('',(16.,5.,2.8));
#14419=CARTESIAN_POINT('',(12.,-0.8,8.6));
#14420=CARTESIAN_POINT('',(8.,5.,2.8));
#14421=CARTESIAN_POINT('Origin',(12.,-0.4,9.));
#14422=CARTESIAN_POINT('',(16.,-0.4,9.));
#14423=CARTESIAN_POINT('',(16.,-0.8,8.6));
#14424=CARTESIAN_POINT('',(12.,-0.4,9.));
#14425=CARTESIAN_POINT('Origin',(12.,5.8,9.));
#14426=CARTESIAN_POINT('',(16.,-0.4,9.));
#14427=CARTESIAN_POINT('Origin',(16.,-7.,0.));
#14428=CARTESIAN_POINT('',(16.,-7.,0.));
#14429=CARTESIAN_POINT('',(16.,5.,8.));
#14430=CARTESIAN_POINT('',(16.,3.3,2.25));
#14431=CARTESIAN_POINT('Origin',(8.,-2.5,5.6));
#14432=CARTESIAN_POINT('',(8.,-5.,8.));
#14433=CARTESIAN_POINT('',(8.,-5.8,8.));
#14434=CARTESIAN_POINT('',(8.,-4.25,8.));
#14435=CARTESIAN_POINT('',(8.,-5.,2.8));
#14436=CARTESIAN_POINT('',(8.,-5.,2.8));
#14437=CARTESIAN_POINT('',(8.,0.8,8.6));
#14438=CARTESIAN_POINT('',(8.,-5.,2.8));
#14439=CARTESIAN_POINT('',(8.,0.4,9.));
#14440=CARTESIAN_POINT('',(8.,0.8,8.6));
#14441=CARTESIAN_POINT('',(8.,-5.8,9.));
#14442=CARTESIAN_POINT('',(8.,0.4,9.));
#14443=CARTESIAN_POINT('',(8.,-5.8,9.));
#14444=CARTESIAN_POINT('Origin',(4.,0.4,9.));
#14445=CARTESIAN_POINT('',(4.,0.4,9.));
#14446=CARTESIAN_POINT('',(4.,-5.8,9.));
#14447=CARTESIAN_POINT('',(4.,0.4,9.));
#14448=CARTESIAN_POINT('',(4.,-5.8,9.));
#14449=CARTESIAN_POINT('',(4.,0.4,9.));
#14450=CARTESIAN_POINT('Origin',(4.,0.8,8.6));
#14451=CARTESIAN_POINT('',(4.,0.8,8.6));
#14452=CARTESIAN_POINT('',(4.,0.8,8.6));
#14453=CARTESIAN_POINT('',(4.,0.8,8.6));
#14454=CARTESIAN_POINT('Origin',(4.,-5.,2.8));
#14455=CARTESIAN_POINT('',(4.,-5.,2.8));
#14456=CARTESIAN_POINT('',(4.,-5.,2.8));
#14457=CARTESIAN_POINT('',(10.,-5.,2.8));
#14458=CARTESIAN_POINT('Origin',(4.,-5.8,9.));
#14459=CARTESIAN_POINT('',(4.,-5.8,8.));
#14460=CARTESIAN_POINT('',(7.,-5.8,8.));
#14461=CARTESIAN_POINT('',(4.,-5.8,9.));
#14462=CARTESIAN_POINT('Origin',(4.,7.,0.));
#14463=CARTESIAN_POINT('',(4.,5.3,8.));
#14464=CARTESIAN_POINT('',(4.,5.3,0.));
#14465=CARTESIAN_POINT('',(4.,5.3,0.));
#14466=CARTESIAN_POINT('',(4.,7.,0.));
#14467=CARTESIAN_POINT('',(4.,-5.55111512312578E-16,8.));
#14468=CARTESIAN_POINT('',(4.,-5.,2.));
#14469=CARTESIAN_POINT('',(4.,-5.,0.));
#14470=CARTESIAN_POINT('',(4.,5.,2.));
#14471=CARTESIAN_POINT('',(4.,7.,2.));
#14472=CARTESIAN_POINT('',(4.,5.,8.));
#14473=CARTESIAN_POINT('',(4.,5.,0.));
#14474=CARTESIAN_POINT('',(4.,7.,8.));
#14475=CARTESIAN_POINT('Origin',(4.,5.,0.));
#14476=CARTESIAN_POINT('',(4.,5.,8.));
#14477=CARTESIAN_POINT('',(7.,5.,2.));
#14478=CARTESIAN_POINT('Origin',(10.,6.,8.));
#14479=CARTESIAN_POINT('',(4.,5.3,8.));
#14480=CARTESIAN_POINT('Origin',(10.,0.,2.));
#14481=CARTESIAN_POINT('',(13.,-5.,2.));
#14482=CARTESIAN_POINT('',(16.,-3.3,2.));
#14483=CARTESIAN_POINT('',(12.9,-3.3,2.));
#14484=CARTESIAN_POINT('',(16.,3.3,2.));
#14485=CARTESIAN_POINT('',(16.,-7.,2.));
#14486=CARTESIAN_POINT('',(12.9,3.3,2.));
#14487=CARTESIAN_POINT('Origin',(10.,0.,0.));
#14488=CARTESIAN_POINT('',(0.,5.3,0.));
#14489=CARTESIAN_POINT('',(0.,5.3,0.));
#14490=CARTESIAN_POINT('',(0.,7.,0.));
#14491=CARTESIAN_POINT('',(16.,3.3,0.));
#14492=CARTESIAN_POINT('',(15.8,3.3,0.));
#14493=CARTESIAN_POINT('',(16.,-3.3,0.));
#14494=CARTESIAN_POINT('',(16.,-7.,0.));
#14495=CARTESIAN_POINT('',(20.,-3.3,0.));
#14496=CARTESIAN_POINT('',(16.,-5.2,0.));
#14497=CARTESIAN_POINT('',(15.8,-5.2,0.));
#14498=CARTESIAN_POINT('',(16.,-7.,0.));
#14499=CARTESIAN_POINT('',(16.,-7.,0.));
#14500=CARTESIAN_POINT('',(0.,-7.,0.));
#14501=CARTESIAN_POINT('Origin',(16.,-5.,0.));
#14502=CARTESIAN_POINT('',(16.,-5.,8.));
#14503=CARTESIAN_POINT('Origin',(10.,-6.,8.));
#14504=CARTESIAN_POINT('',(16.,-7.,8.));
#14505=CARTESIAN_POINT('',(4.,-7.,8.));
#14506=CARTESIAN_POINT('',(16.,-5.2,8.));
#14507=CARTESIAN_POINT('',(16.,-7.,8.));
#14508=CARTESIAN_POINT('',(20.5,-5.2,8.));
#14509=CARTESIAN_POINT('',(20.5,-3.3,8.));
#14510=CARTESIAN_POINT('Origin',(15.8,3.3,0.));
#14511=CARTESIAN_POINT('',(16.,3.3,0.));
#14512=CARTESIAN_POINT('Origin',(16.,-7.,0.));
#14513=CARTESIAN_POINT('',(16.,-3.3,0.));
#14514=CARTESIAN_POINT('Origin',(4.,-7.,0.));
#14515=CARTESIAN_POINT('',(16.,-7.,0.));
#14516=CARTESIAN_POINT('Origin',(0.,5.3,0.));
#14517=CARTESIAN_POINT('',(0.,5.3,0.));
#14518=CARTESIAN_POINT('Origin',(0.,7.,0.));
#14519=CARTESIAN_POINT('Origin',(20.,-3.3,0.));
#14520=CARTESIAN_POINT('Origin',(15.8,-5.2,0.));
#14521=CARTESIAN_POINT('',(16.,-5.2,0.));
#14522=CARTESIAN_POINT('Origin',(16.,-7.,0.));
#14523=CARTESIAN_POINT('Origin',(40.,4.9,5.));
#14524=CARTESIAN_POINT('',(40.,7.3,5.));
#14525=CARTESIAN_POINT('',(40.,5.2,2.9));
#14526=CARTESIAN_POINT('',(40.,4.9,2.6));
#14527=CARTESIAN_POINT('Origin',(40.,5.2,5.));
#14528=CARTESIAN_POINT('Origin',(40.,-6.1,5.));
#14529=CARTESIAN_POINT('',(40.,-5.2,2.9));
#14530=CARTESIAN_POINT('Origin',(40.,-5.2,5.));
#14531=CARTESIAN_POINT('',(40.,-7.3,5.));
#14532=CARTESIAN_POINT('',(40.,-6.1,3.8));
#14533=CARTESIAN_POINT('Origin',(35.,3.3,8.));
#14534=CARTESIAN_POINT('',(36.,3.3,8.));
#14535=CARTESIAN_POINT('',(36.,5.2,8.));
#14536=CARTESIAN_POINT('',(36.,-1.85,8.));
#14537=CARTESIAN_POINT('',(40.5,3.3,8.));
#14538=CARTESIAN_POINT('',(40.5,3.3,8.));
#14539=CARTESIAN_POINT('',(40.5,5.2,8.));
#14540=CARTESIAN_POINT('',(40.5,3.3,8.));
#14541=CARTESIAN_POINT('',(40.5,5.2,8.));
#14542=CARTESIAN_POINT('Origin',(35.,3.3,1.));
#14543=CARTESIAN_POINT('',(35.,5.,2.8));
#14544=CARTESIAN_POINT('',(35.,3.3,4.5));
#14545=CARTESIAN_POINT('',(35.,2.125,5.675));
#14546=CARTESIAN_POINT('',(35.,5.,2.));
#14547=CARTESIAN_POINT('',(35.,5.,0.5));
#14548=CARTESIAN_POINT('',(35.,3.3,2.));
#14549=CARTESIAN_POINT('',(35.,1.65,2.));
#14550=CARTESIAN_POINT('',(35.,3.3,8.));
#14551=CARTESIAN_POINT('Origin',(43.5,3.3,5.));
#14552=CARTESIAN_POINT('',(40.,5.2,1.5));
#14553=CARTESIAN_POINT('',(40.,3.8,1.5));
#14554=CARTESIAN_POINT('',(40.,3.3,1.5));
#14555=CARTESIAN_POINT('',(43.5,5.2,5.));
#14556=CARTESIAN_POINT('',(39.5,5.2,1.));
#14557=CARTESIAN_POINT('',(43.5,3.3,5.));
#14558=CARTESIAN_POINT('',(43.5,3.3,5.));
#14559=CARTESIAN_POINT('',(39.5,3.3,1.));
#14560=CARTESIAN_POINT('',(39.5,3.3,1.));
#14561=CARTESIAN_POINT('',(40.2166666666667,4.01666666666667,1.71666666666667));
#14562=CARTESIAN_POINT('Origin',(40.5,3.3,8.));
#14563=CARTESIAN_POINT('',(43.5,3.3,5.));
#14564=CARTESIAN_POINT('',(43.5,5.2,5.));
#14565=CARTESIAN_POINT('Origin',(40.,5.2,0.));
#14566=CARTESIAN_POINT('',(36.,5.2,0.));
#14567=CARTESIAN_POINT('',(36.,5.2,0.));
#14568=CARTESIAN_POINT('',(40.,5.2,0.));
#14569=CARTESIAN_POINT('',(40.,5.2,0.));
#14570=CARTESIAN_POINT('',(40.,5.2,0.));
#14571=CARTESIAN_POINT('Origin',(40.,3.3,0.));
#14572=CARTESIAN_POINT('',(40.,3.3,1.));
#14573=CARTESIAN_POINT('',(40.,3.05,0.75));
#14574=CARTESIAN_POINT('',(40.,3.3,0.));
#14575=CARTESIAN_POINT('',(40.,3.3,0.));
#14576=CARTESIAN_POINT('',(40.,3.3,0.));
#14577=CARTESIAN_POINT('Origin',(35.8,3.3,1.));
#14578=CARTESIAN_POINT('',(35.8,3.3,1.));
#14579=CARTESIAN_POINT('Origin',(35.,-5.2,1.));
#14580=CARTESIAN_POINT('',(35.,-5.,2.));
#14581=CARTESIAN_POINT('',(35.,-3.3,2.));
#14582=CARTESIAN_POINT('',(35.,-2.6,2.));
#14583=CARTESIAN_POINT('',(35.,-5.,8.));
#14584=CARTESIAN_POINT('',(35.,-5.,0.5));
#14585=CARTESIAN_POINT('',(35.,-3.3,8.));
#14586=CARTESIAN_POINT('',(35.,-5.2,8.));
#14587=CARTESIAN_POINT('',(35.,-3.3,8.));
#14588=CARTESIAN_POINT('Origin',(43.5,-5.2,5.));
#14589=CARTESIAN_POINT('',(39.5,-3.3,1.));
#14590=CARTESIAN_POINT('',(40.,-3.8,1.5));
#14591=CARTESIAN_POINT('',(40.8666666666667,-4.66666666666667,2.36666666666667));
#14592=CARTESIAN_POINT('',(43.5,-3.3,5.));
#14593=CARTESIAN_POINT('',(39.5,-3.3,1.));
#14594=CARTESIAN_POINT('',(43.5,-5.2,5.));
#14595=CARTESIAN_POINT('',(43.5,-5.2,5.));
#14596=CARTESIAN_POINT('',(40.,-5.2,1.5));
#14597=CARTESIAN_POINT('',(39.5,-5.2,1.));
#14598=CARTESIAN_POINT('',(40.,-5.2,1.5));
#14599=CARTESIAN_POINT('Origin',(40.5,-5.2,8.));
#14600=CARTESIAN_POINT('',(40.5,-5.2,8.));
#14601=CARTESIAN_POINT('',(43.5,-5.2,5.));
#14602=CARTESIAN_POINT('',(40.5,-3.3,8.));
#14603=CARTESIAN_POINT('',(43.5,-3.3,5.));
#14604=CARTESIAN_POINT('',(40.5,-5.2,8.));
#14605=CARTESIAN_POINT('Origin',(35.8,-4.3,2.));
#14606=CARTESIAN_POINT('',(40.,-3.3,1.));
#14607=CARTESIAN_POINT('',(40.,-4.025,1.725));
#14608=CARTESIAN_POINT('',(37.9,-3.3,1.));
#14609=CARTESIAN_POINT('Origin',(40.,-5.2,0.));
#14610=CARTESIAN_POINT('',(40.,-5.2,0.));
#14611=CARTESIAN_POINT('',(40.,-5.2,0.));
#14612=CARTESIAN_POINT('',(40.,-3.3,0.));
#14613=CARTESIAN_POINT('',(40.,-5.2,0.));
#14614=CARTESIAN_POINT('',(40.,-3.3,0.));
#14615=CARTESIAN_POINT('Origin',(20.,5.3,5.));
#14616=CARTESIAN_POINT('',(17.7,5.3,5.));
#14617=CARTESIAN_POINT('Origin',(20.,5.3,5.));
#14618=CARTESIAN_POINT('',(19.4,7.,5.));
#14619=CARTESIAN_POINT('',(17.7,5.3,5.));
#14620=CARTESIAN_POINT('Origin',(20.,7.,5.));
#14621=CARTESIAN_POINT('Origin',(20.5,5.3,1.));
#14622=CARTESIAN_POINT('',(20.,5.3,1.5));
#14623=CARTESIAN_POINT('',(20.,7.,1.5));
#14624=CARTESIAN_POINT('',(20.,6.15,1.5));
#14625=CARTESIAN_POINT('',(16.5,5.3,5.));
#14626=CARTESIAN_POINT('',(16.5,5.3,5.));
#14627=CARTESIAN_POINT('',(16.5,7.,5.));
#14628=CARTESIAN_POINT('',(16.5,5.3,5.));
#14629=CARTESIAN_POINT('',(16.5,7.,5.));
#14630=CARTESIAN_POINT('Origin',(16.5,5.3,5.));
#14631=CARTESIAN_POINT('',(19.5,5.3,8.));
#14632=CARTESIAN_POINT('',(19.5,5.3,8.));
#14633=CARTESIAN_POINT('',(19.5,7.,8.));
#14634=CARTESIAN_POINT('',(19.5,5.3,8.));
#14635=CARTESIAN_POINT('',(19.5,7.,8.));
#14636=CARTESIAN_POINT('Origin',(36.,7.,0.));
#14637=CARTESIAN_POINT('',(36.,7.,8.));
#14638=CARTESIAN_POINT('',(36.,7.,8.));
#14639=CARTESIAN_POINT('',(36.,7.,0.));
#14640=CARTESIAN_POINT('',(36.,7.,0.));
#14641=CARTESIAN_POINT('',(20.,7.,0.));
#14642=CARTESIAN_POINT('',(36.,7.,0.));
#14643=CARTESIAN_POINT('',(20.,7.,0.));
#14644=CARTESIAN_POINT('Origin',(20.,-5.3,5.));
#14645=CARTESIAN_POINT('',(17.7,-5.3,5.));
#14646=CARTESIAN_POINT('Origin',(20.,-5.3,5.));
#14647=CARTESIAN_POINT('',(19.4,-7.,5.));
#14648=CARTESIAN_POINT('',(17.7,-5.3,5.));
#14649=CARTESIAN_POINT('Origin',(20.,-7.,5.));
#14650=CARTESIAN_POINT('Origin',(20.5,-7.,1.));
#14651=CARTESIAN_POINT('',(20.,-7.,1.5));
#14652=CARTESIAN_POINT('',(20.,-5.3,1.5));
#14653=CARTESIAN_POINT('',(20.,-6.15,1.5));
#14654=CARTESIAN_POINT('',(16.5,-7.,5.));
#14655=CARTESIAN_POINT('',(16.5,-7.,5.));
#14656=CARTESIAN_POINT('',(16.5,-5.3,5.));
#14657=CARTESIAN_POINT('',(16.5,-7.,5.));
#14658=CARTESIAN_POINT('',(16.5,-5.3,5.));
#14659=CARTESIAN_POINT('Origin',(16.5,-7.,5.));
#14660=CARTESIAN_POINT('',(19.5,-7.,8.));
#14661=CARTESIAN_POINT('',(19.5,-7.,8.));
#14662=CARTESIAN_POINT('',(19.5,-5.3,8.));
#14663=CARTESIAN_POINT('',(19.5,-7.,8.));
#14664=CARTESIAN_POINT('',(19.5,-5.3,8.));
#14665=CARTESIAN_POINT('Origin',(20.,-5.3,0.));
#14666=CARTESIAN_POINT('',(20.,-5.3,0.));
#14667=CARTESIAN_POINT('',(20.,-5.3,0.));
#14668=CARTESIAN_POINT('',(20.,-7.,0.));
#14669=CARTESIAN_POINT('',(20.,-5.3,0.));
#14670=CARTESIAN_POINT('',(20.,-7.,0.));
#14671=CARTESIAN_POINT('Origin',(24.2,-5.3,0.));
#14672=CARTESIAN_POINT('',(24.,-5.3,8.));
#14673=CARTESIAN_POINT('',(24.,-5.3,8.));
#14674=CARTESIAN_POINT('',(24.,-5.3,0.));
#14675=CARTESIAN_POINT('',(24.,-5.3,0.));
#14676=CARTESIAN_POINT('',(24.2,-5.3,0.));
#14677=CARTESIAN_POINT('Origin',(32.,2.5,5.6));
#14678=CARTESIAN_POINT('',(32.,5.,8.));
#14679=CARTESIAN_POINT('',(32.,5.8,8.));
#14680=CARTESIAN_POINT('',(32.,4.25,8.));
#14681=CARTESIAN_POINT('',(32.,5.,2.8));
#14682=CARTESIAN_POINT('',(32.,5.,2.8));
#14683=CARTESIAN_POINT('',(32.,-0.8,8.6));
#14684=CARTESIAN_POINT('',(32.,5.,2.8));
#14685=CARTESIAN_POINT('',(32.,-0.4,9.));
#14686=CARTESIAN_POINT('',(32.,-0.8,8.6));
#14687=CARTESIAN_POINT('',(32.,5.8,9.));
#14688=CARTESIAN_POINT('',(32.,-0.4,9.));
#14689=CARTESIAN_POINT('',(32.,5.8,9.));
#14690=CARTESIAN_POINT('Origin',(32.,5.8,2.2));
#14691=CARTESIAN_POINT('',(36.,5.8,8.));
#14692=CARTESIAN_POINT('',(31.,5.8,8.));
#14693=CARTESIAN_POINT('',(36.,5.8,9.));
#14694=CARTESIAN_POINT('',(32.,5.8,9.));
#14695=CARTESIAN_POINT('',(36.,5.8,9.));
#14696=CARTESIAN_POINT('Origin',(32.,-0.8,8.6));
#14697=CARTESIAN_POINT('',(36.,3.3,4.5));
#14698=CARTESIAN_POINT('',(35.625,3.3,4.5));
#14699=CARTESIAN_POINT('',(36.,-0.8,8.6));
#14700=CARTESIAN_POINT('',(36.,5.,2.8));
#14701=CARTESIAN_POINT('',(32.,-0.8,8.6));
#14702=CARTESIAN_POINT('',(28.,5.,2.8));
#14703=CARTESIAN_POINT('Origin',(32.,-0.4,9.));
#14704=CARTESIAN_POINT('',(36.,-0.4,9.));
#14705=CARTESIAN_POINT('',(36.,-0.8,8.6));
#14706=CARTESIAN_POINT('',(32.,-0.4,9.));
#14707=CARTESIAN_POINT('Origin',(32.,5.8,9.));
#14708=CARTESIAN_POINT('',(36.,-0.4,9.));
#14709=CARTESIAN_POINT('Origin',(36.,-7.,0.));
#14710=CARTESIAN_POINT('',(36.,-7.,0.));
#14711=CARTESIAN_POINT('',(36.,5.,8.));
#14712=CARTESIAN_POINT('',(36.,3.3,2.25));
#14713=CARTESIAN_POINT('Origin',(28.,-2.5,5.6));
#14714=CARTESIAN_POINT('',(28.,-5.,8.));
#14715=CARTESIAN_POINT('',(28.,-5.8,8.));
#14716=CARTESIAN_POINT('',(28.,-4.25,8.));
#14717=CARTESIAN_POINT('',(28.,-5.,2.8));
#14718=CARTESIAN_POINT('',(28.,-5.,2.8));
#14719=CARTESIAN_POINT('',(28.,0.8,8.6));
#14720=CARTESIAN_POINT('',(28.,-5.,2.8));
#14721=CARTESIAN_POINT('',(28.,0.4,9.));
#14722=CARTESIAN_POINT('',(28.,0.8,8.6));
#14723=CARTESIAN_POINT('',(28.,-5.8,9.));
#14724=CARTESIAN_POINT('',(28.,0.4,9.));
#14725=CARTESIAN_POINT('',(28.,-5.8,9.));
#14726=CARTESIAN_POINT('Origin',(24.,0.4,9.));
#14727=CARTESIAN_POINT('',(24.,0.4,9.));
#14728=CARTESIAN_POINT('',(24.,-5.8,9.));
#14729=CARTESIAN_POINT('',(24.,0.4,9.));
#14730=CARTESIAN_POINT('',(24.,-5.8,9.));
#14731=CARTESIAN_POINT('',(24.,0.4,9.));
#14732=CARTESIAN_POINT('Origin',(24.,0.8,8.6));
#14733=CARTESIAN_POINT('',(24.,0.8,8.6));
#14734=CARTESIAN_POINT('',(24.,0.8,8.6));
#14735=CARTESIAN_POINT('',(24.,0.8,8.6));
#14736=CARTESIAN_POINT('Origin',(24.,-5.,2.8));
#14737=CARTESIAN_POINT('',(24.,-5.,2.8));
#14738=CARTESIAN_POINT('',(24.,-5.,2.8));
#14739=CARTESIAN_POINT('',(30.,-5.,2.8));
#14740=CARTESIAN_POINT('Origin',(24.,-5.8,9.));
#14741=CARTESIAN_POINT('',(24.,-5.8,8.));
#14742=CARTESIAN_POINT('',(27.,-5.8,8.));
#14743=CARTESIAN_POINT('',(24.,-5.8,9.));
#14744=CARTESIAN_POINT('Origin',(24.,7.,0.));
#14745=CARTESIAN_POINT('',(24.,5.3,8.));
#14746=CARTESIAN_POINT('',(24.,5.3,0.));
#14747=CARTESIAN_POINT('',(24.,5.3,0.));
#14748=CARTESIAN_POINT('',(24.,7.,0.));
#14749=CARTESIAN_POINT('',(24.,-5.55111512312578E-16,8.));
#14750=CARTESIAN_POINT('',(24.,-5.,2.));
#14751=CARTESIAN_POINT('',(24.,-5.,0.));
#14752=CARTESIAN_POINT('',(24.,5.,2.));
#14753=CARTESIAN_POINT('',(24.,7.,2.));
#14754=CARTESIAN_POINT('',(24.,5.,8.));
#14755=CARTESIAN_POINT('',(24.,5.,0.));
#14756=CARTESIAN_POINT('',(24.,7.,8.));
#14757=CARTESIAN_POINT('Origin',(24.,5.,0.));
#14758=CARTESIAN_POINT('',(24.,5.,8.));
#14759=CARTESIAN_POINT('',(27.,5.,2.));
#14760=CARTESIAN_POINT('Origin',(30.,6.,8.));
#14761=CARTESIAN_POINT('',(24.,5.3,8.));
#14762=CARTESIAN_POINT('Origin',(30.,0.,2.));
#14763=CARTESIAN_POINT('',(33.,-5.,2.));
#14764=CARTESIAN_POINT('',(36.,-3.3,2.));
#14765=CARTESIAN_POINT('',(32.9,-3.3,2.));
#14766=CARTESIAN_POINT('',(36.,3.3,2.));
#14767=CARTESIAN_POINT('',(36.,-7.,2.));
#14768=CARTESIAN_POINT('',(32.9,3.3,2.));
#14769=CARTESIAN_POINT('Origin',(30.,0.,0.));
#14770=CARTESIAN_POINT('',(20.,5.3,0.));
#14771=CARTESIAN_POINT('',(20.,5.3,0.));
#14772=CARTESIAN_POINT('',(20.,7.,0.));
#14773=CARTESIAN_POINT('',(36.,3.3,0.));
#14774=CARTESIAN_POINT('',(35.8,3.3,0.));
#14775=CARTESIAN_POINT('',(36.,-3.3,0.));
#14776=CARTESIAN_POINT('',(36.,-7.,0.));
#14777=CARTESIAN_POINT('',(40.,-3.3,0.));
#14778=CARTESIAN_POINT('',(36.,-5.2,0.));
#14779=CARTESIAN_POINT('',(35.8,-5.2,0.));
#14780=CARTESIAN_POINT('',(36.,-7.,0.));
#14781=CARTESIAN_POINT('',(36.,-7.,0.));
#14782=CARTESIAN_POINT('',(20.,-7.,0.));
#14783=CARTESIAN_POINT('Origin',(36.,-5.,0.));
#14784=CARTESIAN_POINT('',(36.,-5.,8.));
#14785=CARTESIAN_POINT('Origin',(30.,-6.,8.));
#14786=CARTESIAN_POINT('',(36.,-7.,8.));
#14787=CARTESIAN_POINT('',(24.,-7.,8.));
#14788=CARTESIAN_POINT('',(36.,-5.2,8.));
#14789=CARTESIAN_POINT('',(36.,-7.,8.));
#14790=CARTESIAN_POINT('',(40.5,-5.2,8.));
#14791=CARTESIAN_POINT('',(40.5,-3.3,8.));
#14792=CARTESIAN_POINT('Origin',(35.8,3.3,0.));
#14793=CARTESIAN_POINT('',(36.,3.3,0.));
#14794=CARTESIAN_POINT('Origin',(36.,-7.,0.));
#14795=CARTESIAN_POINT('',(36.,-3.3,0.));
#14796=CARTESIAN_POINT('Origin',(24.,-7.,0.));
#14797=CARTESIAN_POINT('',(36.,-7.,0.));
#14798=CARTESIAN_POINT('Origin',(20.,5.3,0.));
#14799=CARTESIAN_POINT('',(20.,5.3,0.));
#14800=CARTESIAN_POINT('Origin',(20.,7.,0.));
#14801=CARTESIAN_POINT('Origin',(40.,-3.3,0.));
#14802=CARTESIAN_POINT('Origin',(35.8,-5.2,0.));
#14803=CARTESIAN_POINT('',(36.,-5.2,0.));
#14804=CARTESIAN_POINT('Origin',(36.,-7.,0.));
#14805=CARTESIAN_POINT('Origin',(60.,4.9,5.));
#14806=CARTESIAN_POINT('',(60.,7.3,5.));
#14807=CARTESIAN_POINT('',(60.,5.2,2.9));
#14808=CARTESIAN_POINT('',(60.,4.9,2.6));
#14809=CARTESIAN_POINT('Origin',(60.,5.2,5.));
#14810=CARTESIAN_POINT('Origin',(60.,-6.1,5.));
#14811=CARTESIAN_POINT('',(60.,-5.2,2.9));
#14812=CARTESIAN_POINT('Origin',(60.,-5.2,5.));
#14813=CARTESIAN_POINT('',(60.,-7.3,5.));
#14814=CARTESIAN_POINT('',(60.,-6.1,3.8));
#14815=CARTESIAN_POINT('Origin',(55.,3.3,8.));
#14816=CARTESIAN_POINT('',(56.,3.3,8.));
#14817=CARTESIAN_POINT('',(56.,5.2,8.));
#14818=CARTESIAN_POINT('',(56.,-1.85,8.));
#14819=CARTESIAN_POINT('',(60.5,3.3,8.));
#14820=CARTESIAN_POINT('',(60.5,3.3,8.));
#14821=CARTESIAN_POINT('',(60.5,5.2,8.));
#14822=CARTESIAN_POINT('',(60.5,3.3,8.));
#14823=CARTESIAN_POINT('',(60.5,5.2,8.));
#14824=CARTESIAN_POINT('Origin',(55.,3.3,1.));
#14825=CARTESIAN_POINT('',(55.,5.,2.8));
#14826=CARTESIAN_POINT('',(55.,3.3,4.5));
#14827=CARTESIAN_POINT('',(55.,2.125,5.675));
#14828=CARTESIAN_POINT('',(55.,5.,2.));
#14829=CARTESIAN_POINT('',(55.,5.,0.5));
#14830=CARTESIAN_POINT('',(55.,3.3,2.));
#14831=CARTESIAN_POINT('',(55.,1.65,2.));
#14832=CARTESIAN_POINT('',(55.,3.3,8.));
#14833=CARTESIAN_POINT('Origin',(63.5,3.3,5.));
#14834=CARTESIAN_POINT('',(60.,5.2,1.5));
#14835=CARTESIAN_POINT('',(60.,3.8,1.5));
#14836=CARTESIAN_POINT('',(60.,3.3,1.5));
#14837=CARTESIAN_POINT('',(63.5,5.2,5.));
#14838=CARTESIAN_POINT('',(59.5,5.2,1.));
#14839=CARTESIAN_POINT('',(63.5,3.3,5.));
#14840=CARTESIAN_POINT('',(63.5,3.3,5.));
#14841=CARTESIAN_POINT('',(59.5,3.3,1.));
#14842=CARTESIAN_POINT('',(59.5,3.3,1.));
#14843=CARTESIAN_POINT('',(60.2166666666667,4.01666666666667,1.71666666666667));
#14844=CARTESIAN_POINT('Origin',(60.5,3.3,8.));
#14845=CARTESIAN_POINT('',(63.5,3.3,5.));
#14846=CARTESIAN_POINT('',(63.5,5.2,5.));
#14847=CARTESIAN_POINT('Origin',(60.,5.2,0.));
#14848=CARTESIAN_POINT('',(56.,5.2,0.));
#14849=CARTESIAN_POINT('',(56.,5.2,0.));
#14850=CARTESIAN_POINT('',(60.,5.2,0.));
#14851=CARTESIAN_POINT('',(60.,5.2,0.));
#14852=CARTESIAN_POINT('',(60.,5.2,0.));
#14853=CARTESIAN_POINT('Origin',(60.,3.3,0.));
#14854=CARTESIAN_POINT('',(60.,3.3,1.));
#14855=CARTESIAN_POINT('',(60.,3.05,0.75));
#14856=CARTESIAN_POINT('',(60.,3.3,0.));
#14857=CARTESIAN_POINT('',(60.,3.3,0.));
#14858=CARTESIAN_POINT('',(60.,3.3,0.));
#14859=CARTESIAN_POINT('Origin',(55.8,3.3,1.));
#14860=CARTESIAN_POINT('',(55.8,3.3,1.));
#14861=CARTESIAN_POINT('Origin',(55.,-5.2,1.));
#14862=CARTESIAN_POINT('',(55.,-5.,2.));
#14863=CARTESIAN_POINT('',(55.,-3.3,2.));
#14864=CARTESIAN_POINT('',(55.,-2.6,2.));
#14865=CARTESIAN_POINT('',(55.,-5.,8.));
#14866=CARTESIAN_POINT('',(55.,-5.,0.5));
#14867=CARTESIAN_POINT('',(55.,-3.3,8.));
#14868=CARTESIAN_POINT('',(55.,-5.2,8.));
#14869=CARTESIAN_POINT('',(55.,-3.3,8.));
#14870=CARTESIAN_POINT('Origin',(63.5,-5.2,5.));
#14871=CARTESIAN_POINT('',(59.5,-3.3,1.));
#14872=CARTESIAN_POINT('',(60.,-3.8,1.5));
#14873=CARTESIAN_POINT('',(60.8666666666667,-4.66666666666667,2.36666666666667));
#14874=CARTESIAN_POINT('',(63.5,-3.3,5.));
#14875=CARTESIAN_POINT('',(59.5,-3.3,1.));
#14876=CARTESIAN_POINT('',(63.5,-5.2,5.));
#14877=CARTESIAN_POINT('',(63.5,-5.2,5.));
#14878=CARTESIAN_POINT('',(60.,-5.2,1.5));
#14879=CARTESIAN_POINT('',(59.5,-5.2,1.));
#14880=CARTESIAN_POINT('',(60.,-5.2,1.5));
#14881=CARTESIAN_POINT('Origin',(60.5,-5.2,8.));
#14882=CARTESIAN_POINT('',(60.5,-5.2,8.));
#14883=CARTESIAN_POINT('',(63.5,-5.2,5.));
#14884=CARTESIAN_POINT('',(60.5,-3.3,8.));
#14885=CARTESIAN_POINT('',(63.5,-3.3,5.));
#14886=CARTESIAN_POINT('',(60.5,-5.2,8.));
#14887=CARTESIAN_POINT('Origin',(55.8,-4.3,2.));
#14888=CARTESIAN_POINT('',(60.,-3.3,1.));
#14889=CARTESIAN_POINT('',(60.,-4.025,1.725));
#14890=CARTESIAN_POINT('',(57.9,-3.3,1.));
#14891=CARTESIAN_POINT('Origin',(60.,-5.2,0.));
#14892=CARTESIAN_POINT('',(60.,-5.2,0.));
#14893=CARTESIAN_POINT('',(60.,-5.2,0.));
#14894=CARTESIAN_POINT('',(60.,-3.3,0.));
#14895=CARTESIAN_POINT('',(60.,-5.2,0.));
#14896=CARTESIAN_POINT('',(60.,-3.3,0.));
#14897=CARTESIAN_POINT('Origin',(40.,5.3,5.));
#14898=CARTESIAN_POINT('',(37.7,5.3,5.));
#14899=CARTESIAN_POINT('Origin',(40.,5.3,5.));
#14900=CARTESIAN_POINT('',(39.4,7.,5.));
#14901=CARTESIAN_POINT('',(37.7,5.3,5.));
#14902=CARTESIAN_POINT('Origin',(40.,7.,5.));
#14903=CARTESIAN_POINT('Origin',(40.5,5.3,1.));
#14904=CARTESIAN_POINT('',(40.,5.3,1.5));
#14905=CARTESIAN_POINT('',(40.,7.,1.5));
#14906=CARTESIAN_POINT('',(40.,6.15,1.5));
#14907=CARTESIAN_POINT('',(36.5,5.3,5.));
#14908=CARTESIAN_POINT('',(36.5,5.3,5.));
#14909=CARTESIAN_POINT('',(36.5,7.,5.));
#14910=CARTESIAN_POINT('',(36.5,5.3,5.));
#14911=CARTESIAN_POINT('',(36.5,7.,5.));
#14912=CARTESIAN_POINT('Origin',(36.5,5.3,5.));
#14913=CARTESIAN_POINT('',(39.5,5.3,8.));
#14914=CARTESIAN_POINT('',(39.5,5.3,8.));
#14915=CARTESIAN_POINT('',(39.5,7.,8.));
#14916=CARTESIAN_POINT('',(39.5,5.3,8.));
#14917=CARTESIAN_POINT('',(39.5,7.,8.));
#14918=CARTESIAN_POINT('Origin',(56.,7.,0.));
#14919=CARTESIAN_POINT('',(56.,7.,8.));
#14920=CARTESIAN_POINT('',(56.,7.,8.));
#14921=CARTESIAN_POINT('',(56.,7.,0.));
#14922=CARTESIAN_POINT('',(56.,7.,0.));
#14923=CARTESIAN_POINT('',(40.,7.,0.));
#14924=CARTESIAN_POINT('',(56.,7.,0.));
#14925=CARTESIAN_POINT('',(40.,7.,0.));
#14926=CARTESIAN_POINT('Origin',(40.,-5.3,5.));
#14927=CARTESIAN_POINT('',(37.7,-5.3,5.));
#14928=CARTESIAN_POINT('Origin',(40.,-5.3,5.));
#14929=CARTESIAN_POINT('',(39.4,-7.,5.));
#14930=CARTESIAN_POINT('',(37.7,-5.3,5.));
#14931=CARTESIAN_POINT('Origin',(40.,-7.,5.));
#14932=CARTESIAN_POINT('Origin',(40.5,-7.,1.));
#14933=CARTESIAN_POINT('',(40.,-7.,1.5));
#14934=CARTESIAN_POINT('',(40.,-5.3,1.5));
#14935=CARTESIAN_POINT('',(40.,-6.15,1.5));
#14936=CARTESIAN_POINT('',(36.5,-7.,5.));
#14937=CARTESIAN_POINT('',(36.5,-7.,5.));
#14938=CARTESIAN_POINT('',(36.5,-5.3,5.));
#14939=CARTESIAN_POINT('',(36.5,-7.,5.));
#14940=CARTESIAN_POINT('',(36.5,-5.3,5.));
#14941=CARTESIAN_POINT('Origin',(36.5,-7.,5.));
#14942=CARTESIAN_POINT('',(39.5,-7.,8.));
#14943=CARTESIAN_POINT('',(39.5,-7.,8.));
#14944=CARTESIAN_POINT('',(39.5,-5.3,8.));
#14945=CARTESIAN_POINT('',(39.5,-7.,8.));
#14946=CARTESIAN_POINT('',(39.5,-5.3,8.));
#14947=CARTESIAN_POINT('Origin',(40.,-5.3,0.));
#14948=CARTESIAN_POINT('',(40.,-5.3,0.));
#14949=CARTESIAN_POINT('',(40.,-5.3,0.));
#14950=CARTESIAN_POINT('',(40.,-7.,0.));
#14951=CARTESIAN_POINT('',(40.,-5.3,0.));
#14952=CARTESIAN_POINT('',(40.,-7.,0.));
#14953=CARTESIAN_POINT('Origin',(44.2,-5.3,0.));
#14954=CARTESIAN_POINT('',(44.,-5.3,8.));
#14955=CARTESIAN_POINT('',(44.,-5.3,8.));
#14956=CARTESIAN_POINT('',(44.,-5.3,0.));
#14957=CARTESIAN_POINT('',(44.,-5.3,0.));
#14958=CARTESIAN_POINT('',(44.2,-5.3,0.));
#14959=CARTESIAN_POINT('Origin',(52.,2.5,5.6));
#14960=CARTESIAN_POINT('',(52.,5.,8.));
#14961=CARTESIAN_POINT('',(52.,5.8,8.));
#14962=CARTESIAN_POINT('',(52.,4.25,8.));
#14963=CARTESIAN_POINT('',(52.,5.,2.8));
#14964=CARTESIAN_POINT('',(52.,5.,2.8));
#14965=CARTESIAN_POINT('',(52.,-0.8,8.6));
#14966=CARTESIAN_POINT('',(52.,5.,2.8));
#14967=CARTESIAN_POINT('',(52.,-0.4,9.));
#14968=CARTESIAN_POINT('',(52.,-0.8,8.6));
#14969=CARTESIAN_POINT('',(52.,5.8,9.));
#14970=CARTESIAN_POINT('',(52.,-0.4,9.));
#14971=CARTESIAN_POINT('',(52.,5.8,9.));
#14972=CARTESIAN_POINT('Origin',(52.,5.8,2.2));
#14973=CARTESIAN_POINT('',(56.,5.8,8.));
#14974=CARTESIAN_POINT('',(51.,5.8,8.));
#14975=CARTESIAN_POINT('',(56.,5.8,9.));
#14976=CARTESIAN_POINT('',(52.,5.8,9.));
#14977=CARTESIAN_POINT('',(56.,5.8,9.));
#14978=CARTESIAN_POINT('Origin',(52.,-0.8,8.6));
#14979=CARTESIAN_POINT('',(56.,3.3,4.5));
#14980=CARTESIAN_POINT('',(55.625,3.3,4.5));
#14981=CARTESIAN_POINT('',(56.,-0.8,8.6));
#14982=CARTESIAN_POINT('',(56.,5.,2.8));
#14983=CARTESIAN_POINT('',(52.,-0.8,8.6));
#14984=CARTESIAN_POINT('',(48.,5.,2.8));
#14985=CARTESIAN_POINT('Origin',(52.,-0.4,9.));
#14986=CARTESIAN_POINT('',(56.,-0.4,9.));
#14987=CARTESIAN_POINT('',(56.,-0.8,8.6));
#14988=CARTESIAN_POINT('',(52.,-0.4,9.));
#14989=CARTESIAN_POINT('Origin',(52.,5.8,9.));
#14990=CARTESIAN_POINT('',(56.,-0.4,9.));
#14991=CARTESIAN_POINT('Origin',(56.,-7.,0.));
#14992=CARTESIAN_POINT('',(56.,-7.,0.));
#14993=CARTESIAN_POINT('',(56.,5.,8.));
#14994=CARTESIAN_POINT('',(56.,3.3,2.25));
#14995=CARTESIAN_POINT('Origin',(48.,-2.5,5.6));
#14996=CARTESIAN_POINT('',(48.,-5.,8.));
#14997=CARTESIAN_POINT('',(48.,-5.8,8.));
#14998=CARTESIAN_POINT('',(48.,-4.25,8.));
#14999=CARTESIAN_POINT('',(48.,-5.,2.8));
#15000=CARTESIAN_POINT('',(48.,-5.,2.8));
#15001=CARTESIAN_POINT('',(48.,0.8,8.6));
#15002=CARTESIAN_POINT('',(48.,-5.,2.8));
#15003=CARTESIAN_POINT('',(48.,0.4,9.));
#15004=CARTESIAN_POINT('',(48.,0.8,8.6));
#15005=CARTESIAN_POINT('',(48.,-5.8,9.));
#15006=CARTESIAN_POINT('',(48.,0.4,9.));
#15007=CARTESIAN_POINT('',(48.,-5.8,9.));
#15008=CARTESIAN_POINT('Origin',(44.,0.4,9.));
#15009=CARTESIAN_POINT('',(44.,0.4,9.));
#15010=CARTESIAN_POINT('',(44.,-5.8,9.));
#15011=CARTESIAN_POINT('',(44.,0.4,9.));
#15012=CARTESIAN_POINT('',(44.,-5.8,9.));
#15013=CARTESIAN_POINT('',(44.,0.4,9.));
#15014=CARTESIAN_POINT('Origin',(44.,0.8,8.6));
#15015=CARTESIAN_POINT('',(44.,0.8,8.6));
#15016=CARTESIAN_POINT('',(44.,0.8,8.6));
#15017=CARTESIAN_POINT('',(44.,0.8,8.6));
#15018=CARTESIAN_POINT('Origin',(44.,-5.,2.8));
#15019=CARTESIAN_POINT('',(44.,-5.,2.8));
#15020=CARTESIAN_POINT('',(44.,-5.,2.8));
#15021=CARTESIAN_POINT('',(50.,-5.,2.8));
#15022=CARTESIAN_POINT('Origin',(44.,-5.8,9.));
#15023=CARTESIAN_POINT('',(44.,-5.8,8.));
#15024=CARTESIAN_POINT('',(47.,-5.8,8.));
#15025=CARTESIAN_POINT('',(44.,-5.8,9.));
#15026=CARTESIAN_POINT('Origin',(44.,7.,0.));
#15027=CARTESIAN_POINT('',(44.,5.3,8.));
#15028=CARTESIAN_POINT('',(44.,5.3,0.));
#15029=CARTESIAN_POINT('',(44.,5.3,0.));
#15030=CARTESIAN_POINT('',(44.,7.,0.));
#15031=CARTESIAN_POINT('',(44.,-5.55111512312578E-16,8.));
#15032=CARTESIAN_POINT('',(44.,-5.,2.));
#15033=CARTESIAN_POINT('',(44.,-5.,0.));
#15034=CARTESIAN_POINT('',(44.,5.,2.));
#15035=CARTESIAN_POINT('',(44.,7.,2.));
#15036=CARTESIAN_POINT('',(44.,5.,8.));
#15037=CARTESIAN_POINT('',(44.,5.,0.));
#15038=CARTESIAN_POINT('',(44.,7.,8.));
#15039=CARTESIAN_POINT('Origin',(44.,5.,0.));
#15040=CARTESIAN_POINT('',(44.,5.,8.));
#15041=CARTESIAN_POINT('',(47.,5.,2.));
#15042=CARTESIAN_POINT('Origin',(50.,6.,8.));
#15043=CARTESIAN_POINT('',(44.,5.3,8.));
#15044=CARTESIAN_POINT('Origin',(50.,0.,2.));
#15045=CARTESIAN_POINT('',(53.,-5.,2.));
#15046=CARTESIAN_POINT('',(56.,-3.3,2.));
#15047=CARTESIAN_POINT('',(52.9,-3.3,2.));
#15048=CARTESIAN_POINT('',(56.,3.3,2.));
#15049=CARTESIAN_POINT('',(56.,-7.,2.));
#15050=CARTESIAN_POINT('',(52.9,3.3,2.));
#15051=CARTESIAN_POINT('Origin',(50.,0.,0.));
#15052=CARTESIAN_POINT('',(40.,5.3,0.));
#15053=CARTESIAN_POINT('',(40.,5.3,0.));
#15054=CARTESIAN_POINT('',(40.,7.,0.));
#15055=CARTESIAN_POINT('',(56.,3.3,0.));
#15056=CARTESIAN_POINT('',(55.8,3.3,0.));
#15057=CARTESIAN_POINT('',(56.,-3.3,0.));
#15058=CARTESIAN_POINT('',(56.,-7.,0.));
#15059=CARTESIAN_POINT('',(60.,-3.3,0.));
#15060=CARTESIAN_POINT('',(56.,-5.2,0.));
#15061=CARTESIAN_POINT('',(55.8,-5.2,0.));
#15062=CARTESIAN_POINT('',(56.,-7.,0.));
#15063=CARTESIAN_POINT('',(56.,-7.,0.));
#15064=CARTESIAN_POINT('',(40.,-7.,0.));
#15065=CARTESIAN_POINT('Origin',(56.,-5.,0.));
#15066=CARTESIAN_POINT('',(56.,-5.,8.));
#15067=CARTESIAN_POINT('Origin',(50.,-6.,8.));
#15068=CARTESIAN_POINT('',(56.,-7.,8.));
#15069=CARTESIAN_POINT('',(44.,-7.,8.));
#15070=CARTESIAN_POINT('',(56.,-5.2,8.));
#15071=CARTESIAN_POINT('',(56.,-7.,8.));
#15072=CARTESIAN_POINT('',(60.5,-5.2,8.));
#15073=CARTESIAN_POINT('',(60.5,-3.3,8.));
#15074=CARTESIAN_POINT('Origin',(55.8,3.3,0.));
#15075=CARTESIAN_POINT('',(56.,3.3,0.));
#15076=CARTESIAN_POINT('Origin',(56.,-7.,0.));
#15077=CARTESIAN_POINT('',(56.,-3.3,0.));
#15078=CARTESIAN_POINT('Origin',(44.,-7.,0.));
#15079=CARTESIAN_POINT('',(56.,-7.,0.));
#15080=CARTESIAN_POINT('Origin',(40.,5.3,0.));
#15081=CARTESIAN_POINT('',(40.,5.3,0.));
#15082=CARTESIAN_POINT('Origin',(40.,7.,0.));
#15083=CARTESIAN_POINT('Origin',(60.,-3.3,0.));
#15084=CARTESIAN_POINT('Origin',(55.8,-5.2,0.));
#15085=CARTESIAN_POINT('',(56.,-5.2,0.));
#15086=CARTESIAN_POINT('Origin',(56.,-7.,0.));
#15087=CARTESIAN_POINT('Origin',(80.,4.9,5.));
#15088=CARTESIAN_POINT('',(80.,7.3,5.));
#15089=CARTESIAN_POINT('',(80.,5.2,2.9));
#15090=CARTESIAN_POINT('',(80.,4.9,2.6));
#15091=CARTESIAN_POINT('Origin',(80.,5.2,5.));
#15092=CARTESIAN_POINT('Origin',(80.,-6.1,5.));
#15093=CARTESIAN_POINT('',(80.,-5.2,2.9));
#15094=CARTESIAN_POINT('Origin',(80.,-5.2,5.));
#15095=CARTESIAN_POINT('',(80.,-7.3,5.));
#15096=CARTESIAN_POINT('',(80.,-6.1,3.8));
#15097=CARTESIAN_POINT('Origin',(75.,3.3,8.));
#15098=CARTESIAN_POINT('',(76.,3.3,8.));
#15099=CARTESIAN_POINT('',(76.,5.2,8.));
#15100=CARTESIAN_POINT('',(76.,-1.85,8.));
#15101=CARTESIAN_POINT('',(80.5,3.3,8.));
#15102=CARTESIAN_POINT('',(80.5,3.3,8.));
#15103=CARTESIAN_POINT('',(80.5,5.2,8.));
#15104=CARTESIAN_POINT('',(80.5,3.3,8.));
#15105=CARTESIAN_POINT('',(80.5,5.2,8.));
#15106=CARTESIAN_POINT('Origin',(75.,3.3,1.));
#15107=CARTESIAN_POINT('',(75.,5.,2.8));
#15108=CARTESIAN_POINT('',(75.,3.3,4.5));
#15109=CARTESIAN_POINT('',(75.,2.125,5.675));
#15110=CARTESIAN_POINT('',(75.,5.,2.));
#15111=CARTESIAN_POINT('',(75.,5.,0.5));
#15112=CARTESIAN_POINT('',(75.,3.3,2.));
#15113=CARTESIAN_POINT('',(75.,1.65,2.));
#15114=CARTESIAN_POINT('',(75.,3.3,8.));
#15115=CARTESIAN_POINT('Origin',(83.5,3.3,5.));
#15116=CARTESIAN_POINT('',(80.,5.2,1.5));
#15117=CARTESIAN_POINT('',(80.,3.8,1.5));
#15118=CARTESIAN_POINT('',(80.,3.3,1.5));
#15119=CARTESIAN_POINT('',(83.5,5.2,5.));
#15120=CARTESIAN_POINT('',(79.5,5.2,1.));
#15121=CARTESIAN_POINT('',(83.5,3.3,5.));
#15122=CARTESIAN_POINT('',(83.5,3.3,5.));
#15123=CARTESIAN_POINT('',(79.5,3.3,1.));
#15124=CARTESIAN_POINT('',(79.5,3.3,1.));
#15125=CARTESIAN_POINT('',(80.2166666666667,4.01666666666667,1.71666666666667));
#15126=CARTESIAN_POINT('Origin',(80.5,3.3,8.));
#15127=CARTESIAN_POINT('',(83.5,3.3,5.));
#15128=CARTESIAN_POINT('',(83.5,5.2,5.));
#15129=CARTESIAN_POINT('Origin',(80.,5.2,0.));
#15130=CARTESIAN_POINT('',(76.,5.2,0.));
#15131=CARTESIAN_POINT('',(76.,5.2,0.));
#15132=CARTESIAN_POINT('',(80.,5.2,0.));
#15133=CARTESIAN_POINT('',(80.,5.2,0.));
#15134=CARTESIAN_POINT('',(80.,5.2,0.));
#15135=CARTESIAN_POINT('Origin',(80.,3.3,0.));
#15136=CARTESIAN_POINT('',(80.,3.3,1.));
#15137=CARTESIAN_POINT('',(80.,3.05,0.75));
#15138=CARTESIAN_POINT('',(80.,3.3,0.));
#15139=CARTESIAN_POINT('',(80.,3.3,0.));
#15140=CARTESIAN_POINT('',(80.,3.3,0.));
#15141=CARTESIAN_POINT('Origin',(75.8,3.3,1.));
#15142=CARTESIAN_POINT('',(75.8,3.3,1.));
#15143=CARTESIAN_POINT('Origin',(75.,-5.2,1.));
#15144=CARTESIAN_POINT('',(75.,-5.,2.));
#15145=CARTESIAN_POINT('',(75.,-3.3,2.));
#15146=CARTESIAN_POINT('',(75.,-2.6,2.));
#15147=CARTESIAN_POINT('',(75.,-5.,8.));
#15148=CARTESIAN_POINT('',(75.,-5.,0.5));
#15149=CARTESIAN_POINT('',(75.,-3.3,8.));
#15150=CARTESIAN_POINT('',(75.,-5.2,8.));
#15151=CARTESIAN_POINT('',(75.,-3.3,8.));
#15152=CARTESIAN_POINT('Origin',(83.5,-5.2,5.));
#15153=CARTESIAN_POINT('',(79.5,-3.3,1.));
#15154=CARTESIAN_POINT('',(80.,-3.8,1.5));
#15155=CARTESIAN_POINT('',(80.8666666666667,-4.66666666666667,2.36666666666667));
#15156=CARTESIAN_POINT('',(83.5,-3.3,5.));
#15157=CARTESIAN_POINT('',(79.5,-3.3,1.));
#15158=CARTESIAN_POINT('',(83.5,-5.2,5.));
#15159=CARTESIAN_POINT('',(83.5,-5.2,5.));
#15160=CARTESIAN_POINT('',(80.,-5.2,1.5));
#15161=CARTESIAN_POINT('',(79.5,-5.2,1.));
#15162=CARTESIAN_POINT('',(80.,-5.2,1.5));
#15163=CARTESIAN_POINT('Origin',(80.5,-5.2,8.));
#15164=CARTESIAN_POINT('',(80.5,-5.2,8.));
#15165=CARTESIAN_POINT('',(83.5,-5.2,5.));
#15166=CARTESIAN_POINT('',(80.5,-3.3,8.));
#15167=CARTESIAN_POINT('',(83.5,-3.3,5.));
#15168=CARTESIAN_POINT('',(80.5,-5.2,8.));
#15169=CARTESIAN_POINT('Origin',(75.8,-4.3,2.));
#15170=CARTESIAN_POINT('',(80.,-3.3,1.));
#15171=CARTESIAN_POINT('',(80.,-4.025,1.725));
#15172=CARTESIAN_POINT('',(77.9,-3.3,1.));
#15173=CARTESIAN_POINT('Origin',(80.,-5.2,0.));
#15174=CARTESIAN_POINT('',(80.,-5.2,0.));
#15175=CARTESIAN_POINT('',(80.,-5.2,0.));
#15176=CARTESIAN_POINT('',(80.,-3.3,0.));
#15177=CARTESIAN_POINT('',(80.,-5.2,0.));
#15178=CARTESIAN_POINT('',(80.,-3.3,0.));
#15179=CARTESIAN_POINT('Origin',(60.,5.3,5.));
#15180=CARTESIAN_POINT('',(57.7,5.3,5.));
#15181=CARTESIAN_POINT('Origin',(60.,5.3,5.));
#15182=CARTESIAN_POINT('',(59.4,7.,5.));
#15183=CARTESIAN_POINT('',(57.7,5.3,5.));
#15184=CARTESIAN_POINT('Origin',(60.,7.,5.));
#15185=CARTESIAN_POINT('Origin',(60.5,5.3,1.));
#15186=CARTESIAN_POINT('',(60.,5.3,1.5));
#15187=CARTESIAN_POINT('',(60.,7.,1.5));
#15188=CARTESIAN_POINT('',(60.,6.15,1.5));
#15189=CARTESIAN_POINT('',(56.5,5.3,5.));
#15190=CARTESIAN_POINT('',(56.5,5.3,5.));
#15191=CARTESIAN_POINT('',(56.5,7.,5.));
#15192=CARTESIAN_POINT('',(56.5,5.3,5.));
#15193=CARTESIAN_POINT('',(56.5,7.,5.));
#15194=CARTESIAN_POINT('Origin',(56.5,5.3,5.));
#15195=CARTESIAN_POINT('',(59.5,5.3,8.));
#15196=CARTESIAN_POINT('',(59.5,5.3,8.));
#15197=CARTESIAN_POINT('',(59.5,7.,8.));
#15198=CARTESIAN_POINT('',(59.5,5.3,8.));
#15199=CARTESIAN_POINT('',(59.5,7.,8.));
#15200=CARTESIAN_POINT('Origin',(76.,7.,0.));
#15201=CARTESIAN_POINT('',(76.,7.,8.));
#15202=CARTESIAN_POINT('',(76.,7.,8.));
#15203=CARTESIAN_POINT('',(76.,7.,0.));
#15204=CARTESIAN_POINT('',(76.,7.,0.));
#15205=CARTESIAN_POINT('',(60.,7.,0.));
#15206=CARTESIAN_POINT('',(76.,7.,0.));
#15207=CARTESIAN_POINT('',(60.,7.,0.));
#15208=CARTESIAN_POINT('Origin',(60.,-5.3,5.));
#15209=CARTESIAN_POINT('',(57.7,-5.3,5.));
#15210=CARTESIAN_POINT('Origin',(60.,-5.3,5.));
#15211=CARTESIAN_POINT('',(59.4,-7.,5.));
#15212=CARTESIAN_POINT('',(57.7,-5.3,5.));
#15213=CARTESIAN_POINT('Origin',(60.,-7.,5.));
#15214=CARTESIAN_POINT('Origin',(60.5,-7.,1.));
#15215=CARTESIAN_POINT('',(60.,-7.,1.5));
#15216=CARTESIAN_POINT('',(60.,-5.3,1.5));
#15217=CARTESIAN_POINT('',(60.,-6.15,1.5));
#15218=CARTESIAN_POINT('',(56.5,-7.,5.));
#15219=CARTESIAN_POINT('',(56.5,-7.,5.));
#15220=CARTESIAN_POINT('',(56.5,-5.3,5.));
#15221=CARTESIAN_POINT('',(56.5,-7.,5.));
#15222=CARTESIAN_POINT('',(56.5,-5.3,5.));
#15223=CARTESIAN_POINT('Origin',(56.5,-7.,5.));
#15224=CARTESIAN_POINT('',(59.5,-7.,8.));
#15225=CARTESIAN_POINT('',(59.5,-7.,8.));
#15226=CARTESIAN_POINT('',(59.5,-5.3,8.));
#15227=CARTESIAN_POINT('',(59.5,-7.,8.));
#15228=CARTESIAN_POINT('',(59.5,-5.3,8.));
#15229=CARTESIAN_POINT('Origin',(60.,-5.3,0.));
#15230=CARTESIAN_POINT('',(60.,-5.3,0.));
#15231=CARTESIAN_POINT('',(60.,-5.3,0.));
#15232=CARTESIAN_POINT('',(60.,-7.,0.));
#15233=CARTESIAN_POINT('',(60.,-5.3,0.));
#15234=CARTESIAN_POINT('',(60.,-7.,0.));
#15235=CARTESIAN_POINT('Origin',(64.2,-5.3,0.));
#15236=CARTESIAN_POINT('',(64.,-5.3,8.));
#15237=CARTESIAN_POINT('',(64.,-5.3,8.));
#15238=CARTESIAN_POINT('',(64.,-5.3,0.));
#15239=CARTESIAN_POINT('',(64.,-5.3,0.));
#15240=CARTESIAN_POINT('',(64.2,-5.3,0.));
#15241=CARTESIAN_POINT('Origin',(72.,2.5,5.6));
#15242=CARTESIAN_POINT('',(72.,5.,8.));
#15243=CARTESIAN_POINT('',(72.,5.8,8.));
#15244=CARTESIAN_POINT('',(72.,4.25,8.));
#15245=CARTESIAN_POINT('',(72.,5.,2.8));
#15246=CARTESIAN_POINT('',(72.,5.,2.8));
#15247=CARTESIAN_POINT('',(72.,-0.8,8.6));
#15248=CARTESIAN_POINT('',(72.,5.,2.8));
#15249=CARTESIAN_POINT('',(72.,-0.4,9.));
#15250=CARTESIAN_POINT('',(72.,-0.8,8.6));
#15251=CARTESIAN_POINT('',(72.,5.8,9.));
#15252=CARTESIAN_POINT('',(72.,-0.4,9.));
#15253=CARTESIAN_POINT('',(72.,5.8,9.));
#15254=CARTESIAN_POINT('Origin',(72.,5.8,2.2));
#15255=CARTESIAN_POINT('',(76.,5.8,8.));
#15256=CARTESIAN_POINT('',(71.,5.8,8.));
#15257=CARTESIAN_POINT('',(76.,5.8,9.));
#15258=CARTESIAN_POINT('',(72.,5.8,9.));
#15259=CARTESIAN_POINT('',(76.,5.8,9.));
#15260=CARTESIAN_POINT('Origin',(72.,-0.8,8.6));
#15261=CARTESIAN_POINT('',(76.,3.3,4.5));
#15262=CARTESIAN_POINT('',(75.625,3.3,4.5));
#15263=CARTESIAN_POINT('',(76.,-0.8,8.6));
#15264=CARTESIAN_POINT('',(76.,5.,2.8));
#15265=CARTESIAN_POINT('',(72.,-0.8,8.6));
#15266=CARTESIAN_POINT('',(68.,5.,2.8));
#15267=CARTESIAN_POINT('Origin',(72.,-0.4,9.));
#15268=CARTESIAN_POINT('',(76.,-0.4,9.));
#15269=CARTESIAN_POINT('',(76.,-0.8,8.6));
#15270=CARTESIAN_POINT('',(72.,-0.4,9.));
#15271=CARTESIAN_POINT('Origin',(72.,5.8,9.));
#15272=CARTESIAN_POINT('',(76.,-0.4,9.));
#15273=CARTESIAN_POINT('Origin',(76.,-7.,0.));
#15274=CARTESIAN_POINT('',(76.,-7.,0.));
#15275=CARTESIAN_POINT('',(76.,5.,8.));
#15276=CARTESIAN_POINT('',(76.,3.3,2.25));
#15277=CARTESIAN_POINT('Origin',(68.,-2.5,5.6));
#15278=CARTESIAN_POINT('',(68.,-5.,8.));
#15279=CARTESIAN_POINT('',(68.,-5.8,8.));
#15280=CARTESIAN_POINT('',(68.,-4.25,8.));
#15281=CARTESIAN_POINT('',(68.,-5.,2.8));
#15282=CARTESIAN_POINT('',(68.,-5.,2.8));
#15283=CARTESIAN_POINT('',(68.,0.8,8.6));
#15284=CARTESIAN_POINT('',(68.,-5.,2.8));
#15285=CARTESIAN_POINT('',(68.,0.4,9.));
#15286=CARTESIAN_POINT('',(68.,0.8,8.6));
#15287=CARTESIAN_POINT('',(68.,-5.8,9.));
#15288=CARTESIAN_POINT('',(68.,0.4,9.));
#15289=CARTESIAN_POINT('',(68.,-5.8,9.));
#15290=CARTESIAN_POINT('Origin',(64.,0.4,9.));
#15291=CARTESIAN_POINT('',(64.,0.4,9.));
#15292=CARTESIAN_POINT('',(64.,-5.8,9.));
#15293=CARTESIAN_POINT('',(64.,0.4,9.));
#15294=CARTESIAN_POINT('',(64.,-5.8,9.));
#15295=CARTESIAN_POINT('',(64.,0.4,9.));
#15296=CARTESIAN_POINT('Origin',(64.,0.8,8.6));
#15297=CARTESIAN_POINT('',(64.,0.8,8.6));
#15298=CARTESIAN_POINT('',(64.,0.8,8.6));
#15299=CARTESIAN_POINT('',(64.,0.8,8.6));
#15300=CARTESIAN_POINT('Origin',(64.,-5.,2.8));
#15301=CARTESIAN_POINT('',(64.,-5.,2.8));
#15302=CARTESIAN_POINT('',(64.,-5.,2.8));
#15303=CARTESIAN_POINT('',(70.,-5.,2.8));
#15304=CARTESIAN_POINT('Origin',(64.,-5.8,9.));
#15305=CARTESIAN_POINT('',(64.,-5.8,8.));
#15306=CARTESIAN_POINT('',(67.,-5.8,8.));
#15307=CARTESIAN_POINT('',(64.,-5.8,9.));
#15308=CARTESIAN_POINT('Origin',(64.,7.,0.));
#15309=CARTESIAN_POINT('',(64.,5.3,8.));
#15310=CARTESIAN_POINT('',(64.,5.3,0.));
#15311=CARTESIAN_POINT('',(64.,5.3,0.));
#15312=CARTESIAN_POINT('',(64.,7.,0.));
#15313=CARTESIAN_POINT('',(64.,-5.55111512312578E-16,8.));
#15314=CARTESIAN_POINT('',(64.,-5.,2.));
#15315=CARTESIAN_POINT('',(64.,-5.,0.));
#15316=CARTESIAN_POINT('',(64.,5.,2.));
#15317=CARTESIAN_POINT('',(64.,7.,2.));
#15318=CARTESIAN_POINT('',(64.,5.,8.));
#15319=CARTESIAN_POINT('',(64.,5.,0.));
#15320=CARTESIAN_POINT('',(64.,7.,8.));
#15321=CARTESIAN_POINT('Origin',(64.,5.,0.));
#15322=CARTESIAN_POINT('',(64.,5.,8.));
#15323=CARTESIAN_POINT('',(67.,5.,2.));
#15324=CARTESIAN_POINT('Origin',(70.,6.,8.));
#15325=CARTESIAN_POINT('',(64.,5.3,8.));
#15326=CARTESIAN_POINT('Origin',(70.,0.,2.));
#15327=CARTESIAN_POINT('',(73.,-5.,2.));
#15328=CARTESIAN_POINT('',(76.,-3.3,2.));
#15329=CARTESIAN_POINT('',(72.9,-3.3,2.));
#15330=CARTESIAN_POINT('',(76.,3.3,2.));
#15331=CARTESIAN_POINT('',(76.,-7.,2.));
#15332=CARTESIAN_POINT('',(72.9,3.3,2.));
#15333=CARTESIAN_POINT('Origin',(70.,0.,0.));
#15334=CARTESIAN_POINT('',(60.,5.3,0.));
#15335=CARTESIAN_POINT('',(60.,5.3,0.));
#15336=CARTESIAN_POINT('',(60.,7.,0.));
#15337=CARTESIAN_POINT('',(76.,3.3,0.));
#15338=CARTESIAN_POINT('',(75.8,3.3,0.));
#15339=CARTESIAN_POINT('',(76.,-3.3,0.));
#15340=CARTESIAN_POINT('',(76.,-7.,0.));
#15341=CARTESIAN_POINT('',(80.,-3.3,0.));
#15342=CARTESIAN_POINT('',(76.,-5.2,0.));
#15343=CARTESIAN_POINT('',(75.8,-5.2,0.));
#15344=CARTESIAN_POINT('',(76.,-7.,0.));
#15345=CARTESIAN_POINT('',(76.,-7.,0.));
#15346=CARTESIAN_POINT('',(60.,-7.,0.));
#15347=CARTESIAN_POINT('Origin',(76.,-5.,0.));
#15348=CARTESIAN_POINT('',(76.,-5.,8.));
#15349=CARTESIAN_POINT('Origin',(70.,-6.,8.));
#15350=CARTESIAN_POINT('',(76.,-7.,8.));
#15351=CARTESIAN_POINT('',(64.,-7.,8.));
#15352=CARTESIAN_POINT('',(76.,-5.2,8.));
#15353=CARTESIAN_POINT('',(76.,-7.,8.));
#15354=CARTESIAN_POINT('',(80.5,-5.2,8.));
#15355=CARTESIAN_POINT('',(80.5,-3.3,8.));
#15356=CARTESIAN_POINT('Origin',(75.8,3.3,0.));
#15357=CARTESIAN_POINT('',(76.,3.3,0.));
#15358=CARTESIAN_POINT('Origin',(76.,-7.,0.));
#15359=CARTESIAN_POINT('',(76.,-3.3,0.));
#15360=CARTESIAN_POINT('Origin',(64.,-7.,0.));
#15361=CARTESIAN_POINT('',(76.,-7.,0.));
#15362=CARTESIAN_POINT('Origin',(60.,5.3,0.));
#15363=CARTESIAN_POINT('',(60.,5.3,0.));
#15364=CARTESIAN_POINT('Origin',(60.,7.,0.));
#15365=CARTESIAN_POINT('Origin',(80.,-3.3,0.));
#15366=CARTESIAN_POINT('Origin',(75.8,-5.2,0.));
#15367=CARTESIAN_POINT('',(76.,-5.2,0.));
#15368=CARTESIAN_POINT('Origin',(76.,-7.,0.));
#15369=CARTESIAN_POINT('Origin',(100.,4.9,5.));
#15370=CARTESIAN_POINT('',(100.,7.3,5.));
#15371=CARTESIAN_POINT('',(100.,5.2,2.9));
#15372=CARTESIAN_POINT('',(100.,4.9,2.6));
#15373=CARTESIAN_POINT('Origin',(100.,5.2,5.));
#15374=CARTESIAN_POINT('Origin',(100.,-6.1,5.));
#15375=CARTESIAN_POINT('',(100.,-5.2,2.9));
#15376=CARTESIAN_POINT('Origin',(100.,-5.2,5.));
#15377=CARTESIAN_POINT('',(100.,-7.3,5.));
#15378=CARTESIAN_POINT('',(100.,-6.1,3.8));
#15379=CARTESIAN_POINT('Origin',(95.,3.3,8.));
#15380=CARTESIAN_POINT('',(96.,3.3,8.));
#15381=CARTESIAN_POINT('',(96.,5.2,8.));
#15382=CARTESIAN_POINT('',(96.,-1.85,8.));
#15383=CARTESIAN_POINT('',(100.5,3.3,8.));
#15384=CARTESIAN_POINT('',(100.5,3.3,8.));
#15385=CARTESIAN_POINT('',(100.5,5.2,8.));
#15386=CARTESIAN_POINT('',(100.5,3.3,8.));
#15387=CARTESIAN_POINT('',(100.5,5.2,8.));
#15388=CARTESIAN_POINT('Origin',(95.,3.3,1.));
#15389=CARTESIAN_POINT('',(95.,5.,2.8));
#15390=CARTESIAN_POINT('',(95.,3.3,4.5));
#15391=CARTESIAN_POINT('',(95.,2.125,5.675));
#15392=CARTESIAN_POINT('',(95.,5.,2.));
#15393=CARTESIAN_POINT('',(95.,5.,0.5));
#15394=CARTESIAN_POINT('',(95.,3.3,2.));
#15395=CARTESIAN_POINT('',(95.,1.65,2.));
#15396=CARTESIAN_POINT('',(95.,3.3,8.));
#15397=CARTESIAN_POINT('Origin',(103.5,3.3,5.));
#15398=CARTESIAN_POINT('',(100.,5.2,1.5));
#15399=CARTESIAN_POINT('',(100.,3.8,1.5));
#15400=CARTESIAN_POINT('',(100.,3.3,1.5));
#15401=CARTESIAN_POINT('',(103.5,5.2,5.));
#15402=CARTESIAN_POINT('',(99.5,5.2,1.));
#15403=CARTESIAN_POINT('',(103.5,3.3,5.));
#15404=CARTESIAN_POINT('',(103.5,3.3,5.));
#15405=CARTESIAN_POINT('',(99.5,3.3,1.));
#15406=CARTESIAN_POINT('',(99.5,3.3,1.));
#15407=CARTESIAN_POINT('',(100.216666666667,4.01666666666667,1.71666666666667));
#15408=CARTESIAN_POINT('Origin',(100.5,3.3,8.));
#15409=CARTESIAN_POINT('',(103.5,3.3,5.));
#15410=CARTESIAN_POINT('',(103.5,5.2,5.));
#15411=CARTESIAN_POINT('Origin',(100.,5.2,0.));
#15412=CARTESIAN_POINT('',(96.,5.2,0.));
#15413=CARTESIAN_POINT('',(96.,5.2,0.));
#15414=CARTESIAN_POINT('',(100.,5.2,0.));
#15415=CARTESIAN_POINT('',(100.,5.2,0.));
#15416=CARTESIAN_POINT('',(100.,5.2,0.));
#15417=CARTESIAN_POINT('Origin',(100.,3.3,0.));
#15418=CARTESIAN_POINT('',(100.,3.3,1.));
#15419=CARTESIAN_POINT('',(100.,3.05,0.75));
#15420=CARTESIAN_POINT('',(100.,3.3,0.));
#15421=CARTESIAN_POINT('',(100.,3.3,0.));
#15422=CARTESIAN_POINT('',(100.,3.3,0.));
#15423=CARTESIAN_POINT('Origin',(95.8,3.3,1.));
#15424=CARTESIAN_POINT('',(95.8,3.3,1.));
#15425=CARTESIAN_POINT('Origin',(95.,-5.2,1.));
#15426=CARTESIAN_POINT('',(95.,-5.,2.));
#15427=CARTESIAN_POINT('',(95.,-3.3,2.));
#15428=CARTESIAN_POINT('',(95.,-2.6,2.));
#15429=CARTESIAN_POINT('',(95.,-5.,8.));
#15430=CARTESIAN_POINT('',(95.,-5.,0.5));
#15431=CARTESIAN_POINT('',(95.,-3.3,8.));
#15432=CARTESIAN_POINT('',(95.,-5.2,8.));
#15433=CARTESIAN_POINT('',(95.,-3.3,8.));
#15434=CARTESIAN_POINT('Origin',(103.5,-5.2,5.));
#15435=CARTESIAN_POINT('',(99.5,-3.3,1.));
#15436=CARTESIAN_POINT('',(100.,-3.8,1.5));
#15437=CARTESIAN_POINT('',(100.866666666667,-4.66666666666667,2.36666666666667));
#15438=CARTESIAN_POINT('',(103.5,-3.3,5.));
#15439=CARTESIAN_POINT('',(99.5,-3.3,1.));
#15440=CARTESIAN_POINT('',(103.5,-5.2,5.));
#15441=CARTESIAN_POINT('',(103.5,-5.2,5.));
#15442=CARTESIAN_POINT('',(100.,-5.2,1.5));
#15443=CARTESIAN_POINT('',(99.5,-5.2,1.));
#15444=CARTESIAN_POINT('',(100.,-5.2,1.5));
#15445=CARTESIAN_POINT('Origin',(100.5,-5.2,8.));
#15446=CARTESIAN_POINT('',(100.5,-5.2,8.));
#15447=CARTESIAN_POINT('',(103.5,-5.2,5.));
#15448=CARTESIAN_POINT('',(100.5,-3.3,8.));
#15449=CARTESIAN_POINT('',(103.5,-3.3,5.));
#15450=CARTESIAN_POINT('',(100.5,-5.2,8.));
#15451=CARTESIAN_POINT('Origin',(95.8,-4.3,2.));
#15452=CARTESIAN_POINT('',(100.,-3.3,1.));
#15453=CARTESIAN_POINT('',(100.,-4.025,1.725));
#15454=CARTESIAN_POINT('',(97.9,-3.3,1.));
#15455=CARTESIAN_POINT('Origin',(100.,-5.2,0.));
#15456=CARTESIAN_POINT('',(100.,-5.2,0.));
#15457=CARTESIAN_POINT('',(100.,-5.2,0.));
#15458=CARTESIAN_POINT('',(100.,-3.3,0.));
#15459=CARTESIAN_POINT('',(100.,-5.2,0.));
#15460=CARTESIAN_POINT('',(100.,-3.3,0.));
#15461=CARTESIAN_POINT('Origin',(80.,5.3,5.));
#15462=CARTESIAN_POINT('',(77.7,5.3,5.));
#15463=CARTESIAN_POINT('Origin',(80.,5.3,5.));
#15464=CARTESIAN_POINT('',(79.4,7.,5.));
#15465=CARTESIAN_POINT('',(77.7,5.3,5.));
#15466=CARTESIAN_POINT('Origin',(80.,7.,5.));
#15467=CARTESIAN_POINT('Origin',(80.5,5.3,1.));
#15468=CARTESIAN_POINT('',(80.,5.3,1.5));
#15469=CARTESIAN_POINT('',(80.,7.,1.5));
#15470=CARTESIAN_POINT('',(80.,6.15,1.5));
#15471=CARTESIAN_POINT('',(76.5,5.3,5.));
#15472=CARTESIAN_POINT('',(76.5,5.3,5.));
#15473=CARTESIAN_POINT('',(76.5,7.,5.));
#15474=CARTESIAN_POINT('',(76.5,5.3,5.));
#15475=CARTESIAN_POINT('',(76.5,7.,5.));
#15476=CARTESIAN_POINT('Origin',(76.5,5.3,5.));
#15477=CARTESIAN_POINT('',(79.5,5.3,8.));
#15478=CARTESIAN_POINT('',(79.5,5.3,8.));
#15479=CARTESIAN_POINT('',(79.5,7.,8.));
#15480=CARTESIAN_POINT('',(79.5,5.3,8.));
#15481=CARTESIAN_POINT('',(79.5,7.,8.));
#15482=CARTESIAN_POINT('Origin',(96.,7.,0.));
#15483=CARTESIAN_POINT('',(96.,7.,8.));
#15484=CARTESIAN_POINT('',(96.,7.,8.));
#15485=CARTESIAN_POINT('',(96.,7.,0.));
#15486=CARTESIAN_POINT('',(96.,7.,0.));
#15487=CARTESIAN_POINT('',(80.,7.,0.));
#15488=CARTESIAN_POINT('',(96.,7.,0.));
#15489=CARTESIAN_POINT('',(80.,7.,0.));
#15490=CARTESIAN_POINT('Origin',(80.,-5.3,5.));
#15491=CARTESIAN_POINT('',(77.7,-5.3,5.));
#15492=CARTESIAN_POINT('Origin',(80.,-5.3,5.));
#15493=CARTESIAN_POINT('',(79.4,-7.,5.));
#15494=CARTESIAN_POINT('',(77.7,-5.3,5.));
#15495=CARTESIAN_POINT('Origin',(80.,-7.,5.));
#15496=CARTESIAN_POINT('Origin',(80.5,-7.,1.));
#15497=CARTESIAN_POINT('',(80.,-7.,1.5));
#15498=CARTESIAN_POINT('',(80.,-5.3,1.5));
#15499=CARTESIAN_POINT('',(80.,-6.15,1.5));
#15500=CARTESIAN_POINT('',(76.5,-7.,5.));
#15501=CARTESIAN_POINT('',(76.5,-7.,5.));
#15502=CARTESIAN_POINT('',(76.5,-5.3,5.));
#15503=CARTESIAN_POINT('',(76.5,-7.,5.));
#15504=CARTESIAN_POINT('',(76.5,-5.3,5.));
#15505=CARTESIAN_POINT('Origin',(76.5,-7.,5.));
#15506=CARTESIAN_POINT('',(79.5,-7.,8.));
#15507=CARTESIAN_POINT('',(79.5,-7.,8.));
#15508=CARTESIAN_POINT('',(79.5,-5.3,8.));
#15509=CARTESIAN_POINT('',(79.5,-7.,8.));
#15510=CARTESIAN_POINT('',(79.5,-5.3,8.));
#15511=CARTESIAN_POINT('Origin',(80.,-5.3,0.));
#15512=CARTESIAN_POINT('',(80.,-5.3,0.));
#15513=CARTESIAN_POINT('',(80.,-5.3,0.));
#15514=CARTESIAN_POINT('',(80.,-7.,0.));
#15515=CARTESIAN_POINT('',(80.,-5.3,0.));
#15516=CARTESIAN_POINT('',(80.,-7.,0.));
#15517=CARTESIAN_POINT('Origin',(84.2,-5.3,0.));
#15518=CARTESIAN_POINT('',(84.,-5.3,8.));
#15519=CARTESIAN_POINT('',(84.,-5.3,8.));
#15520=CARTESIAN_POINT('',(84.,-5.3,0.));
#15521=CARTESIAN_POINT('',(84.,-5.3,0.));
#15522=CARTESIAN_POINT('',(84.2,-5.3,0.));
#15523=CARTESIAN_POINT('Origin',(92.,2.5,5.6));
#15524=CARTESIAN_POINT('',(92.,5.,8.));
#15525=CARTESIAN_POINT('',(92.,5.8,8.));
#15526=CARTESIAN_POINT('',(92.,4.25,8.));
#15527=CARTESIAN_POINT('',(92.,5.,2.8));
#15528=CARTESIAN_POINT('',(92.,5.,2.8));
#15529=CARTESIAN_POINT('',(92.,-0.8,8.6));
#15530=CARTESIAN_POINT('',(92.,5.,2.8));
#15531=CARTESIAN_POINT('',(92.,-0.4,9.));
#15532=CARTESIAN_POINT('',(92.,-0.8,8.6));
#15533=CARTESIAN_POINT('',(92.,5.8,9.));
#15534=CARTESIAN_POINT('',(92.,-0.4,9.));
#15535=CARTESIAN_POINT('',(92.,5.8,9.));
#15536=CARTESIAN_POINT('Origin',(92.,5.8,2.2));
#15537=CARTESIAN_POINT('',(96.,5.8,8.));
#15538=CARTESIAN_POINT('',(91.,5.8,8.));
#15539=CARTESIAN_POINT('',(96.,5.8,9.));
#15540=CARTESIAN_POINT('',(92.,5.8,9.));
#15541=CARTESIAN_POINT('',(96.,5.8,9.));
#15542=CARTESIAN_POINT('Origin',(92.,-0.8,8.6));
#15543=CARTESIAN_POINT('',(96.,3.3,4.5));
#15544=CARTESIAN_POINT('',(95.625,3.3,4.5));
#15545=CARTESIAN_POINT('',(96.,-0.8,8.6));
#15546=CARTESIAN_POINT('',(96.,5.,2.8));
#15547=CARTESIAN_POINT('',(92.,-0.8,8.6));
#15548=CARTESIAN_POINT('',(88.,5.,2.8));
#15549=CARTESIAN_POINT('Origin',(92.,-0.4,9.));
#15550=CARTESIAN_POINT('',(96.,-0.4,9.));
#15551=CARTESIAN_POINT('',(96.,-0.8,8.6));
#15552=CARTESIAN_POINT('',(92.,-0.4,9.));
#15553=CARTESIAN_POINT('Origin',(92.,5.8,9.));
#15554=CARTESIAN_POINT('',(96.,-0.4,9.));
#15555=CARTESIAN_POINT('Origin',(96.,-7.,0.));
#15556=CARTESIAN_POINT('',(96.,-7.,0.));
#15557=CARTESIAN_POINT('',(96.,5.,8.));
#15558=CARTESIAN_POINT('',(96.,3.3,2.25));
#15559=CARTESIAN_POINT('Origin',(88.,-2.5,5.6));
#15560=CARTESIAN_POINT('',(88.,-5.,8.));
#15561=CARTESIAN_POINT('',(88.,-5.8,8.));
#15562=CARTESIAN_POINT('',(88.,-4.25,8.));
#15563=CARTESIAN_POINT('',(88.,-5.,2.8));
#15564=CARTESIAN_POINT('',(88.,-5.,2.8));
#15565=CARTESIAN_POINT('',(88.,0.8,8.6));
#15566=CARTESIAN_POINT('',(88.,-5.,2.8));
#15567=CARTESIAN_POINT('',(88.,0.4,9.));
#15568=CARTESIAN_POINT('',(88.,0.8,8.6));
#15569=CARTESIAN_POINT('',(88.,-5.8,9.));
#15570=CARTESIAN_POINT('',(88.,0.4,9.));
#15571=CARTESIAN_POINT('',(88.,-5.8,9.));
#15572=CARTESIAN_POINT('Origin',(84.,0.4,9.));
#15573=CARTESIAN_POINT('',(84.,0.4,9.));
#15574=CARTESIAN_POINT('',(84.,-5.8,9.));
#15575=CARTESIAN_POINT('',(84.,0.4,9.));
#15576=CARTESIAN_POINT('',(84.,-5.8,9.));
#15577=CARTESIAN_POINT('',(84.,0.4,9.));
#15578=CARTESIAN_POINT('Origin',(84.,0.8,8.6));
#15579=CARTESIAN_POINT('',(84.,0.8,8.6));
#15580=CARTESIAN_POINT('',(84.,0.8,8.6));
#15581=CARTESIAN_POINT('',(84.,0.8,8.6));
#15582=CARTESIAN_POINT('Origin',(84.,-5.,2.8));
#15583=CARTESIAN_POINT('',(84.,-5.,2.8));
#15584=CARTESIAN_POINT('',(84.,-5.,2.8));
#15585=CARTESIAN_POINT('',(90.,-5.,2.8));
#15586=CARTESIAN_POINT('Origin',(84.,-5.8,9.));
#15587=CARTESIAN_POINT('',(84.,-5.8,8.));
#15588=CARTESIAN_POINT('',(87.,-5.8,8.));
#15589=CARTESIAN_POINT('',(84.,-5.8,9.));
#15590=CARTESIAN_POINT('Origin',(84.,7.,0.));
#15591=CARTESIAN_POINT('',(84.,5.3,8.));
#15592=CARTESIAN_POINT('',(84.,5.3,0.));
#15593=CARTESIAN_POINT('',(84.,5.3,0.));
#15594=CARTESIAN_POINT('',(84.,7.,0.));
#15595=CARTESIAN_POINT('',(84.,-5.55111512312578E-16,8.));
#15596=CARTESIAN_POINT('',(84.,-5.,2.));
#15597=CARTESIAN_POINT('',(84.,-5.,0.));
#15598=CARTESIAN_POINT('',(84.,5.,2.));
#15599=CARTESIAN_POINT('',(84.,7.,2.));
#15600=CARTESIAN_POINT('',(84.,5.,8.));
#15601=CARTESIAN_POINT('',(84.,5.,0.));
#15602=CARTESIAN_POINT('',(84.,7.,8.));
#15603=CARTESIAN_POINT('Origin',(84.,5.,0.));
#15604=CARTESIAN_POINT('',(84.,5.,8.));
#15605=CARTESIAN_POINT('',(87.,5.,2.));
#15606=CARTESIAN_POINT('Origin',(90.,6.,8.));
#15607=CARTESIAN_POINT('',(84.,5.3,8.));
#15608=CARTESIAN_POINT('Origin',(90.,0.,2.));
#15609=CARTESIAN_POINT('',(93.,-5.,2.));
#15610=CARTESIAN_POINT('',(96.,-3.3,2.));
#15611=CARTESIAN_POINT('',(92.9,-3.3,2.));
#15612=CARTESIAN_POINT('',(96.,3.3,2.));
#15613=CARTESIAN_POINT('',(96.,-7.,2.));
#15614=CARTESIAN_POINT('',(92.9,3.3,2.));
#15615=CARTESIAN_POINT('Origin',(90.,0.,0.));
#15616=CARTESIAN_POINT('',(80.,5.3,0.));
#15617=CARTESIAN_POINT('',(80.,5.3,0.));
#15618=CARTESIAN_POINT('',(80.,7.,0.));
#15619=CARTESIAN_POINT('',(96.,3.3,0.));
#15620=CARTESIAN_POINT('',(95.8,3.3,0.));
#15621=CARTESIAN_POINT('',(96.,-3.3,0.));
#15622=CARTESIAN_POINT('',(96.,-7.,0.));
#15623=CARTESIAN_POINT('',(100.,-3.3,0.));
#15624=CARTESIAN_POINT('',(96.,-5.2,0.));
#15625=CARTESIAN_POINT('',(95.8,-5.2,0.));
#15626=CARTESIAN_POINT('',(96.,-7.,0.));
#15627=CARTESIAN_POINT('',(96.,-7.,0.));
#15628=CARTESIAN_POINT('',(80.,-7.,0.));
#15629=CARTESIAN_POINT('Origin',(96.,-5.,0.));
#15630=CARTESIAN_POINT('',(96.,-5.,8.));
#15631=CARTESIAN_POINT('Origin',(90.,-6.,8.));
#15632=CARTESIAN_POINT('',(96.,-7.,8.));
#15633=CARTESIAN_POINT('',(84.,-7.,8.));
#15634=CARTESIAN_POINT('',(96.,-5.2,8.));
#15635=CARTESIAN_POINT('',(96.,-7.,8.));
#15636=CARTESIAN_POINT('',(100.5,-5.2,8.));
#15637=CARTESIAN_POINT('',(100.5,-3.3,8.));
#15638=CARTESIAN_POINT('Origin',(95.8,3.3,0.));
#15639=CARTESIAN_POINT('',(96.,3.3,0.));
#15640=CARTESIAN_POINT('Origin',(96.,-7.,0.));
#15641=CARTESIAN_POINT('',(96.,-3.3,0.));
#15642=CARTESIAN_POINT('Origin',(84.,-7.,0.));
#15643=CARTESIAN_POINT('',(96.,-7.,0.));
#15644=CARTESIAN_POINT('Origin',(80.,5.3,0.));
#15645=CARTESIAN_POINT('',(80.,5.3,0.));
#15646=CARTESIAN_POINT('Origin',(80.,7.,0.));
#15647=CARTESIAN_POINT('Origin',(100.,-3.3,0.));
#15648=CARTESIAN_POINT('Origin',(95.8,-5.2,0.));
#15649=CARTESIAN_POINT('',(96.,-5.2,0.));
#15650=CARTESIAN_POINT('Origin',(96.,-7.,0.));
#15651=CARTESIAN_POINT('Origin',(120.,4.9,5.));
#15652=CARTESIAN_POINT('',(120.,7.3,5.));
#15653=CARTESIAN_POINT('',(120.,5.2,2.9));
#15654=CARTESIAN_POINT('',(120.,4.9,2.6));
#15655=CARTESIAN_POINT('Origin',(120.,5.2,5.));
#15656=CARTESIAN_POINT('Origin',(120.,-6.1,5.));
#15657=CARTESIAN_POINT('',(120.,-5.2,2.9));
#15658=CARTESIAN_POINT('Origin',(120.,-5.2,5.));
#15659=CARTESIAN_POINT('',(120.,-7.3,5.));
#15660=CARTESIAN_POINT('',(120.,-6.1,3.8));
#15661=CARTESIAN_POINT('Origin',(115.,3.3,8.));
#15662=CARTESIAN_POINT('',(116.,3.3,8.));
#15663=CARTESIAN_POINT('',(116.,5.2,8.));
#15664=CARTESIAN_POINT('',(116.,-1.85,8.));
#15665=CARTESIAN_POINT('',(120.5,3.3,8.));
#15666=CARTESIAN_POINT('',(120.5,3.3,8.));
#15667=CARTESIAN_POINT('',(120.5,5.2,8.));
#15668=CARTESIAN_POINT('',(120.5,3.3,8.));
#15669=CARTESIAN_POINT('',(120.5,5.2,8.));
#15670=CARTESIAN_POINT('Origin',(115.,3.3,1.));
#15671=CARTESIAN_POINT('',(115.,5.,2.8));
#15672=CARTESIAN_POINT('',(115.,3.3,4.5));
#15673=CARTESIAN_POINT('',(115.,2.125,5.675));
#15674=CARTESIAN_POINT('',(115.,5.,2.));
#15675=CARTESIAN_POINT('',(115.,5.,0.5));
#15676=CARTESIAN_POINT('',(115.,3.3,2.));
#15677=CARTESIAN_POINT('',(115.,1.65,2.));
#15678=CARTESIAN_POINT('',(115.,3.3,8.));
#15679=CARTESIAN_POINT('Origin',(123.5,3.3,5.));
#15680=CARTESIAN_POINT('',(120.,5.2,1.5));
#15681=CARTESIAN_POINT('',(120.,3.8,1.5));
#15682=CARTESIAN_POINT('',(120.,3.3,1.5));
#15683=CARTESIAN_POINT('',(123.5,5.2,5.));
#15684=CARTESIAN_POINT('',(119.5,5.2,1.));
#15685=CARTESIAN_POINT('',(123.5,3.3,5.));
#15686=CARTESIAN_POINT('',(123.5,3.3,5.));
#15687=CARTESIAN_POINT('',(119.5,3.3,1.));
#15688=CARTESIAN_POINT('',(119.5,3.3,1.));
#15689=CARTESIAN_POINT('',(120.216666666667,4.01666666666667,1.71666666666667));
#15690=CARTESIAN_POINT('Origin',(120.5,3.3,8.));
#15691=CARTESIAN_POINT('',(123.5,3.3,5.));
#15692=CARTESIAN_POINT('',(123.5,5.2,5.));
#15693=CARTESIAN_POINT('Origin',(120.,5.2,0.));
#15694=CARTESIAN_POINT('',(116.,5.2,0.));
#15695=CARTESIAN_POINT('',(116.,5.2,0.));
#15696=CARTESIAN_POINT('',(120.,5.2,0.));
#15697=CARTESIAN_POINT('',(120.,5.2,0.));
#15698=CARTESIAN_POINT('',(120.,5.2,0.));
#15699=CARTESIAN_POINT('Origin',(120.,3.3,0.));
#15700=CARTESIAN_POINT('',(120.,3.3,1.));
#15701=CARTESIAN_POINT('',(120.,3.05,0.75));
#15702=CARTESIAN_POINT('',(120.,3.3,0.));
#15703=CARTESIAN_POINT('',(120.,3.3,0.));
#15704=CARTESIAN_POINT('',(120.,3.3,0.));
#15705=CARTESIAN_POINT('Origin',(115.8,3.3,1.));
#15706=CARTESIAN_POINT('',(115.8,3.3,1.));
#15707=CARTESIAN_POINT('Origin',(115.,-5.2,1.));
#15708=CARTESIAN_POINT('',(115.,-5.,2.));
#15709=CARTESIAN_POINT('',(115.,-3.3,2.));
#15710=CARTESIAN_POINT('',(115.,-2.6,2.));
#15711=CARTESIAN_POINT('',(115.,-5.,8.));
#15712=CARTESIAN_POINT('',(115.,-5.,0.5));
#15713=CARTESIAN_POINT('',(115.,-3.3,8.));
#15714=CARTESIAN_POINT('',(115.,-5.2,8.));
#15715=CARTESIAN_POINT('',(115.,-3.3,8.));
#15716=CARTESIAN_POINT('Origin',(123.5,-5.2,5.));
#15717=CARTESIAN_POINT('',(119.5,-3.3,1.));
#15718=CARTESIAN_POINT('',(120.,-3.8,1.5));
#15719=CARTESIAN_POINT('',(120.866666666667,-4.66666666666667,2.36666666666667));
#15720=CARTESIAN_POINT('',(123.5,-3.3,5.));
#15721=CARTESIAN_POINT('',(119.5,-3.3,1.));
#15722=CARTESIAN_POINT('',(123.5,-5.2,5.));
#15723=CARTESIAN_POINT('',(123.5,-5.2,5.));
#15724=CARTESIAN_POINT('',(120.,-5.2,1.5));
#15725=CARTESIAN_POINT('',(119.5,-5.2,1.));
#15726=CARTESIAN_POINT('',(120.,-5.2,1.5));
#15727=CARTESIAN_POINT('Origin',(120.5,-5.2,8.));
#15728=CARTESIAN_POINT('',(120.5,-5.2,8.));
#15729=CARTESIAN_POINT('',(123.5,-5.2,5.));
#15730=CARTESIAN_POINT('',(120.5,-3.3,8.));
#15731=CARTESIAN_POINT('',(123.5,-3.3,5.));
#15732=CARTESIAN_POINT('',(120.5,-5.2,8.));
#15733=CARTESIAN_POINT('Origin',(115.8,-4.3,2.));
#15734=CARTESIAN_POINT('',(120.,-3.3,1.));
#15735=CARTESIAN_POINT('',(120.,-4.025,1.725));
#15736=CARTESIAN_POINT('',(117.9,-3.3,1.));
#15737=CARTESIAN_POINT('Origin',(120.,-5.2,0.));
#15738=CARTESIAN_POINT('',(120.,-5.2,0.));
#15739=CARTESIAN_POINT('',(120.,-5.2,0.));
#15740=CARTESIAN_POINT('',(120.,-3.3,0.));
#15741=CARTESIAN_POINT('',(120.,-5.2,0.));
#15742=CARTESIAN_POINT('',(120.,-3.3,0.));
#15743=CARTESIAN_POINT('Origin',(100.,5.3,5.));
#15744=CARTESIAN_POINT('',(97.7,5.3,5.));
#15745=CARTESIAN_POINT('Origin',(100.,5.3,5.));
#15746=CARTESIAN_POINT('',(99.4,7.,5.));
#15747=CARTESIAN_POINT('',(97.7,5.3,5.));
#15748=CARTESIAN_POINT('Origin',(100.,7.,5.));
#15749=CARTESIAN_POINT('Origin',(100.5,5.3,1.));
#15750=CARTESIAN_POINT('',(100.,5.3,1.5));
#15751=CARTESIAN_POINT('',(100.,7.,1.5));
#15752=CARTESIAN_POINT('',(100.,6.15,1.5));
#15753=CARTESIAN_POINT('',(96.5,5.3,5.));
#15754=CARTESIAN_POINT('',(96.5,5.3,5.));
#15755=CARTESIAN_POINT('',(96.5,7.,5.));
#15756=CARTESIAN_POINT('',(96.5,5.3,5.));
#15757=CARTESIAN_POINT('',(96.5,7.,5.));
#15758=CARTESIAN_POINT('Origin',(96.5,5.3,5.));
#15759=CARTESIAN_POINT('',(99.5,5.3,8.));
#15760=CARTESIAN_POINT('',(99.5,5.3,8.));
#15761=CARTESIAN_POINT('',(99.5,7.,8.));
#15762=CARTESIAN_POINT('',(99.5,5.3,8.));
#15763=CARTESIAN_POINT('',(99.5,7.,8.));
#15764=CARTESIAN_POINT('Origin',(116.,7.,0.));
#15765=CARTESIAN_POINT('',(116.,7.,8.));
#15766=CARTESIAN_POINT('',(116.,7.,8.));
#15767=CARTESIAN_POINT('',(116.,7.,0.));
#15768=CARTESIAN_POINT('',(116.,7.,0.));
#15769=CARTESIAN_POINT('',(100.,7.,0.));
#15770=CARTESIAN_POINT('',(116.,7.,0.));
#15771=CARTESIAN_POINT('',(100.,7.,0.));
#15772=CARTESIAN_POINT('Origin',(100.,-5.3,5.));
#15773=CARTESIAN_POINT('',(97.7,-5.3,5.));
#15774=CARTESIAN_POINT('Origin',(100.,-5.3,5.));
#15775=CARTESIAN_POINT('',(99.4,-7.,5.));
#15776=CARTESIAN_POINT('',(97.7,-5.3,5.));
#15777=CARTESIAN_POINT('Origin',(100.,-7.,5.));
#15778=CARTESIAN_POINT('Origin',(100.5,-7.,1.));
#15779=CARTESIAN_POINT('',(100.,-7.,1.5));
#15780=CARTESIAN_POINT('',(100.,-5.3,1.5));
#15781=CARTESIAN_POINT('',(100.,-6.15,1.5));
#15782=CARTESIAN_POINT('',(96.5,-7.,5.));
#15783=CARTESIAN_POINT('',(96.5,-7.,5.));
#15784=CARTESIAN_POINT('',(96.5,-5.3,5.));
#15785=CARTESIAN_POINT('',(96.5,-7.,5.));
#15786=CARTESIAN_POINT('',(96.5,-5.3,5.));
#15787=CARTESIAN_POINT('Origin',(96.5,-7.,5.));
#15788=CARTESIAN_POINT('',(99.5,-7.,8.));
#15789=CARTESIAN_POINT('',(99.5,-7.,8.));
#15790=CARTESIAN_POINT('',(99.5,-5.3,8.));
#15791=CARTESIAN_POINT('',(99.5,-7.,8.));
#15792=CARTESIAN_POINT('',(99.5,-5.3,8.));
#15793=CARTESIAN_POINT('Origin',(100.,-5.3,0.));
#15794=CARTESIAN_POINT('',(100.,-5.3,0.));
#15795=CARTESIAN_POINT('',(100.,-5.3,0.));
#15796=CARTESIAN_POINT('',(100.,-7.,0.));
#15797=CARTESIAN_POINT('',(100.,-5.3,0.));
#15798=CARTESIAN_POINT('',(100.,-7.,0.));
#15799=CARTESIAN_POINT('Origin',(104.2,-5.3,0.));
#15800=CARTESIAN_POINT('',(104.,-5.3,8.));
#15801=CARTESIAN_POINT('',(104.,-5.3,8.));
#15802=CARTESIAN_POINT('',(104.,-5.3,0.));
#15803=CARTESIAN_POINT('',(104.,-5.3,0.));
#15804=CARTESIAN_POINT('',(104.2,-5.3,0.));
#15805=CARTESIAN_POINT('Origin',(112.,2.5,5.6));
#15806=CARTESIAN_POINT('',(112.,5.,8.));
#15807=CARTESIAN_POINT('',(112.,5.8,8.));
#15808=CARTESIAN_POINT('',(112.,4.25,8.));
#15809=CARTESIAN_POINT('',(112.,5.,2.8));
#15810=CARTESIAN_POINT('',(112.,5.,2.8));
#15811=CARTESIAN_POINT('',(112.,-0.8,8.6));
#15812=CARTESIAN_POINT('',(112.,5.,2.8));
#15813=CARTESIAN_POINT('',(112.,-0.4,9.));
#15814=CARTESIAN_POINT('',(112.,-0.8,8.6));
#15815=CARTESIAN_POINT('',(112.,5.8,9.));
#15816=CARTESIAN_POINT('',(112.,-0.4,9.));
#15817=CARTESIAN_POINT('',(112.,5.8,9.));
#15818=CARTESIAN_POINT('Origin',(112.,5.8,2.2));
#15819=CARTESIAN_POINT('',(116.,5.8,8.));
#15820=CARTESIAN_POINT('',(111.,5.8,8.));
#15821=CARTESIAN_POINT('',(116.,5.8,9.));
#15822=CARTESIAN_POINT('',(112.,5.8,9.));
#15823=CARTESIAN_POINT('',(116.,5.8,9.));
#15824=CARTESIAN_POINT('Origin',(112.,-0.8,8.6));
#15825=CARTESIAN_POINT('',(116.,3.3,4.5));
#15826=CARTESIAN_POINT('',(115.625,3.3,4.5));
#15827=CARTESIAN_POINT('',(116.,-0.8,8.6));
#15828=CARTESIAN_POINT('',(116.,5.,2.8));
#15829=CARTESIAN_POINT('',(112.,-0.8,8.6));
#15830=CARTESIAN_POINT('',(108.,5.,2.8));
#15831=CARTESIAN_POINT('Origin',(112.,-0.4,9.));
#15832=CARTESIAN_POINT('',(116.,-0.4,9.));
#15833=CARTESIAN_POINT('',(116.,-0.8,8.6));
#15834=CARTESIAN_POINT('',(112.,-0.4,9.));
#15835=CARTESIAN_POINT('Origin',(112.,5.8,9.));
#15836=CARTESIAN_POINT('',(116.,-0.4,9.));
#15837=CARTESIAN_POINT('Origin',(116.,-7.,0.));
#15838=CARTESIAN_POINT('',(116.,-7.,0.));
#15839=CARTESIAN_POINT('',(116.,5.,8.));
#15840=CARTESIAN_POINT('',(116.,3.3,2.25));
#15841=CARTESIAN_POINT('Origin',(108.,-2.5,5.6));
#15842=CARTESIAN_POINT('',(108.,-5.,8.));
#15843=CARTESIAN_POINT('',(108.,-5.8,8.));
#15844=CARTESIAN_POINT('',(108.,-4.25,8.));
#15845=CARTESIAN_POINT('',(108.,-5.,2.8));
#15846=CARTESIAN_POINT('',(108.,-5.,2.8));
#15847=CARTESIAN_POINT('',(108.,0.8,8.6));
#15848=CARTESIAN_POINT('',(108.,-5.,2.8));
#15849=CARTESIAN_POINT('',(108.,0.4,9.));
#15850=CARTESIAN_POINT('',(108.,0.8,8.6));
#15851=CARTESIAN_POINT('',(108.,-5.8,9.));
#15852=CARTESIAN_POINT('',(108.,0.4,9.));
#15853=CARTESIAN_POINT('',(108.,-5.8,9.));
#15854=CARTESIAN_POINT('Origin',(104.,0.4,9.));
#15855=CARTESIAN_POINT('',(104.,0.4,9.));
#15856=CARTESIAN_POINT('',(104.,-5.8,9.));
#15857=CARTESIAN_POINT('',(104.,0.4,9.));
#15858=CARTESIAN_POINT('',(104.,-5.8,9.));
#15859=CARTESIAN_POINT('',(104.,0.4,9.));
#15860=CARTESIAN_POINT('Origin',(104.,0.8,8.6));
#15861=CARTESIAN_POINT('',(104.,0.8,8.6));
#15862=CARTESIAN_POINT('',(104.,0.8,8.6));
#15863=CARTESIAN_POINT('',(104.,0.8,8.6));
#15864=CARTESIAN_POINT('Origin',(104.,-5.,2.8));
#15865=CARTESIAN_POINT('',(104.,-5.,2.8));
#15866=CARTESIAN_POINT('',(104.,-5.,2.8));
#15867=CARTESIAN_POINT('',(110.,-5.,2.8));
#15868=CARTESIAN_POINT('Origin',(104.,-5.8,9.));
#15869=CARTESIAN_POINT('',(104.,-5.8,8.));
#15870=CARTESIAN_POINT('',(107.,-5.8,8.));
#15871=CARTESIAN_POINT('',(104.,-5.8,9.));
#15872=CARTESIAN_POINT('Origin',(104.,7.,0.));
#15873=CARTESIAN_POINT('',(104.,5.3,8.));
#15874=CARTESIAN_POINT('',(104.,5.3,0.));
#15875=CARTESIAN_POINT('',(104.,5.3,0.));
#15876=CARTESIAN_POINT('',(104.,7.,0.));
#15877=CARTESIAN_POINT('',(104.,-5.55111512312578E-16,8.));
#15878=CARTESIAN_POINT('',(104.,-5.,2.));
#15879=CARTESIAN_POINT('',(104.,-5.,0.));
#15880=CARTESIAN_POINT('',(104.,5.,2.));
#15881=CARTESIAN_POINT('',(104.,7.,2.));
#15882=CARTESIAN_POINT('',(104.,5.,8.));
#15883=CARTESIAN_POINT('',(104.,5.,0.));
#15884=CARTESIAN_POINT('',(104.,7.,8.));
#15885=CARTESIAN_POINT('Origin',(104.,5.,0.));
#15886=CARTESIAN_POINT('',(104.,5.,8.));
#15887=CARTESIAN_POINT('',(107.,5.,2.));
#15888=CARTESIAN_POINT('Origin',(110.,6.,8.));
#15889=CARTESIAN_POINT('',(104.,5.3,8.));
#15890=CARTESIAN_POINT('Origin',(110.,0.,2.));
#15891=CARTESIAN_POINT('',(113.,-5.,2.));
#15892=CARTESIAN_POINT('',(116.,-3.3,2.));
#15893=CARTESIAN_POINT('',(112.9,-3.3,2.));
#15894=CARTESIAN_POINT('',(116.,3.3,2.));
#15895=CARTESIAN_POINT('',(116.,-7.,2.));
#15896=CARTESIAN_POINT('',(112.9,3.3,2.));
#15897=CARTESIAN_POINT('Origin',(110.,0.,0.));
#15898=CARTESIAN_POINT('',(100.,5.3,0.));
#15899=CARTESIAN_POINT('',(100.,5.3,0.));
#15900=CARTESIAN_POINT('',(100.,7.,0.));
#15901=CARTESIAN_POINT('',(116.,3.3,0.));
#15902=CARTESIAN_POINT('',(115.8,3.3,0.));
#15903=CARTESIAN_POINT('',(116.,-3.3,0.));
#15904=CARTESIAN_POINT('',(116.,-7.,0.));
#15905=CARTESIAN_POINT('',(120.,-3.3,0.));
#15906=CARTESIAN_POINT('',(116.,-5.2,0.));
#15907=CARTESIAN_POINT('',(115.8,-5.2,0.));
#15908=CARTESIAN_POINT('',(116.,-7.,0.));
#15909=CARTESIAN_POINT('',(116.,-7.,0.));
#15910=CARTESIAN_POINT('',(100.,-7.,0.));
#15911=CARTESIAN_POINT('Origin',(116.,-5.,0.));
#15912=CARTESIAN_POINT('',(116.,-5.,8.));
#15913=CARTESIAN_POINT('Origin',(110.,-6.,8.));
#15914=CARTESIAN_POINT('',(116.,-7.,8.));
#15915=CARTESIAN_POINT('',(104.,-7.,8.));
#15916=CARTESIAN_POINT('',(116.,-5.2,8.));
#15917=CARTESIAN_POINT('',(116.,-7.,8.));
#15918=CARTESIAN_POINT('',(120.5,-5.2,8.));
#15919=CARTESIAN_POINT('',(120.5,-3.3,8.));
#15920=CARTESIAN_POINT('Origin',(115.8,3.3,0.));
#15921=CARTESIAN_POINT('',(116.,3.3,0.));
#15922=CARTESIAN_POINT('Origin',(116.,-7.,0.));
#15923=CARTESIAN_POINT('',(116.,-3.3,0.));
#15924=CARTESIAN_POINT('Origin',(104.,-7.,0.));
#15925=CARTESIAN_POINT('',(116.,-7.,0.));
#15926=CARTESIAN_POINT('Origin',(100.,5.3,0.));
#15927=CARTESIAN_POINT('',(100.,5.3,0.));
#15928=CARTESIAN_POINT('Origin',(100.,7.,0.));
#15929=CARTESIAN_POINT('Origin',(120.,-3.3,0.));
#15930=CARTESIAN_POINT('Origin',(115.8,-5.2,0.));
#15931=CARTESIAN_POINT('',(116.,-5.2,0.));
#15932=CARTESIAN_POINT('Origin',(116.,-7.,0.));
#15933=CARTESIAN_POINT('Origin',(140.,4.9,5.));
#15934=CARTESIAN_POINT('',(140.,7.3,5.));
#15935=CARTESIAN_POINT('',(140.,5.2,2.9));
#15936=CARTESIAN_POINT('',(140.,4.9,2.6));
#15937=CARTESIAN_POINT('Origin',(140.,5.2,5.));
#15938=CARTESIAN_POINT('Origin',(140.,-6.1,5.));
#15939=CARTESIAN_POINT('',(140.,-5.2,2.9));
#15940=CARTESIAN_POINT('Origin',(140.,-5.2,5.));
#15941=CARTESIAN_POINT('',(140.,-7.3,5.));
#15942=CARTESIAN_POINT('',(140.,-6.1,3.8));
#15943=CARTESIAN_POINT('Origin',(135.,3.3,8.));
#15944=CARTESIAN_POINT('',(136.,3.3,8.));
#15945=CARTESIAN_POINT('',(136.,5.2,8.));
#15946=CARTESIAN_POINT('',(136.,-1.85,8.));
#15947=CARTESIAN_POINT('',(140.5,3.3,8.));
#15948=CARTESIAN_POINT('',(140.5,3.3,8.));
#15949=CARTESIAN_POINT('',(140.5,5.2,8.));
#15950=CARTESIAN_POINT('',(140.5,3.3,8.));
#15951=CARTESIAN_POINT('',(140.5,5.2,8.));
#15952=CARTESIAN_POINT('Origin',(135.,3.3,1.));
#15953=CARTESIAN_POINT('',(135.,5.,2.8));
#15954=CARTESIAN_POINT('',(135.,3.3,4.5));
#15955=CARTESIAN_POINT('',(135.,2.125,5.675));
#15956=CARTESIAN_POINT('',(135.,5.,2.));
#15957=CARTESIAN_POINT('',(135.,5.,0.5));
#15958=CARTESIAN_POINT('',(135.,3.3,2.));
#15959=CARTESIAN_POINT('',(135.,1.65,2.));
#15960=CARTESIAN_POINT('',(135.,3.3,8.));
#15961=CARTESIAN_POINT('Origin',(143.5,3.3,5.));
#15962=CARTESIAN_POINT('',(140.,5.2,1.5));
#15963=CARTESIAN_POINT('',(140.,3.8,1.5));
#15964=CARTESIAN_POINT('',(140.,3.3,1.5));
#15965=CARTESIAN_POINT('',(143.5,5.2,5.));
#15966=CARTESIAN_POINT('',(139.5,5.2,1.));
#15967=CARTESIAN_POINT('',(143.5,3.3,5.));
#15968=CARTESIAN_POINT('',(143.5,3.3,5.));
#15969=CARTESIAN_POINT('',(139.5,3.3,1.));
#15970=CARTESIAN_POINT('',(139.5,3.3,1.));
#15971=CARTESIAN_POINT('',(140.216666666667,4.01666666666667,1.71666666666667));
#15972=CARTESIAN_POINT('Origin',(140.5,3.3,8.));
#15973=CARTESIAN_POINT('',(143.5,3.3,5.));
#15974=CARTESIAN_POINT('',(143.5,5.2,5.));
#15975=CARTESIAN_POINT('Origin',(140.,5.2,0.));
#15976=CARTESIAN_POINT('',(136.,5.2,0.));
#15977=CARTESIAN_POINT('',(136.,5.2,0.));
#15978=CARTESIAN_POINT('',(140.,5.2,0.));
#15979=CARTESIAN_POINT('',(140.,5.2,0.));
#15980=CARTESIAN_POINT('',(140.,5.2,0.));
#15981=CARTESIAN_POINT('Origin',(140.,3.3,0.));
#15982=CARTESIAN_POINT('',(140.,3.3,1.));
#15983=CARTESIAN_POINT('',(140.,3.05,0.75));
#15984=CARTESIAN_POINT('',(140.,3.3,0.));
#15985=CARTESIAN_POINT('',(140.,3.3,0.));
#15986=CARTESIAN_POINT('',(140.,3.3,0.));
#15987=CARTESIAN_POINT('Origin',(135.8,3.3,1.));
#15988=CARTESIAN_POINT('',(135.8,3.3,1.));
#15989=CARTESIAN_POINT('Origin',(135.,-5.2,1.));
#15990=CARTESIAN_POINT('',(135.,-5.,2.));
#15991=CARTESIAN_POINT('',(135.,-3.3,2.));
#15992=CARTESIAN_POINT('',(135.,-2.6,2.));
#15993=CARTESIAN_POINT('',(135.,-5.,8.));
#15994=CARTESIAN_POINT('',(135.,-5.,0.5));
#15995=CARTESIAN_POINT('',(135.,-3.3,8.));
#15996=CARTESIAN_POINT('',(135.,-5.2,8.));
#15997=CARTESIAN_POINT('',(135.,-3.3,8.));
#15998=CARTESIAN_POINT('Origin',(143.5,-5.2,5.));
#15999=CARTESIAN_POINT('',(139.5,-3.3,1.));
#16000=CARTESIAN_POINT('',(140.,-3.8,1.5));
#16001=CARTESIAN_POINT('',(140.866666666667,-4.66666666666667,2.36666666666667));
#16002=CARTESIAN_POINT('',(143.5,-3.3,5.));
#16003=CARTESIAN_POINT('',(139.5,-3.3,1.));
#16004=CARTESIAN_POINT('',(143.5,-5.2,5.));
#16005=CARTESIAN_POINT('',(143.5,-5.2,5.));
#16006=CARTESIAN_POINT('',(140.,-5.2,1.5));
#16007=CARTESIAN_POINT('',(139.5,-5.2,1.));
#16008=CARTESIAN_POINT('',(140.,-5.2,1.5));
#16009=CARTESIAN_POINT('Origin',(140.5,-5.2,8.));
#16010=CARTESIAN_POINT('',(140.5,-5.2,8.));
#16011=CARTESIAN_POINT('',(143.5,-5.2,5.));
#16012=CARTESIAN_POINT('',(140.5,-3.3,8.));
#16013=CARTESIAN_POINT('',(143.5,-3.3,5.));
#16014=CARTESIAN_POINT('',(140.5,-5.2,8.));
#16015=CARTESIAN_POINT('Origin',(135.8,-4.3,2.));
#16016=CARTESIAN_POINT('',(140.,-3.3,1.));
#16017=CARTESIAN_POINT('',(140.,-4.025,1.725));
#16018=CARTESIAN_POINT('',(137.9,-3.3,1.));
#16019=CARTESIAN_POINT('Origin',(140.,-5.2,0.));
#16020=CARTESIAN_POINT('',(140.,-5.2,0.));
#16021=CARTESIAN_POINT('',(140.,-5.2,0.));
#16022=CARTESIAN_POINT('',(140.,-3.3,0.));
#16023=CARTESIAN_POINT('',(140.,-5.2,0.));
#16024=CARTESIAN_POINT('',(140.,-3.3,0.));
#16025=CARTESIAN_POINT('Origin',(120.,5.3,5.));
#16026=CARTESIAN_POINT('',(117.7,5.3,5.));
#16027=CARTESIAN_POINT('Origin',(120.,5.3,5.));
#16028=CARTESIAN_POINT('',(119.4,7.,5.));
#16029=CARTESIAN_POINT('',(117.7,5.3,5.));
#16030=CARTESIAN_POINT('Origin',(120.,7.,5.));
#16031=CARTESIAN_POINT('Origin',(120.5,5.3,1.));
#16032=CARTESIAN_POINT('',(120.,5.3,1.5));
#16033=CARTESIAN_POINT('',(120.,7.,1.5));
#16034=CARTESIAN_POINT('',(120.,6.15,1.5));
#16035=CARTESIAN_POINT('',(116.5,5.3,5.));
#16036=CARTESIAN_POINT('',(116.5,5.3,5.));
#16037=CARTESIAN_POINT('',(116.5,7.,5.));
#16038=CARTESIAN_POINT('',(116.5,5.3,5.));
#16039=CARTESIAN_POINT('',(116.5,7.,5.));
#16040=CARTESIAN_POINT('Origin',(116.5,5.3,5.));
#16041=CARTESIAN_POINT('',(119.5,5.3,8.));
#16042=CARTESIAN_POINT('',(119.5,5.3,8.));
#16043=CARTESIAN_POINT('',(119.5,7.,8.));
#16044=CARTESIAN_POINT('',(119.5,5.3,8.));
#16045=CARTESIAN_POINT('',(119.5,7.,8.));
#16046=CARTESIAN_POINT('Origin',(136.,7.,0.));
#16047=CARTESIAN_POINT('',(136.,7.,8.));
#16048=CARTESIAN_POINT('',(136.,7.,8.));
#16049=CARTESIAN_POINT('',(136.,7.,0.));
#16050=CARTESIAN_POINT('',(136.,7.,0.));
#16051=CARTESIAN_POINT('',(120.,7.,0.));
#16052=CARTESIAN_POINT('',(136.,7.,0.));
#16053=CARTESIAN_POINT('',(120.,7.,0.));
#16054=CARTESIAN_POINT('Origin',(120.,-5.3,5.));
#16055=CARTESIAN_POINT('',(117.7,-5.3,5.));
#16056=CARTESIAN_POINT('Origin',(120.,-5.3,5.));
#16057=CARTESIAN_POINT('',(119.4,-7.,5.));
#16058=CARTESIAN_POINT('',(117.7,-5.3,5.));
#16059=CARTESIAN_POINT('Origin',(120.,-7.,5.));
#16060=CARTESIAN_POINT('Origin',(120.5,-7.,1.));
#16061=CARTESIAN_POINT('',(120.,-7.,1.5));
#16062=CARTESIAN_POINT('',(120.,-5.3,1.5));
#16063=CARTESIAN_POINT('',(120.,-6.15,1.5));
#16064=CARTESIAN_POINT('',(116.5,-7.,5.));
#16065=CARTESIAN_POINT('',(116.5,-7.,5.));
#16066=CARTESIAN_POINT('',(116.5,-5.3,5.));
#16067=CARTESIAN_POINT('',(116.5,-7.,5.));
#16068=CARTESIAN_POINT('',(116.5,-5.3,5.));
#16069=CARTESIAN_POINT('Origin',(116.5,-7.,5.));
#16070=CARTESIAN_POINT('',(119.5,-7.,8.));
#16071=CARTESIAN_POINT('',(119.5,-7.,8.));
#16072=CARTESIAN_POINT('',(119.5,-5.3,8.));
#16073=CARTESIAN_POINT('',(119.5,-7.,8.));
#16074=CARTESIAN_POINT('',(119.5,-5.3,8.));
#16075=CARTESIAN_POINT('Origin',(120.,-5.3,0.));
#16076=CARTESIAN_POINT('',(120.,-5.3,0.));
#16077=CARTESIAN_POINT('',(120.,-5.3,0.));
#16078=CARTESIAN_POINT('',(120.,-7.,0.));
#16079=CARTESIAN_POINT('',(120.,-5.3,0.));
#16080=CARTESIAN_POINT('',(120.,-7.,0.));
#16081=CARTESIAN_POINT('Origin',(124.2,-5.3,0.));
#16082=CARTESIAN_POINT('',(124.,-5.3,8.));
#16083=CARTESIAN_POINT('',(124.,-5.3,8.));
#16084=CARTESIAN_POINT('',(124.,-5.3,0.));
#16085=CARTESIAN_POINT('',(124.,-5.3,0.));
#16086=CARTESIAN_POINT('',(124.2,-5.3,0.));
#16087=CARTESIAN_POINT('Origin',(132.,2.5,5.6));
#16088=CARTESIAN_POINT('',(132.,5.,8.));
#16089=CARTESIAN_POINT('',(132.,5.8,8.));
#16090=CARTESIAN_POINT('',(132.,4.25,8.));
#16091=CARTESIAN_POINT('',(132.,5.,2.8));
#16092=CARTESIAN_POINT('',(132.,5.,2.8));
#16093=CARTESIAN_POINT('',(132.,-0.8,8.6));
#16094=CARTESIAN_POINT('',(132.,5.,2.8));
#16095=CARTESIAN_POINT('',(132.,-0.4,9.));
#16096=CARTESIAN_POINT('',(132.,-0.8,8.6));
#16097=CARTESIAN_POINT('',(132.,5.8,9.));
#16098=CARTESIAN_POINT('',(132.,-0.4,9.));
#16099=CARTESIAN_POINT('',(132.,5.8,9.));
#16100=CARTESIAN_POINT('Origin',(132.,5.8,2.2));
#16101=CARTESIAN_POINT('',(136.,5.8,8.));
#16102=CARTESIAN_POINT('',(131.,5.8,8.));
#16103=CARTESIAN_POINT('',(136.,5.8,9.));
#16104=CARTESIAN_POINT('',(132.,5.8,9.));
#16105=CARTESIAN_POINT('',(136.,5.8,9.));
#16106=CARTESIAN_POINT('Origin',(132.,-0.8,8.6));
#16107=CARTESIAN_POINT('',(136.,3.3,4.5));
#16108=CARTESIAN_POINT('',(135.625,3.3,4.5));
#16109=CARTESIAN_POINT('',(136.,-0.8,8.6));
#16110=CARTESIAN_POINT('',(136.,5.,2.8));
#16111=CARTESIAN_POINT('',(132.,-0.8,8.6));
#16112=CARTESIAN_POINT('',(128.,5.,2.8));
#16113=CARTESIAN_POINT('Origin',(132.,-0.4,9.));
#16114=CARTESIAN_POINT('',(136.,-0.4,9.));
#16115=CARTESIAN_POINT('',(136.,-0.8,8.6));
#16116=CARTESIAN_POINT('',(132.,-0.4,9.));
#16117=CARTESIAN_POINT('Origin',(132.,5.8,9.));
#16118=CARTESIAN_POINT('',(136.,-0.4,9.));
#16119=CARTESIAN_POINT('Origin',(136.,-7.,0.));
#16120=CARTESIAN_POINT('',(136.,-7.,0.));
#16121=CARTESIAN_POINT('',(136.,5.,8.));
#16122=CARTESIAN_POINT('',(136.,3.3,2.25));
#16123=CARTESIAN_POINT('Origin',(128.,-2.5,5.6));
#16124=CARTESIAN_POINT('',(128.,-5.,8.));
#16125=CARTESIAN_POINT('',(128.,-5.8,8.));
#16126=CARTESIAN_POINT('',(128.,-4.25,8.));
#16127=CARTESIAN_POINT('',(128.,-5.,2.8));
#16128=CARTESIAN_POINT('',(128.,-5.,2.8));
#16129=CARTESIAN_POINT('',(128.,0.8,8.6));
#16130=CARTESIAN_POINT('',(128.,-5.,2.8));
#16131=CARTESIAN_POINT('',(128.,0.4,9.));
#16132=CARTESIAN_POINT('',(128.,0.8,8.6));
#16133=CARTESIAN_POINT('',(128.,-5.8,9.));
#16134=CARTESIAN_POINT('',(128.,0.4,9.));
#16135=CARTESIAN_POINT('',(128.,-5.8,9.));
#16136=CARTESIAN_POINT('Origin',(124.,0.4,9.));
#16137=CARTESIAN_POINT('',(124.,0.4,9.));
#16138=CARTESIAN_POINT('',(124.,-5.8,9.));
#16139=CARTESIAN_POINT('',(124.,0.4,9.));
#16140=CARTESIAN_POINT('',(124.,-5.8,9.));
#16141=CARTESIAN_POINT('',(124.,0.4,9.));
#16142=CARTESIAN_POINT('Origin',(124.,0.8,8.6));
#16143=CARTESIAN_POINT('',(124.,0.8,8.6));
#16144=CARTESIAN_POINT('',(124.,0.8,8.6));
#16145=CARTESIAN_POINT('',(124.,0.8,8.6));
#16146=CARTESIAN_POINT('Origin',(124.,-5.,2.8));
#16147=CARTESIAN_POINT('',(124.,-5.,2.8));
#16148=CARTESIAN_POINT('',(124.,-5.,2.8));
#16149=CARTESIAN_POINT('',(130.,-5.,2.8));
#16150=CARTESIAN_POINT('Origin',(124.,-5.8,9.));
#16151=CARTESIAN_POINT('',(124.,-5.8,8.));
#16152=CARTESIAN_POINT('',(127.,-5.8,8.));
#16153=CARTESIAN_POINT('',(124.,-5.8,9.));
#16154=CARTESIAN_POINT('Origin',(124.,7.,0.));
#16155=CARTESIAN_POINT('',(124.,5.3,8.));
#16156=CARTESIAN_POINT('',(124.,5.3,0.));
#16157=CARTESIAN_POINT('',(124.,5.3,0.));
#16158=CARTESIAN_POINT('',(124.,7.,0.));
#16159=CARTESIAN_POINT('',(124.,-5.55111512312578E-16,8.));
#16160=CARTESIAN_POINT('',(124.,-5.,2.));
#16161=CARTESIAN_POINT('',(124.,-5.,0.));
#16162=CARTESIAN_POINT('',(124.,5.,2.));
#16163=CARTESIAN_POINT('',(124.,7.,2.));
#16164=CARTESIAN_POINT('',(124.,5.,8.));
#16165=CARTESIAN_POINT('',(124.,5.,0.));
#16166=CARTESIAN_POINT('',(124.,7.,8.));
#16167=CARTESIAN_POINT('Origin',(124.,5.,0.));
#16168=CARTESIAN_POINT('',(124.,5.,8.));
#16169=CARTESIAN_POINT('',(127.,5.,2.));
#16170=CARTESIAN_POINT('Origin',(130.,6.,8.));
#16171=CARTESIAN_POINT('',(124.,5.3,8.));
#16172=CARTESIAN_POINT('Origin',(130.,0.,2.));
#16173=CARTESIAN_POINT('',(133.,-5.,2.));
#16174=CARTESIAN_POINT('',(136.,-3.3,2.));
#16175=CARTESIAN_POINT('',(132.9,-3.3,2.));
#16176=CARTESIAN_POINT('',(136.,3.3,2.));
#16177=CARTESIAN_POINT('',(136.,-7.,2.));
#16178=CARTESIAN_POINT('',(132.9,3.3,2.));
#16179=CARTESIAN_POINT('Origin',(130.,0.,0.));
#16180=CARTESIAN_POINT('',(120.,5.3,0.));
#16181=CARTESIAN_POINT('',(120.,5.3,0.));
#16182=CARTESIAN_POINT('',(120.,7.,0.));
#16183=CARTESIAN_POINT('',(136.,3.3,0.));
#16184=CARTESIAN_POINT('',(135.8,3.3,0.));
#16185=CARTESIAN_POINT('',(136.,-3.3,0.));
#16186=CARTESIAN_POINT('',(136.,-7.,0.));
#16187=CARTESIAN_POINT('',(140.,-3.3,0.));
#16188=CARTESIAN_POINT('',(136.,-5.2,0.));
#16189=CARTESIAN_POINT('',(135.8,-5.2,0.));
#16190=CARTESIAN_POINT('',(136.,-7.,0.));
#16191=CARTESIAN_POINT('',(136.,-7.,0.));
#16192=CARTESIAN_POINT('',(120.,-7.,0.));
#16193=CARTESIAN_POINT('Origin',(136.,-5.,0.));
#16194=CARTESIAN_POINT('',(136.,-5.,8.));
#16195=CARTESIAN_POINT('Origin',(130.,-6.,8.));
#16196=CARTESIAN_POINT('',(136.,-7.,8.));
#16197=CARTESIAN_POINT('',(124.,-7.,8.));
#16198=CARTESIAN_POINT('',(136.,-5.2,8.));
#16199=CARTESIAN_POINT('',(136.,-7.,8.));
#16200=CARTESIAN_POINT('',(140.5,-5.2,8.));
#16201=CARTESIAN_POINT('',(140.5,-3.3,8.));
#16202=CARTESIAN_POINT('Origin',(135.8,3.3,0.));
#16203=CARTESIAN_POINT('',(136.,3.3,0.));
#16204=CARTESIAN_POINT('Origin',(136.,-7.,0.));
#16205=CARTESIAN_POINT('',(136.,-3.3,0.));
#16206=CARTESIAN_POINT('Origin',(124.,-7.,0.));
#16207=CARTESIAN_POINT('',(136.,-7.,0.));
#16208=CARTESIAN_POINT('Origin',(120.,5.3,0.));
#16209=CARTESIAN_POINT('',(120.,5.3,0.));
#16210=CARTESIAN_POINT('Origin',(120.,7.,0.));
#16211=CARTESIAN_POINT('Origin',(140.,-3.3,0.));
#16212=CARTESIAN_POINT('Origin',(135.8,-5.2,0.));
#16213=CARTESIAN_POINT('',(136.,-5.2,0.));
#16214=CARTESIAN_POINT('Origin',(136.,-7.,0.));
#16215=CARTESIAN_POINT('Origin',(160.,4.9,5.));
#16216=CARTESIAN_POINT('',(160.,7.3,5.));
#16217=CARTESIAN_POINT('',(160.,5.2,2.9));
#16218=CARTESIAN_POINT('',(160.,4.9,2.6));
#16219=CARTESIAN_POINT('Origin',(160.,5.2,5.));
#16220=CARTESIAN_POINT('Origin',(160.,-6.1,5.));
#16221=CARTESIAN_POINT('',(160.,-5.2,2.9));
#16222=CARTESIAN_POINT('Origin',(160.,-5.2,5.));
#16223=CARTESIAN_POINT('',(160.,-7.3,5.));
#16224=CARTESIAN_POINT('',(160.,-6.1,3.8));
#16225=CARTESIAN_POINT('Origin',(155.,3.3,8.));
#16226=CARTESIAN_POINT('',(156.,3.3,8.));
#16227=CARTESIAN_POINT('',(156.,5.2,8.));
#16228=CARTESIAN_POINT('',(156.,-1.85,8.));
#16229=CARTESIAN_POINT('',(160.5,3.3,8.));
#16230=CARTESIAN_POINT('',(160.5,3.3,8.));
#16231=CARTESIAN_POINT('',(160.5,5.2,8.));
#16232=CARTESIAN_POINT('',(160.5,3.3,8.));
#16233=CARTESIAN_POINT('',(160.5,5.2,8.));
#16234=CARTESIAN_POINT('Origin',(155.,3.3,1.));
#16235=CARTESIAN_POINT('',(155.,5.,2.8));
#16236=CARTESIAN_POINT('',(155.,3.3,4.5));
#16237=CARTESIAN_POINT('',(155.,2.125,5.675));
#16238=CARTESIAN_POINT('',(155.,5.,2.));
#16239=CARTESIAN_POINT('',(155.,5.,0.5));
#16240=CARTESIAN_POINT('',(155.,3.3,2.));
#16241=CARTESIAN_POINT('',(155.,1.65,2.));
#16242=CARTESIAN_POINT('',(155.,3.3,8.));
#16243=CARTESIAN_POINT('Origin',(163.5,3.3,5.));
#16244=CARTESIAN_POINT('',(160.,5.2,1.5));
#16245=CARTESIAN_POINT('',(160.,3.8,1.5));
#16246=CARTESIAN_POINT('',(160.,3.3,1.5));
#16247=CARTESIAN_POINT('',(163.5,5.2,5.));
#16248=CARTESIAN_POINT('',(159.5,5.2,1.));
#16249=CARTESIAN_POINT('',(163.5,3.3,5.));
#16250=CARTESIAN_POINT('',(163.5,3.3,5.));
#16251=CARTESIAN_POINT('',(159.5,3.3,1.));
#16252=CARTESIAN_POINT('',(159.5,3.3,1.));
#16253=CARTESIAN_POINT('',(160.216666666667,4.01666666666667,1.71666666666667));
#16254=CARTESIAN_POINT('Origin',(160.5,3.3,8.));
#16255=CARTESIAN_POINT('',(163.5,3.3,5.));
#16256=CARTESIAN_POINT('',(163.5,5.2,5.));
#16257=CARTESIAN_POINT('Origin',(160.,5.2,0.));
#16258=CARTESIAN_POINT('',(156.,5.2,0.));
#16259=CARTESIAN_POINT('',(156.,5.2,0.));
#16260=CARTESIAN_POINT('',(160.,5.2,0.));
#16261=CARTESIAN_POINT('',(160.,5.2,0.));
#16262=CARTESIAN_POINT('',(160.,5.2,0.));
#16263=CARTESIAN_POINT('Origin',(160.,3.3,0.));
#16264=CARTESIAN_POINT('',(160.,3.3,1.));
#16265=CARTESIAN_POINT('',(160.,3.05,0.75));
#16266=CARTESIAN_POINT('',(160.,3.3,0.));
#16267=CARTESIAN_POINT('',(160.,3.3,0.));
#16268=CARTESIAN_POINT('',(160.,3.3,0.));
#16269=CARTESIAN_POINT('Origin',(155.8,3.3,1.));
#16270=CARTESIAN_POINT('',(155.8,3.3,1.));
#16271=CARTESIAN_POINT('Origin',(155.,-5.2,1.));
#16272=CARTESIAN_POINT('',(155.,-5.,2.));
#16273=CARTESIAN_POINT('',(155.,-3.3,2.));
#16274=CARTESIAN_POINT('',(155.,-2.6,2.));
#16275=CARTESIAN_POINT('',(155.,-5.,8.));
#16276=CARTESIAN_POINT('',(155.,-5.,0.5));
#16277=CARTESIAN_POINT('',(155.,-3.3,8.));
#16278=CARTESIAN_POINT('',(155.,-5.2,8.));
#16279=CARTESIAN_POINT('',(155.,-3.3,8.));
#16280=CARTESIAN_POINT('Origin',(163.5,-5.2,5.));
#16281=CARTESIAN_POINT('',(159.5,-3.3,1.));
#16282=CARTESIAN_POINT('',(160.,-3.8,1.5));
#16283=CARTESIAN_POINT('',(160.866666666667,-4.66666666666667,2.36666666666667));
#16284=CARTESIAN_POINT('',(163.5,-3.3,5.));
#16285=CARTESIAN_POINT('',(159.5,-3.3,1.));
#16286=CARTESIAN_POINT('',(163.5,-5.2,5.));
#16287=CARTESIAN_POINT('',(163.5,-5.2,5.));
#16288=CARTESIAN_POINT('',(160.,-5.2,1.5));
#16289=CARTESIAN_POINT('',(159.5,-5.2,1.));
#16290=CARTESIAN_POINT('',(160.,-5.2,1.5));
#16291=CARTESIAN_POINT('Origin',(160.5,-5.2,8.));
#16292=CARTESIAN_POINT('',(160.5,-5.2,8.));
#16293=CARTESIAN_POINT('',(163.5,-5.2,5.));
#16294=CARTESIAN_POINT('',(160.5,-3.3,8.));
#16295=CARTESIAN_POINT('',(163.5,-3.3,5.));
#16296=CARTESIAN_POINT('',(160.5,-5.2,8.));
#16297=CARTESIAN_POINT('Origin',(155.8,-4.3,2.));
#16298=CARTESIAN_POINT('',(160.,-3.3,1.));
#16299=CARTESIAN_POINT('',(160.,-4.025,1.725));
#16300=CARTESIAN_POINT('',(157.9,-3.3,1.));
#16301=CARTESIAN_POINT('Origin',(160.,-5.2,0.));
#16302=CARTESIAN_POINT('',(160.,-5.2,0.));
#16303=CARTESIAN_POINT('',(160.,-5.2,0.));
#16304=CARTESIAN_POINT('',(160.,-3.3,0.));
#16305=CARTESIAN_POINT('',(160.,-5.2,0.));
#16306=CARTESIAN_POINT('',(160.,-3.3,0.));
#16307=CARTESIAN_POINT('Origin',(140.,5.3,5.));
#16308=CARTESIAN_POINT('',(137.7,5.3,5.));
#16309=CARTESIAN_POINT('Origin',(140.,5.3,5.));
#16310=CARTESIAN_POINT('',(139.4,7.,5.));
#16311=CARTESIAN_POINT('',(137.7,5.3,5.));
#16312=CARTESIAN_POINT('Origin',(140.,7.,5.));
#16313=CARTESIAN_POINT('Origin',(140.5,5.3,1.));
#16314=CARTESIAN_POINT('',(140.,5.3,1.5));
#16315=CARTESIAN_POINT('',(140.,7.,1.5));
#16316=CARTESIAN_POINT('',(140.,6.15,1.5));
#16317=CARTESIAN_POINT('',(136.5,5.3,5.));
#16318=CARTESIAN_POINT('',(136.5,5.3,5.));
#16319=CARTESIAN_POINT('',(136.5,7.,5.));
#16320=CARTESIAN_POINT('',(136.5,5.3,5.));
#16321=CARTESIAN_POINT('',(136.5,7.,5.));
#16322=CARTESIAN_POINT('Origin',(136.5,5.3,5.));
#16323=CARTESIAN_POINT('',(139.5,5.3,8.));
#16324=CARTESIAN_POINT('',(139.5,5.3,8.));
#16325=CARTESIAN_POINT('',(139.5,7.,8.));
#16326=CARTESIAN_POINT('',(139.5,5.3,8.));
#16327=CARTESIAN_POINT('',(139.5,7.,8.));
#16328=CARTESIAN_POINT('Origin',(156.,7.,0.));
#16329=CARTESIAN_POINT('',(156.,7.,8.));
#16330=CARTESIAN_POINT('',(156.,7.,8.));
#16331=CARTESIAN_POINT('',(156.,7.,0.));
#16332=CARTESIAN_POINT('',(156.,7.,0.));
#16333=CARTESIAN_POINT('',(140.,7.,0.));
#16334=CARTESIAN_POINT('',(156.,7.,0.));
#16335=CARTESIAN_POINT('',(140.,7.,0.));
#16336=CARTESIAN_POINT('Origin',(140.,-5.3,5.));
#16337=CARTESIAN_POINT('',(137.7,-5.3,5.));
#16338=CARTESIAN_POINT('Origin',(140.,-5.3,5.));
#16339=CARTESIAN_POINT('',(139.4,-7.,5.));
#16340=CARTESIAN_POINT('',(137.7,-5.3,5.));
#16341=CARTESIAN_POINT('Origin',(140.,-7.,5.));
#16342=CARTESIAN_POINT('Origin',(140.5,-7.,1.));
#16343=CARTESIAN_POINT('',(140.,-7.,1.5));
#16344=CARTESIAN_POINT('',(140.,-5.3,1.5));
#16345=CARTESIAN_POINT('',(140.,-6.15,1.5));
#16346=CARTESIAN_POINT('',(136.5,-7.,5.));
#16347=CARTESIAN_POINT('',(136.5,-7.,5.));
#16348=CARTESIAN_POINT('',(136.5,-5.3,5.));
#16349=CARTESIAN_POINT('',(136.5,-7.,5.));
#16350=CARTESIAN_POINT('',(136.5,-5.3,5.));
#16351=CARTESIAN_POINT('Origin',(136.5,-7.,5.));
#16352=CARTESIAN_POINT('',(139.5,-7.,8.));
#16353=CARTESIAN_POINT('',(139.5,-7.,8.));
#16354=CARTESIAN_POINT('',(139.5,-5.3,8.));
#16355=CARTESIAN_POINT('',(139.5,-7.,8.));
#16356=CARTESIAN_POINT('',(139.5,-5.3,8.));
#16357=CARTESIAN_POINT('Origin',(140.,-5.3,0.));
#16358=CARTESIAN_POINT('',(140.,-5.3,0.));
#16359=CARTESIAN_POINT('',(140.,-5.3,0.));
#16360=CARTESIAN_POINT('',(140.,-7.,0.));
#16361=CARTESIAN_POINT('',(140.,-5.3,0.));
#16362=CARTESIAN_POINT('',(140.,-7.,0.));
#16363=CARTESIAN_POINT('Origin',(144.2,-5.3,0.));
#16364=CARTESIAN_POINT('',(144.,-5.3,8.));
#16365=CARTESIAN_POINT('',(144.,-5.3,8.));
#16366=CARTESIAN_POINT('',(144.,-5.3,0.));
#16367=CARTESIAN_POINT('',(144.,-5.3,0.));
#16368=CARTESIAN_POINT('',(144.2,-5.3,0.));
#16369=CARTESIAN_POINT('Origin',(152.,2.5,5.6));
#16370=CARTESIAN_POINT('',(152.,5.,8.));
#16371=CARTESIAN_POINT('',(152.,5.8,8.));
#16372=CARTESIAN_POINT('',(152.,4.25,8.));
#16373=CARTESIAN_POINT('',(152.,5.,2.8));
#16374=CARTESIAN_POINT('',(152.,5.,2.8));
#16375=CARTESIAN_POINT('',(152.,-0.8,8.6));
#16376=CARTESIAN_POINT('',(152.,5.,2.8));
#16377=CARTESIAN_POINT('',(152.,-0.4,9.));
#16378=CARTESIAN_POINT('',(152.,-0.8,8.6));
#16379=CARTESIAN_POINT('',(152.,5.8,9.));
#16380=CARTESIAN_POINT('',(152.,-0.4,9.));
#16381=CARTESIAN_POINT('',(152.,5.8,9.));
#16382=CARTESIAN_POINT('Origin',(152.,5.8,2.2));
#16383=CARTESIAN_POINT('',(156.,5.8,8.));
#16384=CARTESIAN_POINT('',(151.,5.8,8.));
#16385=CARTESIAN_POINT('',(156.,5.8,9.));
#16386=CARTESIAN_POINT('',(152.,5.8,9.));
#16387=CARTESIAN_POINT('',(156.,5.8,9.));
#16388=CARTESIAN_POINT('Origin',(152.,-0.8,8.6));
#16389=CARTESIAN_POINT('',(156.,3.3,4.5));
#16390=CARTESIAN_POINT('',(155.625,3.3,4.5));
#16391=CARTESIAN_POINT('',(156.,-0.8,8.6));
#16392=CARTESIAN_POINT('',(156.,5.,2.8));
#16393=CARTESIAN_POINT('',(152.,-0.8,8.6));
#16394=CARTESIAN_POINT('',(148.,5.,2.8));
#16395=CARTESIAN_POINT('Origin',(152.,-0.4,9.));
#16396=CARTESIAN_POINT('',(156.,-0.4,9.));
#16397=CARTESIAN_POINT('',(156.,-0.8,8.6));
#16398=CARTESIAN_POINT('',(152.,-0.4,9.));
#16399=CARTESIAN_POINT('Origin',(152.,5.8,9.));
#16400=CARTESIAN_POINT('',(156.,-0.4,9.));
#16401=CARTESIAN_POINT('Origin',(156.,-7.,0.));
#16402=CARTESIAN_POINT('',(156.,-7.,0.));
#16403=CARTESIAN_POINT('',(156.,5.,8.));
#16404=CARTESIAN_POINT('',(156.,3.3,2.25));
#16405=CARTESIAN_POINT('Origin',(148.,-2.5,5.6));
#16406=CARTESIAN_POINT('',(148.,-5.,8.));
#16407=CARTESIAN_POINT('',(148.,-5.8,8.));
#16408=CARTESIAN_POINT('',(148.,-4.25,8.));
#16409=CARTESIAN_POINT('',(148.,-5.,2.8));
#16410=CARTESIAN_POINT('',(148.,-5.,2.8));
#16411=CARTESIAN_POINT('',(148.,0.8,8.6));
#16412=CARTESIAN_POINT('',(148.,-5.,2.8));
#16413=CARTESIAN_POINT('',(148.,0.4,9.));
#16414=CARTESIAN_POINT('',(148.,0.8,8.6));
#16415=CARTESIAN_POINT('',(148.,-5.8,9.));
#16416=CARTESIAN_POINT('',(148.,0.4,9.));
#16417=CARTESIAN_POINT('',(148.,-5.8,9.));
#16418=CARTESIAN_POINT('Origin',(144.,0.4,9.));
#16419=CARTESIAN_POINT('',(144.,0.4,9.));
#16420=CARTESIAN_POINT('',(144.,-5.8,9.));
#16421=CARTESIAN_POINT('',(144.,0.4,9.));
#16422=CARTESIAN_POINT('',(144.,-5.8,9.));
#16423=CARTESIAN_POINT('',(144.,0.4,9.));
#16424=CARTESIAN_POINT('Origin',(144.,0.8,8.6));
#16425=CARTESIAN_POINT('',(144.,0.8,8.6));
#16426=CARTESIAN_POINT('',(144.,0.8,8.6));
#16427=CARTESIAN_POINT('',(144.,0.8,8.6));
#16428=CARTESIAN_POINT('Origin',(144.,-5.,2.8));
#16429=CARTESIAN_POINT('',(144.,-5.,2.8));
#16430=CARTESIAN_POINT('',(144.,-5.,2.8));
#16431=CARTESIAN_POINT('',(150.,-5.,2.8));
#16432=CARTESIAN_POINT('Origin',(144.,-5.8,9.));
#16433=CARTESIAN_POINT('',(144.,-5.8,8.));
#16434=CARTESIAN_POINT('',(147.,-5.8,8.));
#16435=CARTESIAN_POINT('',(144.,-5.8,9.));
#16436=CARTESIAN_POINT('Origin',(144.,7.,0.));
#16437=CARTESIAN_POINT('',(144.,5.3,8.));
#16438=CARTESIAN_POINT('',(144.,5.3,0.));
#16439=CARTESIAN_POINT('',(144.,5.3,0.));
#16440=CARTESIAN_POINT('',(144.,7.,0.));
#16441=CARTESIAN_POINT('',(144.,-5.55111512312578E-16,8.));
#16442=CARTESIAN_POINT('',(144.,-5.,2.));
#16443=CARTESIAN_POINT('',(144.,-5.,0.));
#16444=CARTESIAN_POINT('',(144.,5.,2.));
#16445=CARTESIAN_POINT('',(144.,7.,2.));
#16446=CARTESIAN_POINT('',(144.,5.,8.));
#16447=CARTESIAN_POINT('',(144.,5.,0.));
#16448=CARTESIAN_POINT('',(144.,7.,8.));
#16449=CARTESIAN_POINT('Origin',(144.,5.,0.));
#16450=CARTESIAN_POINT('',(144.,5.,8.));
#16451=CARTESIAN_POINT('',(147.,5.,2.));
#16452=CARTESIAN_POINT('Origin',(150.,6.,8.));
#16453=CARTESIAN_POINT('',(144.,5.3,8.));
#16454=CARTESIAN_POINT('Origin',(150.,0.,2.));
#16455=CARTESIAN_POINT('',(153.,-5.,2.));
#16456=CARTESIAN_POINT('',(156.,-3.3,2.));
#16457=CARTESIAN_POINT('',(152.9,-3.3,2.));
#16458=CARTESIAN_POINT('',(156.,3.3,2.));
#16459=CARTESIAN_POINT('',(156.,-7.,2.));
#16460=CARTESIAN_POINT('',(152.9,3.3,2.));
#16461=CARTESIAN_POINT('Origin',(150.,0.,0.));
#16462=CARTESIAN_POINT('',(140.,5.3,0.));
#16463=CARTESIAN_POINT('',(140.,5.3,0.));
#16464=CARTESIAN_POINT('',(140.,7.,0.));
#16465=CARTESIAN_POINT('',(156.,3.3,0.));
#16466=CARTESIAN_POINT('',(155.8,3.3,0.));
#16467=CARTESIAN_POINT('',(156.,-3.3,0.));
#16468=CARTESIAN_POINT('',(156.,-7.,0.));
#16469=CARTESIAN_POINT('',(160.,-3.3,0.));
#16470=CARTESIAN_POINT('',(156.,-5.2,0.));
#16471=CARTESIAN_POINT('',(155.8,-5.2,0.));
#16472=CARTESIAN_POINT('',(156.,-7.,0.));
#16473=CARTESIAN_POINT('',(156.,-7.,0.));
#16474=CARTESIAN_POINT('',(140.,-7.,0.));
#16475=CARTESIAN_POINT('Origin',(156.,-5.,0.));
#16476=CARTESIAN_POINT('',(156.,-5.,8.));
#16477=CARTESIAN_POINT('Origin',(150.,-6.,8.));
#16478=CARTESIAN_POINT('',(156.,-7.,8.));
#16479=CARTESIAN_POINT('',(144.,-7.,8.));
#16480=CARTESIAN_POINT('',(156.,-5.2,8.));
#16481=CARTESIAN_POINT('',(156.,-7.,8.));
#16482=CARTESIAN_POINT('',(160.5,-5.2,8.));
#16483=CARTESIAN_POINT('',(160.5,-3.3,8.));
#16484=CARTESIAN_POINT('Origin',(155.8,3.3,0.));
#16485=CARTESIAN_POINT('',(156.,3.3,0.));
#16486=CARTESIAN_POINT('Origin',(156.,-7.,0.));
#16487=CARTESIAN_POINT('',(156.,-3.3,0.));
#16488=CARTESIAN_POINT('Origin',(144.,-7.,0.));
#16489=CARTESIAN_POINT('',(156.,-7.,0.));
#16490=CARTESIAN_POINT('Origin',(140.,5.3,0.));
#16491=CARTESIAN_POINT('',(140.,5.3,0.));
#16492=CARTESIAN_POINT('Origin',(140.,7.,0.));
#16493=CARTESIAN_POINT('Origin',(160.,-3.3,0.));
#16494=CARTESIAN_POINT('Origin',(155.8,-5.2,0.));
#16495=CARTESIAN_POINT('',(156.,-5.2,0.));
#16496=CARTESIAN_POINT('Origin',(156.,-7.,0.));
#16497=CARTESIAN_POINT('Origin',(180.,4.9,5.));
#16498=CARTESIAN_POINT('',(180.,7.3,5.));
#16499=CARTESIAN_POINT('',(180.,5.2,2.9));
#16500=CARTESIAN_POINT('',(180.,4.9,2.6));
#16501=CARTESIAN_POINT('Origin',(180.,5.2,5.));
#16502=CARTESIAN_POINT('Origin',(180.,-6.1,5.));
#16503=CARTESIAN_POINT('',(180.,-5.2,2.9));
#16504=CARTESIAN_POINT('Origin',(180.,-5.2,5.));
#16505=CARTESIAN_POINT('',(180.,-7.3,5.));
#16506=CARTESIAN_POINT('',(180.,-6.1,3.8));
#16507=CARTESIAN_POINT('Origin',(175.,3.3,8.));
#16508=CARTESIAN_POINT('',(176.,3.3,8.));
#16509=CARTESIAN_POINT('',(176.,5.2,8.));
#16510=CARTESIAN_POINT('',(176.,-1.85,8.));
#16511=CARTESIAN_POINT('',(180.5,3.3,8.));
#16512=CARTESIAN_POINT('',(180.5,3.3,8.));
#16513=CARTESIAN_POINT('',(180.5,5.2,8.));
#16514=CARTESIAN_POINT('',(180.5,3.3,8.));
#16515=CARTESIAN_POINT('',(180.5,5.2,8.));
#16516=CARTESIAN_POINT('Origin',(175.,3.3,1.));
#16517=CARTESIAN_POINT('',(175.,5.,2.8));
#16518=CARTESIAN_POINT('',(175.,3.3,4.5));
#16519=CARTESIAN_POINT('',(175.,2.125,5.675));
#16520=CARTESIAN_POINT('',(175.,5.,2.));
#16521=CARTESIAN_POINT('',(175.,5.,0.5));
#16522=CARTESIAN_POINT('',(175.,3.3,2.));
#16523=CARTESIAN_POINT('',(175.,1.65,2.));
#16524=CARTESIAN_POINT('',(175.,3.3,8.));
#16525=CARTESIAN_POINT('Origin',(183.5,3.3,5.));
#16526=CARTESIAN_POINT('',(180.,5.2,1.5));
#16527=CARTESIAN_POINT('',(180.,3.8,1.5));
#16528=CARTESIAN_POINT('',(180.,3.3,1.5));
#16529=CARTESIAN_POINT('',(183.5,5.2,5.));
#16530=CARTESIAN_POINT('',(179.5,5.2,1.));
#16531=CARTESIAN_POINT('',(183.5,3.3,5.));
#16532=CARTESIAN_POINT('',(183.5,3.3,5.));
#16533=CARTESIAN_POINT('',(179.5,3.3,1.));
#16534=CARTESIAN_POINT('',(179.5,3.3,1.));
#16535=CARTESIAN_POINT('',(180.216666666667,4.01666666666666,1.71666666666666));
#16536=CARTESIAN_POINT('Origin',(180.5,3.3,8.));
#16537=CARTESIAN_POINT('',(183.5,3.3,5.));
#16538=CARTESIAN_POINT('',(183.5,5.2,5.));
#16539=CARTESIAN_POINT('Origin',(180.,5.2,0.));
#16540=CARTESIAN_POINT('',(176.,5.2,0.));
#16541=CARTESIAN_POINT('',(176.,5.2,0.));
#16542=CARTESIAN_POINT('',(180.,5.2,0.));
#16543=CARTESIAN_POINT('',(180.,5.2,0.));
#16544=CARTESIAN_POINT('',(180.,5.2,0.));
#16545=CARTESIAN_POINT('Origin',(180.,3.3,0.));
#16546=CARTESIAN_POINT('',(180.,3.3,1.));
#16547=CARTESIAN_POINT('',(180.,3.05,0.75));
#16548=CARTESIAN_POINT('',(180.,3.3,0.));
#16549=CARTESIAN_POINT('',(180.,3.3,0.));
#16550=CARTESIAN_POINT('',(180.,3.3,0.));
#16551=CARTESIAN_POINT('Origin',(175.8,3.3,1.));
#16552=CARTESIAN_POINT('',(175.8,3.3,1.));
#16553=CARTESIAN_POINT('Origin',(175.,-5.2,1.));
#16554=CARTESIAN_POINT('',(175.,-5.,2.));
#16555=CARTESIAN_POINT('',(175.,-3.3,2.));
#16556=CARTESIAN_POINT('',(175.,-2.6,2.));
#16557=CARTESIAN_POINT('',(175.,-5.,8.));
#16558=CARTESIAN_POINT('',(175.,-5.,0.5));
#16559=CARTESIAN_POINT('',(175.,-3.3,8.));
#16560=CARTESIAN_POINT('',(175.,-5.2,8.));
#16561=CARTESIAN_POINT('',(175.,-3.3,8.));
#16562=CARTESIAN_POINT('Origin',(183.5,-5.2,5.));
#16563=CARTESIAN_POINT('',(179.5,-3.3,1.));
#16564=CARTESIAN_POINT('',(180.,-3.8,1.5));
#16565=CARTESIAN_POINT('',(180.866666666667,-4.66666666666666,2.36666666666666));
#16566=CARTESIAN_POINT('',(183.5,-3.3,5.));
#16567=CARTESIAN_POINT('',(179.5,-3.3,1.));
#16568=CARTESIAN_POINT('',(183.5,-5.2,5.));
#16569=CARTESIAN_POINT('',(183.5,-5.2,5.));
#16570=CARTESIAN_POINT('',(180.,-5.2,1.5));
#16571=CARTESIAN_POINT('',(179.5,-5.2,1.));
#16572=CARTESIAN_POINT('',(180.,-5.2,1.5));
#16573=CARTESIAN_POINT('Origin',(180.5,-5.2,8.));
#16574=CARTESIAN_POINT('',(180.5,-5.2,8.));
#16575=CARTESIAN_POINT('',(183.5,-5.2,5.));
#16576=CARTESIAN_POINT('',(180.5,-3.3,8.));
#16577=CARTESIAN_POINT('',(183.5,-3.3,5.));
#16578=CARTESIAN_POINT('',(180.5,-5.2,8.));
#16579=CARTESIAN_POINT('Origin',(175.8,-4.3,2.));
#16580=CARTESIAN_POINT('',(180.,-3.3,1.));
#16581=CARTESIAN_POINT('',(180.,-4.025,1.725));
#16582=CARTESIAN_POINT('',(177.9,-3.3,1.));
#16583=CARTESIAN_POINT('Origin',(180.,-5.2,0.));
#16584=CARTESIAN_POINT('',(180.,-5.2,0.));
#16585=CARTESIAN_POINT('',(180.,-5.2,0.));
#16586=CARTESIAN_POINT('',(180.,-3.3,0.));
#16587=CARTESIAN_POINT('',(180.,-5.2,0.));
#16588=CARTESIAN_POINT('',(180.,-3.3,0.));
#16589=CARTESIAN_POINT('Origin',(160.,5.3,5.));
#16590=CARTESIAN_POINT('',(157.7,5.3,5.));
#16591=CARTESIAN_POINT('Origin',(160.,5.3,5.));
#16592=CARTESIAN_POINT('',(159.4,7.00000000000001,5.));
#16593=CARTESIAN_POINT('',(157.7,5.3,5.));
#16594=CARTESIAN_POINT('Origin',(160.,7.,5.));
#16595=CARTESIAN_POINT('Origin',(160.5,5.3,1.));
#16596=CARTESIAN_POINT('',(160.,5.3,1.5));
#16597=CARTESIAN_POINT('',(160.,7.,1.5));
#16598=CARTESIAN_POINT('',(160.,6.15,1.5));
#16599=CARTESIAN_POINT('',(156.5,5.3,5.));
#16600=CARTESIAN_POINT('',(156.5,5.3,5.));
#16601=CARTESIAN_POINT('',(156.5,7.,5.));
#16602=CARTESIAN_POINT('',(156.5,5.3,5.));
#16603=CARTESIAN_POINT('',(156.5,7.,5.));
#16604=CARTESIAN_POINT('Origin',(156.5,5.3,5.));
#16605=CARTESIAN_POINT('',(159.5,5.3,8.));
#16606=CARTESIAN_POINT('',(159.5,5.3,8.));
#16607=CARTESIAN_POINT('',(159.5,7.,8.));
#16608=CARTESIAN_POINT('',(159.5,5.3,8.));
#16609=CARTESIAN_POINT('',(159.5,7.,8.));
#16610=CARTESIAN_POINT('Origin',(176.,7.,0.));
#16611=CARTESIAN_POINT('',(176.,7.,8.));
#16612=CARTESIAN_POINT('',(176.,7.,8.));
#16613=CARTESIAN_POINT('',(176.,7.,0.));
#16614=CARTESIAN_POINT('',(176.,7.,0.));
#16615=CARTESIAN_POINT('',(160.,7.,0.));
#16616=CARTESIAN_POINT('',(176.,7.,0.));
#16617=CARTESIAN_POINT('',(160.,7.,0.));
#16618=CARTESIAN_POINT('Origin',(160.,-5.3,5.));
#16619=CARTESIAN_POINT('',(157.7,-5.3,5.));
#16620=CARTESIAN_POINT('Origin',(160.,-5.3,5.));
#16621=CARTESIAN_POINT('',(159.4,-7.00000000000001,5.));
#16622=CARTESIAN_POINT('',(157.7,-5.3,5.));
#16623=CARTESIAN_POINT('Origin',(160.,-7.,5.));
#16624=CARTESIAN_POINT('Origin',(160.5,-7.,1.));
#16625=CARTESIAN_POINT('',(160.,-7.,1.5));
#16626=CARTESIAN_POINT('',(160.,-5.3,1.5));
#16627=CARTESIAN_POINT('',(160.,-6.15,1.5));
#16628=CARTESIAN_POINT('',(156.5,-7.,5.));
#16629=CARTESIAN_POINT('',(156.5,-7.,5.));
#16630=CARTESIAN_POINT('',(156.5,-5.3,5.));
#16631=CARTESIAN_POINT('',(156.5,-7.,5.));
#16632=CARTESIAN_POINT('',(156.5,-5.3,5.));
#16633=CARTESIAN_POINT('Origin',(156.5,-7.,5.));
#16634=CARTESIAN_POINT('',(159.5,-7.,8.));
#16635=CARTESIAN_POINT('',(159.5,-7.,8.));
#16636=CARTESIAN_POINT('',(159.5,-5.3,8.));
#16637=CARTESIAN_POINT('',(159.5,-7.,8.));
#16638=CARTESIAN_POINT('',(159.5,-5.3,8.));
#16639=CARTESIAN_POINT('Origin',(160.,-5.3,0.));
#16640=CARTESIAN_POINT('',(160.,-5.3,0.));
#16641=CARTESIAN_POINT('',(160.,-5.3,0.));
#16642=CARTESIAN_POINT('',(160.,-7.,0.));
#16643=CARTESIAN_POINT('',(160.,-5.3,0.));
#16644=CARTESIAN_POINT('',(160.,-7.,0.));
#16645=CARTESIAN_POINT('Origin',(164.2,-5.3,0.));
#16646=CARTESIAN_POINT('',(164.,-5.3,8.));
#16647=CARTESIAN_POINT('',(164.,-5.3,8.));
#16648=CARTESIAN_POINT('',(164.,-5.3,0.));
#16649=CARTESIAN_POINT('',(164.,-5.3,0.));
#16650=CARTESIAN_POINT('',(164.2,-5.3,0.));
#16651=CARTESIAN_POINT('Origin',(172.,2.5,5.6));
#16652=CARTESIAN_POINT('',(172.,5.,8.));
#16653=CARTESIAN_POINT('',(172.,5.8,8.));
#16654=CARTESIAN_POINT('',(172.,4.25,8.));
#16655=CARTESIAN_POINT('',(172.,5.,2.8));
#16656=CARTESIAN_POINT('',(172.,5.,2.8));
#16657=CARTESIAN_POINT('',(172.,-0.8,8.6));
#16658=CARTESIAN_POINT('',(172.,5.,2.8));
#16659=CARTESIAN_POINT('',(172.,-0.4,9.));
#16660=CARTESIAN_POINT('',(172.,-0.8,8.6));
#16661=CARTESIAN_POINT('',(172.,5.8,9.));
#16662=CARTESIAN_POINT('',(172.,-0.4,9.));
#16663=CARTESIAN_POINT('',(172.,5.8,9.));
#16664=CARTESIAN_POINT('Origin',(172.,5.8,2.2));
#16665=CARTESIAN_POINT('',(176.,5.8,8.));
#16666=CARTESIAN_POINT('',(171.,5.8,8.));
#16667=CARTESIAN_POINT('',(176.,5.8,9.));
#16668=CARTESIAN_POINT('',(172.,5.8,9.));
#16669=CARTESIAN_POINT('',(176.,5.8,9.));
#16670=CARTESIAN_POINT('Origin',(172.,-0.8,8.6));
#16671=CARTESIAN_POINT('',(176.,3.3,4.5));
#16672=CARTESIAN_POINT('',(175.625,3.3,4.5));
#16673=CARTESIAN_POINT('',(176.,-0.8,8.6));
#16674=CARTESIAN_POINT('',(176.,5.,2.8));
#16675=CARTESIAN_POINT('',(172.,-0.8,8.6));
#16676=CARTESIAN_POINT('',(168.,5.,2.8));
#16677=CARTESIAN_POINT('Origin',(172.,-0.4,9.));
#16678=CARTESIAN_POINT('',(176.,-0.4,9.));
#16679=CARTESIAN_POINT('',(176.,-0.8,8.6));
#16680=CARTESIAN_POINT('',(172.,-0.4,9.));
#16681=CARTESIAN_POINT('Origin',(172.,5.8,9.));
#16682=CARTESIAN_POINT('',(176.,-0.4,9.));
#16683=CARTESIAN_POINT('Origin',(176.,-7.,0.));
#16684=CARTESIAN_POINT('',(176.,-7.,0.));
#16685=CARTESIAN_POINT('',(176.,5.,8.));
#16686=CARTESIAN_POINT('',(176.,3.3,2.25));
#16687=CARTESIAN_POINT('Origin',(168.,-2.5,5.6));
#16688=CARTESIAN_POINT('',(168.,-5.,8.));
#16689=CARTESIAN_POINT('',(168.,-5.8,8.));
#16690=CARTESIAN_POINT('',(168.,-4.25,8.));
#16691=CARTESIAN_POINT('',(168.,-5.,2.8));
#16692=CARTESIAN_POINT('',(168.,-5.,2.8));
#16693=CARTESIAN_POINT('',(168.,0.8,8.6));
#16694=CARTESIAN_POINT('',(168.,-5.,2.8));
#16695=CARTESIAN_POINT('',(168.,0.4,9.));
#16696=CARTESIAN_POINT('',(168.,0.8,8.6));
#16697=CARTESIAN_POINT('',(168.,-5.8,9.));
#16698=CARTESIAN_POINT('',(168.,0.4,9.));
#16699=CARTESIAN_POINT('',(168.,-5.8,9.));
#16700=CARTESIAN_POINT('Origin',(164.,0.4,9.));
#16701=CARTESIAN_POINT('',(164.,0.4,9.));
#16702=CARTESIAN_POINT('',(164.,-5.8,9.));
#16703=CARTESIAN_POINT('',(164.,0.4,9.));
#16704=CARTESIAN_POINT('',(164.,-5.8,9.));
#16705=CARTESIAN_POINT('',(164.,0.4,9.));
#16706=CARTESIAN_POINT('Origin',(164.,0.8,8.6));
#16707=CARTESIAN_POINT('',(164.,0.8,8.6));
#16708=CARTESIAN_POINT('',(164.,0.8,8.6));
#16709=CARTESIAN_POINT('',(164.,0.8,8.6));
#16710=CARTESIAN_POINT('Origin',(164.,-5.,2.8));
#16711=CARTESIAN_POINT('',(164.,-5.,2.8));
#16712=CARTESIAN_POINT('',(164.,-5.,2.8));
#16713=CARTESIAN_POINT('',(170.,-5.,2.8));
#16714=CARTESIAN_POINT('Origin',(164.,-5.8,9.));
#16715=CARTESIAN_POINT('',(164.,-5.8,8.));
#16716=CARTESIAN_POINT('',(167.,-5.8,8.));
#16717=CARTESIAN_POINT('',(164.,-5.8,9.));
#16718=CARTESIAN_POINT('Origin',(164.,7.,0.));
#16719=CARTESIAN_POINT('',(164.,5.3,8.));
#16720=CARTESIAN_POINT('',(164.,5.3,0.));
#16721=CARTESIAN_POINT('',(164.,5.3,0.));
#16722=CARTESIAN_POINT('',(164.,7.,0.));
#16723=CARTESIAN_POINT('',(164.,-5.55111512312578E-16,8.));
#16724=CARTESIAN_POINT('',(164.,-5.,2.));
#16725=CARTESIAN_POINT('',(164.,-5.,0.));
#16726=CARTESIAN_POINT('',(164.,5.,2.));
#16727=CARTESIAN_POINT('',(164.,7.,2.));
#16728=CARTESIAN_POINT('',(164.,5.,8.));
#16729=CARTESIAN_POINT('',(164.,5.,0.));
#16730=CARTESIAN_POINT('',(164.,7.,8.));
#16731=CARTESIAN_POINT('Origin',(164.,5.,0.));
#16732=CARTESIAN_POINT('',(164.,5.,8.));
#16733=CARTESIAN_POINT('',(167.,5.,2.));
#16734=CARTESIAN_POINT('Origin',(170.,6.,8.));
#16735=CARTESIAN_POINT('',(164.,5.3,8.));
#16736=CARTESIAN_POINT('Origin',(170.,0.,2.));
#16737=CARTESIAN_POINT('',(173.,-5.,2.));
#16738=CARTESIAN_POINT('',(176.,-3.3,2.));
#16739=CARTESIAN_POINT('',(172.9,-3.3,2.));
#16740=CARTESIAN_POINT('',(176.,3.3,2.));
#16741=CARTESIAN_POINT('',(176.,-7.,2.));
#16742=CARTESIAN_POINT('',(172.9,3.3,2.));
#16743=CARTESIAN_POINT('Origin',(170.,0.,0.));
#16744=CARTESIAN_POINT('',(160.,5.3,0.));
#16745=CARTESIAN_POINT('',(160.,5.3,0.));
#16746=CARTESIAN_POINT('',(160.,7.,0.));
#16747=CARTESIAN_POINT('',(176.,3.3,0.));
#16748=CARTESIAN_POINT('',(175.8,3.3,0.));
#16749=CARTESIAN_POINT('',(176.,-3.3,0.));
#16750=CARTESIAN_POINT('',(176.,-7.,0.));
#16751=CARTESIAN_POINT('',(180.,-3.3,0.));
#16752=CARTESIAN_POINT('',(176.,-5.2,0.));
#16753=CARTESIAN_POINT('',(175.8,-5.2,0.));
#16754=CARTESIAN_POINT('',(176.,-7.,0.));
#16755=CARTESIAN_POINT('',(176.,-7.,0.));
#16756=CARTESIAN_POINT('',(160.,-7.,0.));
#16757=CARTESIAN_POINT('Origin',(176.,-5.,0.));
#16758=CARTESIAN_POINT('',(176.,-5.,8.));
#16759=CARTESIAN_POINT('Origin',(170.,-6.,8.));
#16760=CARTESIAN_POINT('',(176.,-7.,8.));
#16761=CARTESIAN_POINT('',(164.,-7.,8.));
#16762=CARTESIAN_POINT('',(176.,-5.2,8.));
#16763=CARTESIAN_POINT('',(176.,-7.,8.));
#16764=CARTESIAN_POINT('',(180.5,-5.2,8.));
#16765=CARTESIAN_POINT('',(180.5,-3.3,8.));
#16766=CARTESIAN_POINT('Origin',(175.8,3.3,0.));
#16767=CARTESIAN_POINT('',(176.,3.3,0.));
#16768=CARTESIAN_POINT('Origin',(176.,-7.,0.));
#16769=CARTESIAN_POINT('',(176.,-3.3,0.));
#16770=CARTESIAN_POINT('Origin',(164.,-7.,0.));
#16771=CARTESIAN_POINT('',(176.,-7.,0.));
#16772=CARTESIAN_POINT('Origin',(160.,5.3,0.));
#16773=CARTESIAN_POINT('',(160.,5.3,0.));
#16774=CARTESIAN_POINT('Origin',(160.,7.,0.));
#16775=CARTESIAN_POINT('Origin',(180.,-3.3,0.));
#16776=CARTESIAN_POINT('Origin',(175.8,-5.2,0.));
#16777=CARTESIAN_POINT('',(176.,-5.2,0.));
#16778=CARTESIAN_POINT('Origin',(176.,-7.,0.));
#16779=CARTESIAN_POINT('Origin',(200.,4.9,5.));
#16780=CARTESIAN_POINT('',(200.,7.3,5.));
#16781=CARTESIAN_POINT('',(200.,5.2,2.9));
#16782=CARTESIAN_POINT('',(200.,4.9,2.6));
#16783=CARTESIAN_POINT('Origin',(200.,5.2,5.));
#16784=CARTESIAN_POINT('Origin',(200.,-6.1,5.));
#16785=CARTESIAN_POINT('',(200.,-5.2,2.9));
#16786=CARTESIAN_POINT('Origin',(200.,-5.2,5.));
#16787=CARTESIAN_POINT('',(200.,-7.3,5.));
#16788=CARTESIAN_POINT('',(200.,-6.1,3.8));
#16789=CARTESIAN_POINT('Origin',(195.,3.3,8.));
#16790=CARTESIAN_POINT('',(196.,3.3,8.));
#16791=CARTESIAN_POINT('',(196.,5.2,8.));
#16792=CARTESIAN_POINT('',(196.,-1.85,8.));
#16793=CARTESIAN_POINT('',(200.5,3.3,8.));
#16794=CARTESIAN_POINT('',(200.5,3.3,8.));
#16795=CARTESIAN_POINT('',(200.5,5.2,8.));
#16796=CARTESIAN_POINT('',(200.5,3.3,8.));
#16797=CARTESIAN_POINT('',(200.5,5.2,8.));
#16798=CARTESIAN_POINT('Origin',(195.,3.3,1.));
#16799=CARTESIAN_POINT('',(195.,5.,2.8));
#16800=CARTESIAN_POINT('',(195.,3.3,4.5));
#16801=CARTESIAN_POINT('',(195.,2.125,5.675));
#16802=CARTESIAN_POINT('',(195.,5.,2.));
#16803=CARTESIAN_POINT('',(195.,5.,0.5));
#16804=CARTESIAN_POINT('',(195.,3.3,2.));
#16805=CARTESIAN_POINT('',(195.,1.65,2.));
#16806=CARTESIAN_POINT('',(195.,3.3,8.));
#16807=CARTESIAN_POINT('Origin',(203.5,3.3,5.));
#16808=CARTESIAN_POINT('',(200.,5.2,1.5));
#16809=CARTESIAN_POINT('',(200.,3.8,1.5));
#16810=CARTESIAN_POINT('',(200.,3.3,1.5));
#16811=CARTESIAN_POINT('',(203.5,5.2,5.));
#16812=CARTESIAN_POINT('',(199.5,5.2,1.));
#16813=CARTESIAN_POINT('',(203.5,3.3,5.));
#16814=CARTESIAN_POINT('',(203.5,3.3,5.));
#16815=CARTESIAN_POINT('',(199.5,3.3,1.));
#16816=CARTESIAN_POINT('',(199.5,3.3,1.));
#16817=CARTESIAN_POINT('',(200.216666666667,4.01666666666666,1.71666666666666));
#16818=CARTESIAN_POINT('Origin',(200.5,3.3,8.));
#16819=CARTESIAN_POINT('',(203.5,3.3,5.));
#16820=CARTESIAN_POINT('',(203.5,5.2,5.));
#16821=CARTESIAN_POINT('Origin',(200.,5.2,0.));
#16822=CARTESIAN_POINT('',(196.,5.2,0.));
#16823=CARTESIAN_POINT('',(196.,5.2,0.));
#16824=CARTESIAN_POINT('',(200.,5.2,0.));
#16825=CARTESIAN_POINT('',(200.,5.2,0.));
#16826=CARTESIAN_POINT('',(200.,5.2,0.));
#16827=CARTESIAN_POINT('Origin',(200.,3.3,0.));
#16828=CARTESIAN_POINT('',(200.,3.3,1.));
#16829=CARTESIAN_POINT('',(200.,3.05,0.75));
#16830=CARTESIAN_POINT('',(200.,3.3,0.));
#16831=CARTESIAN_POINT('',(200.,3.3,0.));
#16832=CARTESIAN_POINT('',(200.,3.3,0.));
#16833=CARTESIAN_POINT('Origin',(195.8,3.3,1.));
#16834=CARTESIAN_POINT('',(195.8,3.3,1.));
#16835=CARTESIAN_POINT('Origin',(195.,-5.2,1.));
#16836=CARTESIAN_POINT('',(195.,-5.,2.));
#16837=CARTESIAN_POINT('',(195.,-3.3,2.));
#16838=CARTESIAN_POINT('',(195.,-2.6,2.));
#16839=CARTESIAN_POINT('',(195.,-5.,8.));
#16840=CARTESIAN_POINT('',(195.,-5.,0.5));
#16841=CARTESIAN_POINT('',(195.,-3.3,8.));
#16842=CARTESIAN_POINT('',(195.,-5.2,8.));
#16843=CARTESIAN_POINT('',(195.,-3.3,8.));
#16844=CARTESIAN_POINT('Origin',(203.5,-5.2,5.));
#16845=CARTESIAN_POINT('',(199.5,-3.3,1.));
#16846=CARTESIAN_POINT('',(200.,-3.8,1.5));
#16847=CARTESIAN_POINT('',(200.866666666667,-4.66666666666666,2.36666666666666));
#16848=CARTESIAN_POINT('',(203.5,-3.3,5.));
#16849=CARTESIAN_POINT('',(199.5,-3.3,1.));
#16850=CARTESIAN_POINT('',(203.5,-5.2,5.));
#16851=CARTESIAN_POINT('',(203.5,-5.2,5.));
#16852=CARTESIAN_POINT('',(200.,-5.2,1.5));
#16853=CARTESIAN_POINT('',(199.5,-5.2,1.));
#16854=CARTESIAN_POINT('',(200.,-5.2,1.5));
#16855=CARTESIAN_POINT('Origin',(200.5,-5.2,8.));
#16856=CARTESIAN_POINT('',(200.5,-5.2,8.));
#16857=CARTESIAN_POINT('',(203.5,-5.2,5.));
#16858=CARTESIAN_POINT('',(200.5,-3.3,8.));
#16859=CARTESIAN_POINT('',(203.5,-3.3,5.));
#16860=CARTESIAN_POINT('',(200.5,-5.2,8.));
#16861=CARTESIAN_POINT('Origin',(195.8,-4.3,2.));
#16862=CARTESIAN_POINT('',(200.,-3.3,1.));
#16863=CARTESIAN_POINT('',(200.,-4.025,1.725));
#16864=CARTESIAN_POINT('',(197.9,-3.3,1.));
#16865=CARTESIAN_POINT('Origin',(200.,-5.2,0.));
#16866=CARTESIAN_POINT('',(200.,-5.2,0.));
#16867=CARTESIAN_POINT('',(200.,-5.2,0.));
#16868=CARTESIAN_POINT('',(200.,-3.3,0.));
#16869=CARTESIAN_POINT('',(200.,-5.2,0.));
#16870=CARTESIAN_POINT('',(200.,-3.3,0.));
#16871=CARTESIAN_POINT('Origin',(180.,5.3,5.));
#16872=CARTESIAN_POINT('',(177.7,5.3,5.));
#16873=CARTESIAN_POINT('Origin',(180.,5.3,5.));
#16874=CARTESIAN_POINT('',(179.4,7.00000000000001,5.));
#16875=CARTESIAN_POINT('',(177.7,5.3,5.));
#16876=CARTESIAN_POINT('Origin',(180.,7.,5.));
#16877=CARTESIAN_POINT('Origin',(180.5,5.3,1.));
#16878=CARTESIAN_POINT('',(180.,5.3,1.5));
#16879=CARTESIAN_POINT('',(180.,7.,1.5));
#16880=CARTESIAN_POINT('',(180.,6.15,1.5));
#16881=CARTESIAN_POINT('',(176.5,5.3,5.));
#16882=CARTESIAN_POINT('',(176.5,5.3,5.));
#16883=CARTESIAN_POINT('',(176.5,7.,5.));
#16884=CARTESIAN_POINT('',(176.5,5.3,5.));
#16885=CARTESIAN_POINT('',(176.5,7.,5.));
#16886=CARTESIAN_POINT('Origin',(176.5,5.3,5.));
#16887=CARTESIAN_POINT('',(179.5,5.3,8.));
#16888=CARTESIAN_POINT('',(179.5,5.3,8.));
#16889=CARTESIAN_POINT('',(179.5,7.,8.));
#16890=CARTESIAN_POINT('',(179.5,5.3,8.));
#16891=CARTESIAN_POINT('',(179.5,7.,8.));
#16892=CARTESIAN_POINT('Origin',(196.,7.,0.));
#16893=CARTESIAN_POINT('',(196.,7.,8.));
#16894=CARTESIAN_POINT('',(196.,7.,8.));
#16895=CARTESIAN_POINT('',(196.,7.,0.));
#16896=CARTESIAN_POINT('',(196.,7.,0.));
#16897=CARTESIAN_POINT('',(180.,7.,0.));
#16898=CARTESIAN_POINT('',(196.,7.,0.));
#16899=CARTESIAN_POINT('',(180.,7.,0.));
#16900=CARTESIAN_POINT('Origin',(180.,-5.3,5.));
#16901=CARTESIAN_POINT('',(177.7,-5.3,5.));
#16902=CARTESIAN_POINT('Origin',(180.,-5.3,5.));
#16903=CARTESIAN_POINT('',(179.4,-7.00000000000001,5.));
#16904=CARTESIAN_POINT('',(177.7,-5.3,5.));
#16905=CARTESIAN_POINT('Origin',(180.,-7.,5.));
#16906=CARTESIAN_POINT('Origin',(180.5,-7.,1.));
#16907=CARTESIAN_POINT('',(180.,-7.,1.5));
#16908=CARTESIAN_POINT('',(180.,-5.3,1.5));
#16909=CARTESIAN_POINT('',(180.,-6.15,1.5));
#16910=CARTESIAN_POINT('',(176.5,-7.,5.));
#16911=CARTESIAN_POINT('',(176.5,-7.,5.));
#16912=CARTESIAN_POINT('',(176.5,-5.3,5.));
#16913=CARTESIAN_POINT('',(176.5,-7.,5.));
#16914=CARTESIAN_POINT('',(176.5,-5.3,5.));
#16915=CARTESIAN_POINT('Origin',(176.5,-7.,5.));
#16916=CARTESIAN_POINT('',(179.5,-7.,8.));
#16917=CARTESIAN_POINT('',(179.5,-7.,8.));
#16918=CARTESIAN_POINT('',(179.5,-5.3,8.));
#16919=CARTESIAN_POINT('',(179.5,-7.,8.));
#16920=CARTESIAN_POINT('',(179.5,-5.3,8.));
#16921=CARTESIAN_POINT('Origin',(180.,-5.3,0.));
#16922=CARTESIAN_POINT('',(180.,-5.3,0.));
#16923=CARTESIAN_POINT('',(180.,-5.3,0.));
#16924=CARTESIAN_POINT('',(180.,-7.,0.));
#16925=CARTESIAN_POINT('',(180.,-5.3,0.));
#16926=CARTESIAN_POINT('',(180.,-7.,0.));
#16927=CARTESIAN_POINT('Origin',(184.2,-5.3,0.));
#16928=CARTESIAN_POINT('',(184.,-5.3,8.));
#16929=CARTESIAN_POINT('',(184.,-5.3,8.));
#16930=CARTESIAN_POINT('',(184.,-5.3,0.));
#16931=CARTESIAN_POINT('',(184.,-5.3,0.));
#16932=CARTESIAN_POINT('',(184.2,-5.3,0.));
#16933=CARTESIAN_POINT('Origin',(192.,2.5,5.6));
#16934=CARTESIAN_POINT('',(192.,5.,8.));
#16935=CARTESIAN_POINT('',(192.,5.8,8.));
#16936=CARTESIAN_POINT('',(192.,4.25,8.));
#16937=CARTESIAN_POINT('',(192.,5.,2.8));
#16938=CARTESIAN_POINT('',(192.,5.,2.8));
#16939=CARTESIAN_POINT('',(192.,-0.8,8.6));
#16940=CARTESIAN_POINT('',(192.,5.,2.8));
#16941=CARTESIAN_POINT('',(192.,-0.4,9.));
#16942=CARTESIAN_POINT('',(192.,-0.8,8.6));
#16943=CARTESIAN_POINT('',(192.,5.8,9.));
#16944=CARTESIAN_POINT('',(192.,-0.4,9.));
#16945=CARTESIAN_POINT('',(192.,5.8,9.));
#16946=CARTESIAN_POINT('Origin',(192.,5.8,2.2));
#16947=CARTESIAN_POINT('',(196.,5.8,8.));
#16948=CARTESIAN_POINT('',(191.,5.8,8.));
#16949=CARTESIAN_POINT('',(196.,5.8,9.));
#16950=CARTESIAN_POINT('',(192.,5.8,9.));
#16951=CARTESIAN_POINT('',(196.,5.8,9.));
#16952=CARTESIAN_POINT('Origin',(192.,-0.8,8.6));
#16953=CARTESIAN_POINT('',(196.,3.3,4.5));
#16954=CARTESIAN_POINT('',(195.625,3.3,4.5));
#16955=CARTESIAN_POINT('',(196.,-0.8,8.6));
#16956=CARTESIAN_POINT('',(196.,5.,2.8));
#16957=CARTESIAN_POINT('',(192.,-0.8,8.6));
#16958=CARTESIAN_POINT('',(188.,5.,2.8));
#16959=CARTESIAN_POINT('Origin',(192.,-0.4,9.));
#16960=CARTESIAN_POINT('',(196.,-0.4,9.));
#16961=CARTESIAN_POINT('',(196.,-0.8,8.6));
#16962=CARTESIAN_POINT('',(192.,-0.4,9.));
#16963=CARTESIAN_POINT('Origin',(192.,5.8,9.));
#16964=CARTESIAN_POINT('',(196.,-0.4,9.));
#16965=CARTESIAN_POINT('Origin',(196.,-7.,0.));
#16966=CARTESIAN_POINT('',(196.,-7.,0.));
#16967=CARTESIAN_POINT('',(196.,5.,8.));
#16968=CARTESIAN_POINT('',(196.,3.3,2.25));
#16969=CARTESIAN_POINT('Origin',(188.,-2.5,5.6));
#16970=CARTESIAN_POINT('',(188.,-5.,8.));
#16971=CARTESIAN_POINT('',(188.,-5.8,8.));
#16972=CARTESIAN_POINT('',(188.,-4.25,8.));
#16973=CARTESIAN_POINT('',(188.,-5.,2.8));
#16974=CARTESIAN_POINT('',(188.,-5.,2.8));
#16975=CARTESIAN_POINT('',(188.,0.8,8.6));
#16976=CARTESIAN_POINT('',(188.,-5.,2.8));
#16977=CARTESIAN_POINT('',(188.,0.4,9.));
#16978=CARTESIAN_POINT('',(188.,0.8,8.6));
#16979=CARTESIAN_POINT('',(188.,-5.8,9.));
#16980=CARTESIAN_POINT('',(188.,0.4,9.));
#16981=CARTESIAN_POINT('',(188.,-5.8,9.));
#16982=CARTESIAN_POINT('Origin',(184.,0.4,9.));
#16983=CARTESIAN_POINT('',(184.,0.4,9.));
#16984=CARTESIAN_POINT('',(184.,-5.8,9.));
#16985=CARTESIAN_POINT('',(184.,0.4,9.));
#16986=CARTESIAN_POINT('',(184.,-5.8,9.));
#16987=CARTESIAN_POINT('',(184.,0.4,9.));
#16988=CARTESIAN_POINT('Origin',(184.,0.8,8.6));
#16989=CARTESIAN_POINT('',(184.,0.8,8.6));
#16990=CARTESIAN_POINT('',(184.,0.8,8.6));
#16991=CARTESIAN_POINT('',(184.,0.8,8.6));
#16992=CARTESIAN_POINT('Origin',(184.,-5.,2.8));
#16993=CARTESIAN_POINT('',(184.,-5.,2.8));
#16994=CARTESIAN_POINT('',(184.,-5.,2.8));
#16995=CARTESIAN_POINT('',(190.,-5.,2.8));
#16996=CARTESIAN_POINT('Origin',(184.,-5.8,9.));
#16997=CARTESIAN_POINT('',(184.,-5.8,8.));
#16998=CARTESIAN_POINT('',(187.,-5.8,8.));
#16999=CARTESIAN_POINT('',(184.,-5.8,9.));
#17000=CARTESIAN_POINT('Origin',(184.,7.,0.));
#17001=CARTESIAN_POINT('',(184.,5.3,8.));
#17002=CARTESIAN_POINT('',(184.,5.3,0.));
#17003=CARTESIAN_POINT('',(184.,5.3,0.));
#17004=CARTESIAN_POINT('',(184.,7.,0.));
#17005=CARTESIAN_POINT('',(184.,-5.55111512312578E-16,8.));
#17006=CARTESIAN_POINT('',(184.,-5.,2.));
#17007=CARTESIAN_POINT('',(184.,-5.,0.));
#17008=CARTESIAN_POINT('',(184.,5.,2.));
#17009=CARTESIAN_POINT('',(184.,7.,2.));
#17010=CARTESIAN_POINT('',(184.,5.,8.));
#17011=CARTESIAN_POINT('',(184.,5.,0.));
#17012=CARTESIAN_POINT('',(184.,7.,8.));
#17013=CARTESIAN_POINT('Origin',(184.,5.,0.));
#17014=CARTESIAN_POINT('',(184.,5.,8.));
#17015=CARTESIAN_POINT('',(187.,5.,2.));
#17016=CARTESIAN_POINT('Origin',(190.,6.,8.));
#17017=CARTESIAN_POINT('',(184.,5.3,8.));
#17018=CARTESIAN_POINT('Origin',(190.,0.,2.));
#17019=CARTESIAN_POINT('',(193.,-5.,2.));
#17020=CARTESIAN_POINT('',(196.,-3.3,2.));
#17021=CARTESIAN_POINT('',(192.9,-3.3,2.));
#17022=CARTESIAN_POINT('',(196.,3.3,2.));
#17023=CARTESIAN_POINT('',(196.,-7.,2.));
#17024=CARTESIAN_POINT('',(192.9,3.3,2.));
#17025=CARTESIAN_POINT('Origin',(190.,0.,0.));
#17026=CARTESIAN_POINT('',(180.,5.3,0.));
#17027=CARTESIAN_POINT('',(180.,5.3,0.));
#17028=CARTESIAN_POINT('',(180.,7.,0.));
#17029=CARTESIAN_POINT('',(196.,3.3,0.));
#17030=CARTESIAN_POINT('',(195.8,3.3,0.));
#17031=CARTESIAN_POINT('',(196.,-3.3,0.));
#17032=CARTESIAN_POINT('',(196.,-7.,0.));
#17033=CARTESIAN_POINT('',(200.,-3.3,0.));
#17034=CARTESIAN_POINT('',(196.,-5.2,0.));
#17035=CARTESIAN_POINT('',(195.8,-5.2,0.));
#17036=CARTESIAN_POINT('',(196.,-7.,0.));
#17037=CARTESIAN_POINT('',(196.,-7.,0.));
#17038=CARTESIAN_POINT('',(180.,-7.,0.));
#17039=CARTESIAN_POINT('Origin',(196.,-5.,0.));
#17040=CARTESIAN_POINT('',(196.,-5.,8.));
#17041=CARTESIAN_POINT('Origin',(190.,-6.,8.));
#17042=CARTESIAN_POINT('',(196.,-7.,8.));
#17043=CARTESIAN_POINT('',(184.,-7.,8.));
#17044=CARTESIAN_POINT('',(196.,-5.2,8.));
#17045=CARTESIAN_POINT('',(196.,-7.,8.));
#17046=CARTESIAN_POINT('',(200.5,-5.2,8.));
#17047=CARTESIAN_POINT('',(200.5,-3.3,8.));
#17048=CARTESIAN_POINT('Origin',(195.8,3.3,0.));
#17049=CARTESIAN_POINT('',(196.,3.3,0.));
#17050=CARTESIAN_POINT('Origin',(196.,-7.,0.));
#17051=CARTESIAN_POINT('',(196.,-3.3,0.));
#17052=CARTESIAN_POINT('Origin',(184.,-7.,0.));
#17053=CARTESIAN_POINT('',(196.,-7.,0.));
#17054=CARTESIAN_POINT('Origin',(180.,5.3,0.));
#17055=CARTESIAN_POINT('',(180.,5.3,0.));
#17056=CARTESIAN_POINT('Origin',(180.,7.,0.));
#17057=CARTESIAN_POINT('Origin',(200.,-3.3,0.));
#17058=CARTESIAN_POINT('Origin',(195.8,-5.2,0.));
#17059=CARTESIAN_POINT('',(196.,-5.2,0.));
#17060=CARTESIAN_POINT('Origin',(196.,-7.,0.));
#17061=CARTESIAN_POINT('Origin',(220.,4.9,5.));
#17062=CARTESIAN_POINT('',(220.,7.3,5.));
#17063=CARTESIAN_POINT('',(220.,5.2,2.9));
#17064=CARTESIAN_POINT('',(220.,4.9,2.6));
#17065=CARTESIAN_POINT('Origin',(220.,5.2,5.));
#17066=CARTESIAN_POINT('Origin',(220.,-6.1,5.));
#17067=CARTESIAN_POINT('',(220.,-5.2,2.9));
#17068=CARTESIAN_POINT('Origin',(220.,-5.2,5.));
#17069=CARTESIAN_POINT('',(220.,-7.3,5.));
#17070=CARTESIAN_POINT('',(220.,-6.1,3.8));
#17071=CARTESIAN_POINT('Origin',(215.,3.3,8.));
#17072=CARTESIAN_POINT('',(216.,3.3,8.));
#17073=CARTESIAN_POINT('',(216.,5.2,8.));
#17074=CARTESIAN_POINT('',(216.,-1.85,8.));
#17075=CARTESIAN_POINT('',(220.5,3.3,8.));
#17076=CARTESIAN_POINT('',(220.5,3.3,8.));
#17077=CARTESIAN_POINT('',(220.5,5.2,8.));
#17078=CARTESIAN_POINT('',(220.5,3.3,8.));
#17079=CARTESIAN_POINT('',(220.5,5.2,8.));
#17080=CARTESIAN_POINT('Origin',(215.,3.3,1.));
#17081=CARTESIAN_POINT('',(215.,5.,2.8));
#17082=CARTESIAN_POINT('',(215.,3.3,4.5));
#17083=CARTESIAN_POINT('',(215.,2.125,5.675));
#17084=CARTESIAN_POINT('',(215.,5.,2.));
#17085=CARTESIAN_POINT('',(215.,5.,0.5));
#17086=CARTESIAN_POINT('',(215.,3.3,2.));
#17087=CARTESIAN_POINT('',(215.,1.65,2.));
#17088=CARTESIAN_POINT('',(215.,3.3,8.));
#17089=CARTESIAN_POINT('Origin',(223.5,3.3,5.));
#17090=CARTESIAN_POINT('',(220.,5.2,1.5));
#17091=CARTESIAN_POINT('',(220.,3.8,1.5));
#17092=CARTESIAN_POINT('',(220.,3.3,1.5));
#17093=CARTESIAN_POINT('',(223.5,5.2,5.));
#17094=CARTESIAN_POINT('',(219.5,5.2,1.));
#17095=CARTESIAN_POINT('',(223.5,3.3,5.));
#17096=CARTESIAN_POINT('',(223.5,3.3,5.));
#17097=CARTESIAN_POINT('',(219.5,3.3,1.));
#17098=CARTESIAN_POINT('',(219.5,3.3,1.));
#17099=CARTESIAN_POINT('',(220.216666666667,4.01666666666666,1.71666666666666));
#17100=CARTESIAN_POINT('Origin',(220.5,3.3,8.));
#17101=CARTESIAN_POINT('',(223.5,3.3,5.));
#17102=CARTESIAN_POINT('',(223.5,5.2,5.));
#17103=CARTESIAN_POINT('Origin',(220.,5.2,0.));
#17104=CARTESIAN_POINT('',(216.,5.2,0.));
#17105=CARTESIAN_POINT('',(216.,5.2,0.));
#17106=CARTESIAN_POINT('',(220.,5.2,0.));
#17107=CARTESIAN_POINT('',(220.,5.2,0.));
#17108=CARTESIAN_POINT('',(220.,5.2,0.));
#17109=CARTESIAN_POINT('Origin',(220.,3.3,0.));
#17110=CARTESIAN_POINT('',(220.,3.3,1.));
#17111=CARTESIAN_POINT('',(220.,3.05,0.75));
#17112=CARTESIAN_POINT('',(220.,3.3,0.));
#17113=CARTESIAN_POINT('',(220.,3.3,0.));
#17114=CARTESIAN_POINT('',(220.,3.3,0.));
#17115=CARTESIAN_POINT('Origin',(215.8,3.3,1.));
#17116=CARTESIAN_POINT('',(215.8,3.3,1.));
#17117=CARTESIAN_POINT('Origin',(215.,-5.2,1.));
#17118=CARTESIAN_POINT('',(215.,-5.,2.));
#17119=CARTESIAN_POINT('',(215.,-3.3,2.));
#17120=CARTESIAN_POINT('',(215.,-2.6,2.));
#17121=CARTESIAN_POINT('',(215.,-5.,8.));
#17122=CARTESIAN_POINT('',(215.,-5.,0.5));
#17123=CARTESIAN_POINT('',(215.,-3.3,8.));
#17124=CARTESIAN_POINT('',(215.,-5.2,8.));
#17125=CARTESIAN_POINT('',(215.,-3.3,8.));
#17126=CARTESIAN_POINT('Origin',(223.5,-5.2,5.));
#17127=CARTESIAN_POINT('',(219.5,-3.3,1.));
#17128=CARTESIAN_POINT('',(220.,-3.8,1.5));
#17129=CARTESIAN_POINT('',(220.866666666667,-4.66666666666666,2.36666666666666));
#17130=CARTESIAN_POINT('',(223.5,-3.3,5.));
#17131=CARTESIAN_POINT('',(219.5,-3.3,1.));
#17132=CARTESIAN_POINT('',(223.5,-5.2,5.));
#17133=CARTESIAN_POINT('',(223.5,-5.2,5.));
#17134=CARTESIAN_POINT('',(220.,-5.2,1.5));
#17135=CARTESIAN_POINT('',(219.5,-5.2,1.));
#17136=CARTESIAN_POINT('',(220.,-5.2,1.5));
#17137=CARTESIAN_POINT('Origin',(220.5,-5.2,8.));
#17138=CARTESIAN_POINT('',(220.5,-5.2,8.));
#17139=CARTESIAN_POINT('',(223.5,-5.2,5.));
#17140=CARTESIAN_POINT('',(220.5,-3.3,8.));
#17141=CARTESIAN_POINT('',(223.5,-3.3,5.));
#17142=CARTESIAN_POINT('',(220.5,-5.2,8.));
#17143=CARTESIAN_POINT('Origin',(215.8,-4.3,2.));
#17144=CARTESIAN_POINT('',(220.,-3.3,1.));
#17145=CARTESIAN_POINT('',(220.,-4.025,1.725));
#17146=CARTESIAN_POINT('',(217.9,-3.3,1.));
#17147=CARTESIAN_POINT('Origin',(220.,-5.2,0.));
#17148=CARTESIAN_POINT('',(220.,-5.2,0.));
#17149=CARTESIAN_POINT('',(220.,-5.2,0.));
#17150=CARTESIAN_POINT('',(220.,-3.3,0.));
#17151=CARTESIAN_POINT('',(220.,-5.2,0.));
#17152=CARTESIAN_POINT('',(220.,-3.3,0.));
#17153=CARTESIAN_POINT('Origin',(200.,5.3,5.));
#17154=CARTESIAN_POINT('',(197.7,5.3,5.));
#17155=CARTESIAN_POINT('Origin',(200.,5.3,5.));
#17156=CARTESIAN_POINT('',(199.4,7.00000000000001,5.));
#17157=CARTESIAN_POINT('',(197.7,5.3,5.));
#17158=CARTESIAN_POINT('Origin',(200.,7.,5.));
#17159=CARTESIAN_POINT('Origin',(200.5,5.3,1.));
#17160=CARTESIAN_POINT('',(200.,5.3,1.5));
#17161=CARTESIAN_POINT('',(200.,7.,1.5));
#17162=CARTESIAN_POINT('',(200.,6.15,1.5));
#17163=CARTESIAN_POINT('',(196.5,5.3,5.));
#17164=CARTESIAN_POINT('',(196.5,5.3,5.));
#17165=CARTESIAN_POINT('',(196.5,7.,5.));
#17166=CARTESIAN_POINT('',(196.5,5.3,5.));
#17167=CARTESIAN_POINT('',(196.5,7.,5.));
#17168=CARTESIAN_POINT('Origin',(196.5,5.3,5.));
#17169=CARTESIAN_POINT('',(199.5,5.3,8.));
#17170=CARTESIAN_POINT('',(199.5,5.3,8.));
#17171=CARTESIAN_POINT('',(199.5,7.,8.));
#17172=CARTESIAN_POINT('',(199.5,5.3,8.));
#17173=CARTESIAN_POINT('',(199.5,7.,8.));
#17174=CARTESIAN_POINT('Origin',(216.,7.,0.));
#17175=CARTESIAN_POINT('',(216.,7.,8.));
#17176=CARTESIAN_POINT('',(216.,7.,8.));
#17177=CARTESIAN_POINT('',(216.,7.,0.));
#17178=CARTESIAN_POINT('',(216.,7.,0.));
#17179=CARTESIAN_POINT('',(200.,7.,0.));
#17180=CARTESIAN_POINT('',(216.,7.,0.));
#17181=CARTESIAN_POINT('',(200.,7.,0.));
#17182=CARTESIAN_POINT('Origin',(200.,-5.3,5.));
#17183=CARTESIAN_POINT('',(197.7,-5.3,5.));
#17184=CARTESIAN_POINT('Origin',(200.,-5.3,5.));
#17185=CARTESIAN_POINT('',(199.4,-7.00000000000001,5.));
#17186=CARTESIAN_POINT('',(197.7,-5.3,5.));
#17187=CARTESIAN_POINT('Origin',(200.,-7.,5.));
#17188=CARTESIAN_POINT('Origin',(200.5,-7.,1.));
#17189=CARTESIAN_POINT('',(200.,-7.,1.5));
#17190=CARTESIAN_POINT('',(200.,-5.3,1.5));
#17191=CARTESIAN_POINT('',(200.,-6.15,1.5));
#17192=CARTESIAN_POINT('',(196.5,-7.,5.));
#17193=CARTESIAN_POINT('',(196.5,-7.,5.));
#17194=CARTESIAN_POINT('',(196.5,-5.3,5.));
#17195=CARTESIAN_POINT('',(196.5,-7.,5.));
#17196=CARTESIAN_POINT('',(196.5,-5.3,5.));
#17197=CARTESIAN_POINT('Origin',(196.5,-7.,5.));
#17198=CARTESIAN_POINT('',(199.5,-7.,8.));
#17199=CARTESIAN_POINT('',(199.5,-7.,8.));
#17200=CARTESIAN_POINT('',(199.5,-5.3,8.));
#17201=CARTESIAN_POINT('',(199.5,-7.,8.));
#17202=CARTESIAN_POINT('',(199.5,-5.3,8.));
#17203=CARTESIAN_POINT('Origin',(200.,-5.3,0.));
#17204=CARTESIAN_POINT('',(200.,-5.3,0.));
#17205=CARTESIAN_POINT('',(200.,-5.3,0.));
#17206=CARTESIAN_POINT('',(200.,-7.,0.));
#17207=CARTESIAN_POINT('',(200.,-5.3,0.));
#17208=CARTESIAN_POINT('',(200.,-7.,0.));
#17209=CARTESIAN_POINT('Origin',(204.2,-5.3,0.));
#17210=CARTESIAN_POINT('',(204.,-5.3,8.));
#17211=CARTESIAN_POINT('',(204.,-5.3,8.));
#17212=CARTESIAN_POINT('',(204.,-5.3,0.));
#17213=CARTESIAN_POINT('',(204.,-5.3,0.));
#17214=CARTESIAN_POINT('',(204.2,-5.3,0.));
#17215=CARTESIAN_POINT('Origin',(212.,2.5,5.6));
#17216=CARTESIAN_POINT('',(212.,5.,8.));
#17217=CARTESIAN_POINT('',(212.,5.8,8.));
#17218=CARTESIAN_POINT('',(212.,4.25,8.));
#17219=CARTESIAN_POINT('',(212.,5.,2.8));
#17220=CARTESIAN_POINT('',(212.,5.,2.8));
#17221=CARTESIAN_POINT('',(212.,-0.8,8.6));
#17222=CARTESIAN_POINT('',(212.,5.,2.8));
#17223=CARTESIAN_POINT('',(212.,-0.4,9.));
#17224=CARTESIAN_POINT('',(212.,-0.8,8.6));
#17225=CARTESIAN_POINT('',(212.,5.8,9.));
#17226=CARTESIAN_POINT('',(212.,-0.4,9.));
#17227=CARTESIAN_POINT('',(212.,5.8,9.));
#17228=CARTESIAN_POINT('Origin',(212.,5.8,2.2));
#17229=CARTESIAN_POINT('',(216.,5.8,8.));
#17230=CARTESIAN_POINT('',(211.,5.8,8.));
#17231=CARTESIAN_POINT('',(216.,5.8,9.));
#17232=CARTESIAN_POINT('',(212.,5.8,9.));
#17233=CARTESIAN_POINT('',(216.,5.8,9.));
#17234=CARTESIAN_POINT('Origin',(212.,-0.8,8.6));
#17235=CARTESIAN_POINT('',(216.,3.3,4.5));
#17236=CARTESIAN_POINT('',(215.625,3.3,4.5));
#17237=CARTESIAN_POINT('',(216.,-0.8,8.6));
#17238=CARTESIAN_POINT('',(216.,5.,2.8));
#17239=CARTESIAN_POINT('',(212.,-0.8,8.6));
#17240=CARTESIAN_POINT('',(208.,5.,2.8));
#17241=CARTESIAN_POINT('Origin',(212.,-0.4,9.));
#17242=CARTESIAN_POINT('',(216.,-0.4,9.));
#17243=CARTESIAN_POINT('',(216.,-0.8,8.6));
#17244=CARTESIAN_POINT('',(212.,-0.4,9.));
#17245=CARTESIAN_POINT('Origin',(212.,5.8,9.));
#17246=CARTESIAN_POINT('',(216.,-0.4,9.));
#17247=CARTESIAN_POINT('Origin',(216.,-7.,0.));
#17248=CARTESIAN_POINT('',(216.,-7.,0.));
#17249=CARTESIAN_POINT('',(216.,5.,8.));
#17250=CARTESIAN_POINT('',(216.,3.3,2.25));
#17251=CARTESIAN_POINT('Origin',(208.,-2.5,5.6));
#17252=CARTESIAN_POINT('',(208.,-5.,8.));
#17253=CARTESIAN_POINT('',(208.,-5.8,8.));
#17254=CARTESIAN_POINT('',(208.,-4.25,8.));
#17255=CARTESIAN_POINT('',(208.,-5.,2.8));
#17256=CARTESIAN_POINT('',(208.,-5.,2.8));
#17257=CARTESIAN_POINT('',(208.,0.8,8.6));
#17258=CARTESIAN_POINT('',(208.,-5.,2.8));
#17259=CARTESIAN_POINT('',(208.,0.4,9.));
#17260=CARTESIAN_POINT('',(208.,0.8,8.6));
#17261=CARTESIAN_POINT('',(208.,-5.8,9.));
#17262=CARTESIAN_POINT('',(208.,0.4,9.));
#17263=CARTESIAN_POINT('',(208.,-5.8,9.));
#17264=CARTESIAN_POINT('Origin',(204.,0.4,9.));
#17265=CARTESIAN_POINT('',(204.,0.4,9.));
#17266=CARTESIAN_POINT('',(204.,-5.8,9.));
#17267=CARTESIAN_POINT('',(204.,0.4,9.));
#17268=CARTESIAN_POINT('',(204.,-5.8,9.));
#17269=CARTESIAN_POINT('',(204.,0.4,9.));
#17270=CARTESIAN_POINT('Origin',(204.,0.8,8.6));
#17271=CARTESIAN_POINT('',(204.,0.8,8.6));
#17272=CARTESIAN_POINT('',(204.,0.8,8.6));
#17273=CARTESIAN_POINT('',(204.,0.8,8.6));
#17274=CARTESIAN_POINT('Origin',(204.,-5.,2.8));
#17275=CARTESIAN_POINT('',(204.,-5.,2.8));
#17276=CARTESIAN_POINT('',(204.,-5.,2.8));
#17277=CARTESIAN_POINT('',(210.,-5.,2.8));
#17278=CARTESIAN_POINT('Origin',(204.,-5.8,9.));
#17279=CARTESIAN_POINT('',(204.,-5.8,8.));
#17280=CARTESIAN_POINT('',(207.,-5.8,8.));
#17281=CARTESIAN_POINT('',(204.,-5.8,9.));
#17282=CARTESIAN_POINT('Origin',(204.,7.,0.));
#17283=CARTESIAN_POINT('',(204.,5.3,8.));
#17284=CARTESIAN_POINT('',(204.,5.3,0.));
#17285=CARTESIAN_POINT('',(204.,5.3,0.));
#17286=CARTESIAN_POINT('',(204.,7.,0.));
#17287=CARTESIAN_POINT('',(204.,-5.55111512312578E-16,8.));
#17288=CARTESIAN_POINT('',(204.,-5.,2.));
#17289=CARTESIAN_POINT('',(204.,-5.,0.));
#17290=CARTESIAN_POINT('',(204.,5.,2.));
#17291=CARTESIAN_POINT('',(204.,7.,2.));
#17292=CARTESIAN_POINT('',(204.,5.,8.));
#17293=CARTESIAN_POINT('',(204.,5.,0.));
#17294=CARTESIAN_POINT('',(204.,7.,8.));
#17295=CARTESIAN_POINT('Origin',(204.,5.,0.));
#17296=CARTESIAN_POINT('',(204.,5.,8.));
#17297=CARTESIAN_POINT('',(207.,5.,2.));
#17298=CARTESIAN_POINT('Origin',(210.,6.,8.));
#17299=CARTESIAN_POINT('',(204.,5.3,8.));
#17300=CARTESIAN_POINT('Origin',(210.,0.,2.));
#17301=CARTESIAN_POINT('',(213.,-5.,2.));
#17302=CARTESIAN_POINT('',(216.,-3.3,2.));
#17303=CARTESIAN_POINT('',(212.9,-3.3,2.));
#17304=CARTESIAN_POINT('',(216.,3.3,2.));
#17305=CARTESIAN_POINT('',(216.,-7.,2.));
#17306=CARTESIAN_POINT('',(212.9,3.3,2.));
#17307=CARTESIAN_POINT('Origin',(210.,0.,0.));
#17308=CARTESIAN_POINT('',(200.,5.3,0.));
#17309=CARTESIAN_POINT('',(200.,5.3,0.));
#17310=CARTESIAN_POINT('',(200.,7.,0.));
#17311=CARTESIAN_POINT('',(216.,3.3,0.));
#17312=CARTESIAN_POINT('',(215.8,3.3,0.));
#17313=CARTESIAN_POINT('',(216.,-3.3,0.));
#17314=CARTESIAN_POINT('',(216.,-7.,0.));
#17315=CARTESIAN_POINT('',(220.,-3.3,0.));
#17316=CARTESIAN_POINT('',(216.,-5.2,0.));
#17317=CARTESIAN_POINT('',(215.8,-5.2,0.));
#17318=CARTESIAN_POINT('',(216.,-7.,0.));
#17319=CARTESIAN_POINT('',(216.,-7.,0.));
#17320=CARTESIAN_POINT('',(200.,-7.,0.));
#17321=CARTESIAN_POINT('Origin',(216.,-5.,0.));
#17322=CARTESIAN_POINT('',(216.,-5.,8.));
#17323=CARTESIAN_POINT('Origin',(210.,-6.,8.));
#17324=CARTESIAN_POINT('',(216.,-7.,8.));
#17325=CARTESIAN_POINT('',(204.,-7.,8.));
#17326=CARTESIAN_POINT('',(216.,-5.2,8.));
#17327=CARTESIAN_POINT('',(216.,-7.,8.));
#17328=CARTESIAN_POINT('',(220.5,-5.2,8.));
#17329=CARTESIAN_POINT('',(220.5,-3.3,8.));
#17330=CARTESIAN_POINT('Origin',(215.8,3.3,0.));
#17331=CARTESIAN_POINT('',(216.,3.3,0.));
#17332=CARTESIAN_POINT('Origin',(216.,-7.,0.));
#17333=CARTESIAN_POINT('',(216.,-3.3,0.));
#17334=CARTESIAN_POINT('Origin',(204.,-7.,0.));
#17335=CARTESIAN_POINT('',(216.,-7.,0.));
#17336=CARTESIAN_POINT('Origin',(200.,5.3,0.));
#17337=CARTESIAN_POINT('',(200.,5.3,0.));
#17338=CARTESIAN_POINT('Origin',(200.,7.,0.));
#17339=CARTESIAN_POINT('Origin',(220.,-3.3,0.));
#17340=CARTESIAN_POINT('Origin',(215.8,-5.2,0.));
#17341=CARTESIAN_POINT('',(216.,-5.2,0.));
#17342=CARTESIAN_POINT('Origin',(216.,-7.,0.));
#17343=UNCERTAINTY_MEASURE_WITH_UNIT(LENGTH_MEASURE(0.01),#17347,
'DISTANCE_ACCURACY_VALUE',
'Maximum model space distance between geometric entities at asserted c
onnectivities');
#17344=UNCERTAINTY_MEASURE_WITH_UNIT(LENGTH_MEASURE(0.01),#17347,
'DISTANCE_ACCURACY_VALUE',
'Maximum model space distance between geometric entities at asserted c
onnectivities');
#17345=(
GEOMETRIC_REPRESENTATION_CONTEXT(3)
GLOBAL_UNCERTAINTY_ASSIGNED_CONTEXT((#17343))
GLOBAL_UNIT_ASSIGNED_CONTEXT((#17347,#17349,#17350))
REPRESENTATION_CONTEXT('','3D')
);
#17346=(
GEOMETRIC_REPRESENTATION_CONTEXT(3)
GLOBAL_UNCERTAINTY_ASSIGNED_CONTEXT((#17344))
GLOBAL_UNIT_ASSIGNED_CONTEXT((#17347,#17349,#17350))
REPRESENTATION_CONTEXT('','3D')
);
#17347=(
LENGTH_UNIT()
NAMED_UNIT(*)
SI_UNIT(.MILLI.,.METRE.)
);
#17348=(
LENGTH_UNIT()
NAMED_UNIT(*)
SI_UNIT($,.METRE.)
);
#17349=(
NAMED_UNIT(*)
PLANE_ANGLE_UNIT()
SI_UNIT($,.RADIAN.)
);
#17350=(
NAMED_UNIT(*)
SI_UNIT($,.STERADIAN.)
SOLID_ANGLE_UNIT()
);
#17351=SHAPE_DEFINITION_REPRESENTATION(#17352,#17353);
#17352=PRODUCT_DEFINITION_SHAPE('',$,#17355);
#17353=SHAPE_REPRESENTATION('',(#10959),#17345);
#17354=PRODUCT_DEFINITION_CONTEXT('part definition',#17359,'design');
#17355=PRODUCT_DEFINITION('PRINT_SG90_Cable_Carrier',
'PRINT_SG90_Cable_Carrier',#17356,#17354);
#17356=PRODUCT_DEFINITION_FORMATION('',$,#17361);
#17357=PRODUCT_RELATED_PRODUCT_CATEGORY('PRINT_SG90_Cable_Carrier',
'PRINT_SG90_Cable_Carrier',(#17361));
#17358=APPLICATION_PROTOCOL_DEFINITION('international standard',
'automotive_design',2009,#17359);
#17359=APPLICATION_CONTEXT(
'Core Data for Automotive Mechanical Design Process');
#17360=PRODUCT_CONTEXT('part definition',#17359,'mechanical');
#17361=PRODUCT('PRINT_SG90_Cable_Carrier','PRINT_SG90_Cable_Carrier',$,
(#17360));
#17362=PRESENTATION_STYLE_ASSIGNMENT((#17363));
#17363=SURFACE_STYLE_USAGE(.BOTH.,#17364);
#17364=SURFACE_SIDE_STYLE('',(#17365));
#17365=SURFACE_STYLE_FILL_AREA(#17366);
#17366=FILL_AREA_STYLE('\X2\92FC\X0\ - \X2\30B530C630F3\X0\',(#17367));
#17367=FILL_AREA_STYLE_COLOUR('\X2\92FC\X0\ - \X2\30B530C630F3\X0\',#17368);
#17368=COLOUR_RGB('\X2\92FC\X0\ - \X2\30B530C630F3\X0\',0.627450980392157,
0.627450980392157,0.627450980392157);
ENDSEC;
END-ISO-10303-21;
